usubjid,site_id,visitnum,visit,form_name,completed,entered_date
TF-201-101-001,101,1,Screening,Demographics,1,2025-02-25
TF-201-101-001,101,1,Screening,Inclusion/Exclusion,1,2025-03-06
TF-201-101-001,101,1,Screening,Medical History,1,2025-03-04
TF-201-101-001,101,1,Screening,Informed Consent,1,2025-03-05
TF-201-101-001,101,1,Screening,Laboratory,1,2025-02-24
TF-201-101-001,101,2,Baseline,Vital Signs,1,2025-04-12
TF-201-101-001,101,2,Baseline,PASI Score,1,2025-04-17
TF-201-101-001,101,2,Baseline,Laboratory,1,2025-04-10
TF-201-101-001,101,2,Baseline,Randomisation,1,2025-04-12
TF-201-101-001,101,3,Week 4,Vital Signs,1,2025-05-04
TF-201-101-001,101,3,Week 4,PASI Score,1,2025-05-04
TF-201-101-001,101,3,Week 4,Adverse Events,1,2025-05-10
TF-201-101-001,101,4,Week 8,Vital Signs,1,2025-06-12
TF-201-101-001,101,4,Week 8,PASI Score,1,2025-06-13
TF-201-101-001,101,4,Week 8,Laboratory,1,2025-06-19
TF-201-101-001,101,4,Week 8,Adverse Events,1,2025-06-14
TF-201-101-001,101,5,Week 12,Vital Signs,1,2025-07-10
TF-201-101-001,101,5,Week 12,PASI Score,1,2025-07-02
TF-201-101-001,101,5,Week 12,Adverse Events,1,2025-07-09
TF-201-101-001,101,6,Week 16 EOT,Vital Signs,1,2025-08-06
TF-201-101-001,101,6,Week 16 EOT,PASI Score,1,2025-08-02
TF-201-101-001,101,6,Week 16 EOT,Laboratory,1,2025-07-29
TF-201-101-001,101,6,Week 16 EOT,Adverse Events,1,2025-08-03
TF-201-101-001,101,6,Week 16 EOT,End of Treatment,1,2025-08-07
TF-201-101-002,101,1,Screening,Demographics,1,2025-06-03
TF-201-101-002,101,1,Screening,Inclusion/Exclusion,1,2025-06-05
TF-201-101-002,101,1,Screening,Medical History,1,2025-06-09
TF-201-101-002,101,1,Screening,Informed Consent,1,2025-06-06
TF-201-101-002,101,1,Screening,Laboratory,1,2025-06-08
TF-201-101-002,101,2,Baseline,Vital Signs,1,2025-07-14
TF-201-101-002,101,2,Baseline,PASI Score,1,2025-07-13
TF-201-101-002,101,2,Baseline,Laboratory,1,2025-07-07
TF-201-101-002,101,2,Baseline,Randomisation,1,2025-07-14
TF-201-101-002,101,3,Week 4,Vital Signs,1,2025-07-31
TF-201-101-002,101,3,Week 4,PASI Score,1,2025-07-30
TF-201-101-002,101,3,Week 4,Adverse Events,1,2025-07-31
TF-201-101-002,101,4,Week 8,Vital Signs,1,2025-09-01
TF-201-101-002,101,4,Week 8,PASI Score,1,2025-09-08
TF-201-101-002,101,4,Week 8,Laboratory,1,2025-09-09
TF-201-101-002,101,4,Week 8,Adverse Events,1,2025-09-09
TF-201-101-002,101,5,Week 12,Vital Signs,1,2025-10-03
TF-201-101-002,101,5,Week 12,PASI Score,1,2025-09-30
TF-201-101-002,101,5,Week 12,Adverse Events,1,2025-09-28
TF-201-101-002,101,6,Week 16 EOT,Vital Signs,1,2025-10-28
TF-201-101-002,101,6,Week 16 EOT,PASI Score,1,2025-10-25
TF-201-101-002,101,6,Week 16 EOT,Laboratory,1,2025-11-01
TF-201-101-002,101,6,Week 16 EOT,Adverse Events,1,2025-10-26
TF-201-101-002,101,6,Week 16 EOT,End of Treatment,1,2025-10-30
TF-201-101-003,101,1,Screening,Demographics,0,
TF-201-101-003,101,1,Screening,Inclusion/Exclusion,1,2026-03-15
TF-201-101-003,101,1,Screening,Medical History,1,2026-03-18
TF-201-101-003,101,1,Screening,Informed Consent,1,2026-03-15
TF-201-101-003,101,1,Screening,Laboratory,1,2026-03-16
TF-201-101-003,101,2,Baseline,Vital Signs,1,2026-04-16
TF-201-101-003,101,2,Baseline,PASI Score,1,2026-04-11
TF-201-101-003,101,2,Baseline,Laboratory,1,2026-04-10
TF-201-101-003,101,2,Baseline,Randomisation,1,2026-04-13
TF-201-101-003,101,3,Week 4,Vital Signs,1,2026-05-05
TF-201-101-003,101,3,Week 4,PASI Score,1,2026-05-10
TF-201-101-003,101,3,Week 4,Adverse Events,1,2026-05-05
TF-201-101-003,101,4,Week 8,Vital Signs,1,2026-06-07
TF-201-101-003,101,4,Week 8,PASI Score,1,2026-06-03
TF-201-101-003,101,4,Week 8,Laboratory,1,2026-05-29
TF-201-101-003,101,4,Week 8,Adverse Events,1,2026-06-05
TF-201-101-003,101,5,Week 12,Vital Signs,1,2026-07-04
TF-201-101-003,101,5,Week 12,PASI Score,1,2026-07-07
TF-201-101-003,101,5,Week 12,Adverse Events,1,2026-07-07
TF-201-101-003,101,6,Week 16 EOT,Vital Signs,1,2026-08-02
TF-201-101-003,101,6,Week 16 EOT,PASI Score,1,2026-08-02
TF-201-101-003,101,6,Week 16 EOT,Laboratory,1,2026-07-27
TF-201-101-003,101,6,Week 16 EOT,Adverse Events,1,2026-08-03
TF-201-101-003,101,6,Week 16 EOT,End of Treatment,1,2026-07-24
TF-201-101-004,101,1,Screening,Demographics,1,2026-05-24
TF-201-101-004,101,1,Screening,Inclusion/Exclusion,1,2026-05-26
TF-201-101-004,101,1,Screening,Medical History,1,2026-05-24
TF-201-101-004,101,1,Screening,Informed Consent,1,2026-05-19
TF-201-101-004,101,1,Screening,Laboratory,1,2026-05-23
TF-201-101-004,101,2,Baseline,Vital Signs,1,2026-06-20
TF-201-101-004,101,2,Baseline,PASI Score,1,2026-06-12
TF-201-101-004,101,2,Baseline,Laboratory,1,2026-06-14
TF-201-101-004,101,2,Baseline,Randomisation,1,2026-06-14
TF-201-101-004,101,3,Week 4,Vital Signs,1,2026-07-18
TF-201-101-004,101,3,Week 4,PASI Score,1,2026-07-19
TF-201-101-004,101,3,Week 4,Adverse Events,1,2026-07-19
TF-201-101-004,101,4,Week 8,Vital Signs,1,2026-08-05
TF-201-101-004,101,4,Week 8,PASI Score,1,2026-08-12
TF-201-101-004,101,4,Week 8,Laboratory,1,2026-08-12
TF-201-101-004,101,4,Week 8,Adverse Events,1,2026-08-13
TF-201-101-004,101,5,Week 12,Vital Signs,1,2026-09-01
TF-201-101-004,101,5,Week 12,PASI Score,1,2026-08-31
TF-201-101-004,101,5,Week 12,Adverse Events,1,2026-09-06
TF-201-101-005,101,1,Screening,Demographics,1,2025-04-03
TF-201-101-005,101,1,Screening,Inclusion/Exclusion,1,2025-04-09
TF-201-101-005,101,1,Screening,Medical History,1,2025-04-07
TF-201-101-005,101,1,Screening,Informed Consent,1,2025-04-03
TF-201-101-005,101,1,Screening,Laboratory,1,2025-04-05
TF-201-101-005,101,2,Baseline,Vital Signs,1,2025-04-19
TF-201-101-005,101,2,Baseline,PASI Score,1,2025-04-19
TF-201-101-005,101,2,Baseline,Laboratory,1,2025-04-19
TF-201-101-005,101,2,Baseline,Randomisation,0,
TF-201-101-005,101,3,Week 4,Vital Signs,1,2025-05-24
TF-201-101-005,101,3,Week 4,PASI Score,1,2025-05-16
TF-201-101-005,101,3,Week 4,Adverse Events,1,2025-05-20
TF-201-101-005,101,4,Week 8,Vital Signs,1,2025-06-14
TF-201-101-005,101,4,Week 8,PASI Score,1,2025-06-11
TF-201-101-005,101,4,Week 8,Laboratory,1,2025-06-13
TF-201-101-005,101,4,Week 8,Adverse Events,1,2025-06-15
TF-201-101-005,101,5,Week 12,Vital Signs,1,2025-07-13
TF-201-101-005,101,5,Week 12,PASI Score,1,2025-07-18
TF-201-101-005,101,5,Week 12,Adverse Events,1,2025-07-16
TF-201-101-005,101,6,Week 16 EOT,Vital Signs,1,2025-08-13
TF-201-101-005,101,6,Week 16 EOT,PASI Score,1,2025-08-16
TF-201-101-005,101,6,Week 16 EOT,Laboratory,1,2025-08-12
TF-201-101-005,101,6,Week 16 EOT,Adverse Events,1,2025-08-12
TF-201-101-005,101,6,Week 16 EOT,End of Treatment,1,2025-08-08
TF-201-101-006,101,1,Screening,Demographics,1,2026-03-22
TF-201-101-006,101,1,Screening,Inclusion/Exclusion,1,2026-03-28
TF-201-101-006,101,1,Screening,Medical History,1,2026-03-31
TF-201-101-006,101,1,Screening,Informed Consent,1,2026-03-24
TF-201-101-006,101,1,Screening,Laboratory,1,2026-03-29
TF-201-101-006,101,2,Baseline,Vital Signs,1,2026-04-29
TF-201-101-006,101,2,Baseline,PASI Score,1,2026-04-26
TF-201-101-006,101,2,Baseline,Laboratory,1,2026-05-06
TF-201-101-006,101,2,Baseline,Randomisation,1,2026-05-06
TF-201-101-006,101,3,Week 4,Vital Signs,1,2026-06-03
TF-201-101-006,101,3,Week 4,PASI Score,1,2026-05-30
TF-201-101-006,101,3,Week 4,Adverse Events,1,2026-05-26
TF-201-101-006,101,4,Week 8,Vital Signs,1,2026-06-27
TF-201-101-006,101,4,Week 8,PASI Score,1,2026-06-21
TF-201-101-006,101,4,Week 8,Laboratory,1,2026-06-30
TF-201-101-006,101,4,Week 8,Adverse Events,1,2026-06-25
TF-201-101-006,101,5,Week 12,Vital Signs,1,2026-07-22
TF-201-101-006,101,5,Week 12,PASI Score,1,2026-07-21
TF-201-101-006,101,5,Week 12,Adverse Events,1,2026-07-22
TF-201-101-006,101,6,Week 16 EOT,Vital Signs,1,2026-08-21
TF-201-101-006,101,6,Week 16 EOT,PASI Score,1,2026-08-21
TF-201-101-006,101,6,Week 16 EOT,Laboratory,1,2026-08-12
TF-201-101-006,101,6,Week 16 EOT,Adverse Events,1,2026-08-18
TF-201-101-006,101,6,Week 16 EOT,End of Treatment,1,2026-08-15
TF-201-101-007,101,1,Screening,Demographics,1,2025-05-18
TF-201-101-007,101,1,Screening,Inclusion/Exclusion,1,2025-05-25
TF-201-101-007,101,1,Screening,Medical History,1,2025-05-16
TF-201-101-007,101,1,Screening,Informed Consent,1,2025-05-26
TF-201-101-007,101,1,Screening,Laboratory,1,2025-05-26
TF-201-101-007,101,2,Baseline,Vital Signs,1,2025-06-26
TF-201-101-007,101,2,Baseline,PASI Score,1,2025-06-27
TF-201-101-007,101,2,Baseline,Laboratory,1,2025-06-21
TF-201-101-007,101,2,Baseline,Randomisation,1,2025-06-17
TF-201-101-007,101,3,Week 4,Vital Signs,1,2025-07-19
TF-201-101-007,101,3,Week 4,PASI Score,1,2025-07-17
TF-201-101-007,101,3,Week 4,Adverse Events,1,2025-07-17
TF-201-101-007,101,4,Week 8,Vital Signs,1,2025-08-16
TF-201-101-007,101,4,Week 8,PASI Score,1,2025-08-13
TF-201-101-007,101,4,Week 8,Laboratory,0,
TF-201-101-007,101,4,Week 8,Adverse Events,1,2025-08-16
TF-201-101-007,101,5,Week 12,Vital Signs,1,2025-09-12
TF-201-101-007,101,5,Week 12,PASI Score,1,2025-09-05
TF-201-101-007,101,5,Week 12,Adverse Events,1,2025-09-16
TF-201-101-007,101,6,Week 16 EOT,Vital Signs,1,2025-10-23
TF-201-101-007,101,6,Week 16 EOT,PASI Score,1,2025-10-14
TF-201-101-007,101,6,Week 16 EOT,Laboratory,1,2025-10-24
TF-201-101-007,101,6,Week 16 EOT,Adverse Events,1,2025-10-13
TF-201-101-007,101,6,Week 16 EOT,End of Treatment,1,2025-10-21
TF-201-101-008,101,1,Screening,Demographics,1,2025-07-05
TF-201-101-008,101,1,Screening,Inclusion/Exclusion,1,2025-06-26
TF-201-101-008,101,1,Screening,Medical History,0,
TF-201-101-008,101,1,Screening,Informed Consent,1,2025-06-29
TF-201-101-008,101,1,Screening,Laboratory,1,2025-06-24
TF-201-101-008,101,2,Baseline,Vital Signs,1,2025-08-13
TF-201-101-008,101,2,Baseline,PASI Score,1,2025-08-09
TF-201-101-008,101,2,Baseline,Laboratory,1,2025-08-07
TF-201-101-008,101,2,Baseline,Randomisation,1,2025-08-04
TF-201-101-008,101,3,Week 4,Vital Signs,1,2025-09-05
TF-201-101-008,101,3,Week 4,PASI Score,1,2025-09-10
TF-201-101-008,101,3,Week 4,Adverse Events,1,2025-09-04
TF-201-101-008,101,4,Week 8,Vital Signs,1,2025-10-02
TF-201-101-008,101,4,Week 8,PASI Score,1,2025-10-04
TF-201-101-008,101,4,Week 8,Laboratory,1,2025-10-08
TF-201-101-008,101,4,Week 8,Adverse Events,1,2025-10-03
TF-201-101-008,101,5,Week 12,Vital Signs,1,2025-10-29
TF-201-101-008,101,5,Week 12,PASI Score,1,2025-11-01
TF-201-101-008,101,5,Week 12,Adverse Events,1,2025-11-04
TF-201-101-008,101,6,Week 16 EOT,Vital Signs,1,2025-12-06
TF-201-101-008,101,6,Week 16 EOT,PASI Score,1,2025-12-03
TF-201-101-008,101,6,Week 16 EOT,Laboratory,0,
TF-201-101-008,101,6,Week 16 EOT,Adverse Events,1,2025-12-03
TF-201-101-008,101,6,Week 16 EOT,End of Treatment,1,2025-12-04
TF-201-101-009,101,1,Screening,Demographics,1,2025-09-19
TF-201-101-009,101,1,Screening,Inclusion/Exclusion,1,2025-09-18
TF-201-101-009,101,1,Screening,Medical History,1,2025-09-16
TF-201-101-009,101,1,Screening,Informed Consent,1,2025-09-24
TF-201-101-009,101,1,Screening,Laboratory,1,2025-09-17
TF-201-101-009,101,2,Baseline,Vital Signs,1,2025-10-07
TF-201-101-009,101,2,Baseline,PASI Score,1,2025-10-08
TF-201-101-009,101,2,Baseline,Laboratory,1,2025-09-29
TF-201-101-009,101,2,Baseline,Randomisation,1,2025-10-06
TF-201-101-009,101,3,Week 4,Vital Signs,1,2025-11-05
TF-201-101-009,101,3,Week 4,PASI Score,1,2025-10-30
TF-201-101-009,101,3,Week 4,Adverse Events,1,2025-11-04
TF-201-101-009,101,4,Week 8,Vital Signs,1,2025-12-02
TF-201-101-009,101,4,Week 8,PASI Score,1,2025-11-27
TF-201-101-009,101,4,Week 8,Laboratory,1,2025-11-24
TF-201-101-009,101,4,Week 8,Adverse Events,1,2025-11-22
TF-201-101-009,101,5,Week 12,Vital Signs,1,2025-12-28
TF-201-101-009,101,5,Week 12,PASI Score,1,2025-12-30
TF-201-101-009,101,5,Week 12,Adverse Events,1,2025-12-26
TF-201-101-009,101,6,Week 16 EOT,Vital Signs,0,
TF-201-101-009,101,6,Week 16 EOT,PASI Score,1,2026-01-19
TF-201-101-009,101,6,Week 16 EOT,Laboratory,1,2026-01-22
TF-201-101-009,101,6,Week 16 EOT,Adverse Events,1,2026-01-25
TF-201-101-009,101,6,Week 16 EOT,End of Treatment,1,2026-01-26
TF-201-101-010,101,1,Screening,Demographics,1,2026-02-05
TF-201-101-010,101,1,Screening,Inclusion/Exclusion,1,2026-01-31
TF-201-101-010,101,1,Screening,Medical History,1,2026-01-30
TF-201-101-010,101,1,Screening,Informed Consent,1,2026-02-08
TF-201-101-010,101,1,Screening,Laboratory,1,2026-02-01
TF-201-101-010,101,2,Baseline,Vital Signs,1,2026-03-14
TF-201-101-010,101,2,Baseline,PASI Score,1,2026-03-13
TF-201-101-010,101,2,Baseline,Laboratory,1,2026-03-09
TF-201-101-010,101,2,Baseline,Randomisation,1,2026-03-10
TF-201-101-010,101,3,Week 4,Vital Signs,1,2026-04-13
TF-201-101-010,101,3,Week 4,PASI Score,1,2026-04-08
TF-201-101-010,101,3,Week 4,Adverse Events,1,2026-04-09
TF-201-101-010,101,4,Week 8,Vital Signs,1,2026-04-30
TF-201-101-010,101,4,Week 8,PASI Score,1,2026-04-30
TF-201-101-010,101,4,Week 8,Laboratory,1,2026-05-02
TF-201-101-010,101,4,Week 8,Adverse Events,1,2026-05-06
TF-201-101-010,101,5,Week 12,Vital Signs,1,2026-06-03
TF-201-101-010,101,5,Week 12,PASI Score,1,2026-06-02
TF-201-101-010,101,5,Week 12,Adverse Events,1,2026-06-04
TF-201-101-010,101,6,Week 16 EOT,Vital Signs,1,2026-07-10
TF-201-101-010,101,6,Week 16 EOT,PASI Score,1,2026-07-02
TF-201-101-010,101,6,Week 16 EOT,Laboratory,1,2026-06-30
TF-201-101-010,101,6,Week 16 EOT,Adverse Events,1,2026-07-06
TF-201-101-010,101,6,Week 16 EOT,End of Treatment,1,2026-07-03
TF-201-101-011,101,1,Screening,Demographics,1,2025-12-19
TF-201-101-011,101,1,Screening,Inclusion/Exclusion,1,2025-12-28
TF-201-101-011,101,1,Screening,Medical History,1,2025-12-25
TF-201-101-011,101,1,Screening,Informed Consent,1,2025-12-26
TF-201-101-011,101,1,Screening,Laboratory,1,2025-12-20
TF-201-101-011,101,2,Baseline,Vital Signs,1,2026-01-27
TF-201-101-011,101,2,Baseline,PASI Score,1,2026-02-02
TF-201-101-011,101,2,Baseline,Laboratory,1,2026-01-25
TF-201-101-011,101,2,Baseline,Randomisation,1,2026-01-30
TF-201-101-011,101,3,Week 4,Vital Signs,1,2026-02-19
TF-201-101-011,101,3,Week 4,PASI Score,1,2026-02-19
TF-201-101-011,101,3,Week 4,Adverse Events,1,2026-02-21
TF-201-101-011,101,4,Week 8,Vital Signs,1,2026-03-29
TF-201-101-011,101,4,Week 8,PASI Score,1,2026-03-25
TF-201-101-011,101,4,Week 8,Laboratory,1,2026-03-27
TF-201-101-011,101,4,Week 8,Adverse Events,1,2026-03-24
TF-201-101-011,101,5,Week 12,Vital Signs,1,2026-04-19
TF-201-101-011,101,5,Week 12,PASI Score,1,2026-04-20
TF-201-101-011,101,5,Week 12,Adverse Events,1,2026-04-19
TF-201-101-011,101,6,Week 16 EOT,Vital Signs,1,2026-05-17
TF-201-101-011,101,6,Week 16 EOT,PASI Score,1,2026-05-26
TF-201-101-011,101,6,Week 16 EOT,Laboratory,1,2026-05-20
TF-201-101-011,101,6,Week 16 EOT,Adverse Events,1,2026-05-27
TF-201-101-011,101,6,Week 16 EOT,End of Treatment,1,2026-05-27
TF-201-101-012,101,1,Screening,Demographics,1,2025-01-31
TF-201-101-012,101,1,Screening,Inclusion/Exclusion,1,2025-01-24
TF-201-101-012,101,1,Screening,Medical History,1,2025-01-28
TF-201-101-012,101,1,Screening,Informed Consent,1,2025-01-29
TF-201-101-012,101,1,Screening,Laboratory,1,2025-01-25
TF-201-101-012,101,2,Baseline,Vital Signs,1,2025-03-06
TF-201-101-012,101,2,Baseline,PASI Score,1,2025-03-06
TF-201-101-012,101,2,Baseline,Laboratory,1,2025-03-15
TF-201-101-012,101,2,Baseline,Randomisation,1,2025-03-06
TF-201-101-012,101,3,Week 4,Vital Signs,1,2025-04-08
TF-201-101-012,101,3,Week 4,PASI Score,1,2025-04-09
TF-201-101-012,101,3,Week 4,Adverse Events,1,2025-04-02
TF-201-101-012,101,4,Week 8,Vital Signs,1,2025-05-02
TF-201-101-012,101,4,Week 8,PASI Score,1,2025-04-30
TF-201-101-012,101,4,Week 8,Laboratory,1,2025-04-29
TF-201-101-012,101,4,Week 8,Adverse Events,1,2025-05-10
TF-201-101-012,101,5,Week 12,Vital Signs,1,2025-05-26
TF-201-101-012,101,5,Week 12,PASI Score,1,2025-06-01
TF-201-101-012,101,5,Week 12,Adverse Events,1,2025-06-03
TF-201-101-012,101,6,Week 16 EOT,Vital Signs,1,2025-06-26
TF-201-101-012,101,6,Week 16 EOT,PASI Score,1,2025-06-25
TF-201-101-012,101,6,Week 16 EOT,Laboratory,1,2025-06-23
TF-201-101-012,101,6,Week 16 EOT,Adverse Events,1,2025-06-30
TF-201-101-012,101,6,Week 16 EOT,End of Treatment,1,2025-06-29
TF-201-101-013,101,1,Screening,Demographics,1,2025-04-04
TF-201-101-013,101,1,Screening,Inclusion/Exclusion,1,2025-03-31
TF-201-101-013,101,1,Screening,Medical History,1,2025-04-06
TF-201-101-013,101,1,Screening,Informed Consent,1,2025-03-31
TF-201-101-013,101,1,Screening,Laboratory,1,2025-04-01
TF-201-101-013,101,2,Baseline,Vital Signs,1,2025-05-03
TF-201-101-013,101,2,Baseline,PASI Score,1,2025-05-02
TF-201-101-013,101,2,Baseline,Laboratory,1,2025-05-07
TF-201-101-013,101,2,Baseline,Randomisation,1,2025-05-07
TF-201-101-013,101,3,Week 4,Vital Signs,1,2025-06-04
TF-201-101-013,101,3,Week 4,PASI Score,1,2025-05-29
TF-201-101-013,101,3,Week 4,Adverse Events,1,2025-06-06
TF-201-101-013,101,4,Week 8,Vital Signs,1,2025-07-07
TF-201-101-013,101,4,Week 8,PASI Score,1,2025-07-03
TF-201-101-013,101,4,Week 8,Laboratory,1,2025-06-29
TF-201-101-013,101,4,Week 8,Adverse Events,1,2025-06-29
TF-201-101-013,101,5,Week 12,Vital Signs,1,2025-08-04
TF-201-101-013,101,5,Week 12,PASI Score,1,2025-07-29
TF-201-101-013,101,5,Week 12,Adverse Events,1,2025-07-25
TF-201-101-013,101,6,Week 16 EOT,Vital Signs,1,2025-09-01
TF-201-101-013,101,6,Week 16 EOT,PASI Score,1,2025-08-31
TF-201-101-013,101,6,Week 16 EOT,Laboratory,1,2025-08-31
TF-201-101-013,101,6,Week 16 EOT,Adverse Events,1,2025-08-26
TF-201-101-013,101,6,Week 16 EOT,End of Treatment,1,2025-08-29
TF-201-101-014,101,1,Screening,Demographics,1,2026-02-13
TF-201-101-014,101,1,Screening,Inclusion/Exclusion,1,2026-02-12
TF-201-101-014,101,1,Screening,Medical History,1,2026-02-17
TF-201-101-014,101,1,Screening,Informed Consent,1,2026-02-13
TF-201-101-014,101,1,Screening,Laboratory,1,2026-02-16
TF-201-101-014,101,2,Baseline,Vital Signs,1,2026-03-13
TF-201-101-014,101,2,Baseline,PASI Score,1,2026-03-03
TF-201-101-014,101,2,Baseline,Laboratory,1,2026-03-13
TF-201-101-014,101,2,Baseline,Randomisation,1,2026-03-03
TF-201-101-014,101,3,Week 4,Vital Signs,1,2026-04-05
TF-201-101-014,101,3,Week 4,PASI Score,1,2026-04-08
TF-201-101-014,101,3,Week 4,Adverse Events,1,2026-04-05
TF-201-101-014,101,4,Week 8,Vital Signs,1,2026-05-09
TF-201-101-014,101,4,Week 8,PASI Score,1,2026-05-02
TF-201-101-014,101,4,Week 8,Laboratory,1,2026-05-01
TF-201-101-014,101,4,Week 8,Adverse Events,1,2026-05-07
TF-201-101-014,101,5,Week 12,Vital Signs,1,2026-06-03
TF-201-101-014,101,5,Week 12,PASI Score,1,2026-05-27
TF-201-101-014,101,5,Week 12,Adverse Events,1,2026-05-28
TF-201-101-014,101,6,Week 16 EOT,Vital Signs,1,2026-07-08
TF-201-101-014,101,6,Week 16 EOT,PASI Score,1,2026-07-11
TF-201-101-014,101,6,Week 16 EOT,Laboratory,1,2026-07-11
TF-201-101-014,101,6,Week 16 EOT,Adverse Events,1,2026-07-03
TF-201-101-014,101,6,Week 16 EOT,End of Treatment,1,2026-07-10
TF-201-101-015,101,1,Screening,Demographics,1,2025-04-09
TF-201-101-015,101,1,Screening,Inclusion/Exclusion,1,2025-04-17
TF-201-101-015,101,1,Screening,Medical History,1,2025-04-11
TF-201-101-015,101,1,Screening,Informed Consent,1,2025-04-11
TF-201-101-015,101,1,Screening,Laboratory,1,2025-04-13
TF-201-101-015,101,2,Baseline,Vital Signs,1,2025-05-18
TF-201-101-015,101,2,Baseline,PASI Score,1,2025-05-18
TF-201-101-015,101,2,Baseline,Laboratory,1,2025-05-24
TF-201-101-015,101,2,Baseline,Randomisation,1,2025-05-25
TF-201-101-015,101,3,Week 4,Vital Signs,1,2025-06-26
TF-201-101-015,101,3,Week 4,PASI Score,1,2025-06-19
TF-201-101-015,101,3,Week 4,Adverse Events,1,2025-06-18
TF-201-101-015,101,4,Week 8,Vital Signs,0,
TF-201-101-015,101,4,Week 8,PASI Score,1,2025-07-14
TF-201-101-015,101,4,Week 8,Laboratory,1,2025-07-12
TF-201-101-015,101,4,Week 8,Adverse Events,1,2025-07-14
TF-201-101-015,101,5,Week 12,Vital Signs,1,2025-08-11
TF-201-101-015,101,5,Week 12,PASI Score,1,2025-08-05
TF-201-101-015,101,5,Week 12,Adverse Events,1,2025-08-09
TF-201-101-015,101,6,Week 16 EOT,Vital Signs,1,2025-09-18
TF-201-101-015,101,6,Week 16 EOT,PASI Score,1,2025-09-10
TF-201-101-015,101,6,Week 16 EOT,Laboratory,1,2025-09-16
TF-201-101-015,101,6,Week 16 EOT,Adverse Events,1,2025-09-18
TF-201-101-015,101,6,Week 16 EOT,End of Treatment,1,2025-09-16
TF-201-101-016,101,1,Screening,Demographics,1,2025-11-18
TF-201-101-016,101,1,Screening,Inclusion/Exclusion,1,2025-11-15
TF-201-101-016,101,1,Screening,Medical History,1,2025-11-15
TF-201-101-016,101,1,Screening,Informed Consent,1,2025-11-10
TF-201-101-016,101,1,Screening,Laboratory,1,2025-11-17
TF-201-101-016,101,2,Baseline,Vital Signs,1,2025-12-13
TF-201-101-016,101,2,Baseline,PASI Score,0,
TF-201-101-016,101,2,Baseline,Laboratory,1,2025-12-11
TF-201-101-016,101,2,Baseline,Randomisation,1,2025-12-19
TF-201-101-016,101,3,Week 4,Vital Signs,1,2026-01-07
TF-201-101-016,101,3,Week 4,PASI Score,1,2026-01-11
TF-201-101-016,101,3,Week 4,Adverse Events,1,2026-01-08
TF-201-101-016,101,4,Week 8,Vital Signs,1,2026-02-08
TF-201-101-016,101,4,Week 8,PASI Score,1,2026-02-15
TF-201-101-016,101,4,Week 8,Laboratory,1,2026-02-04
TF-201-101-016,101,4,Week 8,Adverse Events,1,2026-02-15
TF-201-101-016,101,5,Week 12,Vital Signs,1,2026-03-10
TF-201-101-016,101,5,Week 12,PASI Score,1,2026-03-12
TF-201-101-016,101,5,Week 12,Adverse Events,1,2026-03-07
TF-201-101-016,101,6,Week 16 EOT,Vital Signs,1,2026-04-08
TF-201-101-016,101,6,Week 16 EOT,PASI Score,1,2026-04-08
TF-201-101-016,101,6,Week 16 EOT,Laboratory,1,2026-04-01
TF-201-101-016,101,6,Week 16 EOT,Adverse Events,1,2026-04-09
TF-201-101-016,101,6,Week 16 EOT,End of Treatment,1,2026-04-10
TF-201-101-017,101,1,Screening,Demographics,1,2025-03-13
TF-201-101-017,101,1,Screening,Inclusion/Exclusion,1,2025-03-13
TF-201-101-017,101,1,Screening,Medical History,1,2025-03-13
TF-201-101-017,101,1,Screening,Informed Consent,1,2025-03-12
TF-201-101-017,101,1,Screening,Laboratory,1,2025-03-12
TF-201-101-017,101,2,Baseline,Vital Signs,1,2025-03-26
TF-201-101-017,101,2,Baseline,PASI Score,1,2025-03-27
TF-201-101-017,101,2,Baseline,Laboratory,1,2025-04-01
TF-201-101-017,101,2,Baseline,Randomisation,1,2025-04-05
TF-201-101-017,101,3,Week 4,Vital Signs,1,2025-04-22
TF-201-101-017,101,3,Week 4,PASI Score,1,2025-04-22
TF-201-101-017,101,3,Week 4,Adverse Events,1,2025-04-29
TF-201-101-017,101,4,Week 8,Vital Signs,1,2025-05-28
TF-201-101-017,101,4,Week 8,PASI Score,1,2025-05-27
TF-201-101-017,101,4,Week 8,Laboratory,1,2025-05-31
TF-201-101-017,101,4,Week 8,Adverse Events,1,2025-05-28
TF-201-101-017,101,5,Week 12,Vital Signs,1,2025-06-23
TF-201-101-017,101,5,Week 12,PASI Score,1,2025-06-22
TF-201-101-017,101,5,Week 12,Adverse Events,1,2025-06-20
TF-201-101-017,101,6,Week 16 EOT,Vital Signs,1,2025-07-21
TF-201-101-017,101,6,Week 16 EOT,PASI Score,1,2025-07-17
TF-201-101-017,101,6,Week 16 EOT,Laboratory,1,2025-07-23
TF-201-101-017,101,6,Week 16 EOT,Adverse Events,1,2025-07-21
TF-201-101-017,101,6,Week 16 EOT,End of Treatment,1,2025-07-17
TF-201-101-018,101,1,Screening,Demographics,1,2025-10-02
TF-201-101-018,101,1,Screening,Inclusion/Exclusion,1,2025-10-06
TF-201-101-018,101,1,Screening,Medical History,1,2025-10-10
TF-201-101-018,101,1,Screening,Informed Consent,1,2025-10-07
TF-201-101-018,101,1,Screening,Laboratory,1,2025-10-10
TF-201-101-018,101,2,Baseline,Vital Signs,1,2025-11-15
TF-201-101-018,101,2,Baseline,PASI Score,1,2025-11-15
TF-201-101-018,101,2,Baseline,Laboratory,1,2025-11-17
TF-201-101-018,101,2,Baseline,Randomisation,1,2025-11-07
TF-201-101-018,101,3,Week 4,Vital Signs,1,2025-12-17
TF-201-101-018,101,3,Week 4,PASI Score,1,2025-12-11
TF-201-101-018,101,3,Week 4,Adverse Events,1,2025-12-17
TF-201-101-018,101,4,Week 8,Vital Signs,1,2026-01-04
TF-201-101-018,101,4,Week 8,PASI Score,1,2025-12-30
TF-201-101-018,101,4,Week 8,Laboratory,1,2026-01-10
TF-201-101-018,101,4,Week 8,Adverse Events,1,2025-12-30
TF-201-101-018,101,5,Week 12,Vital Signs,1,2026-01-29
TF-201-101-018,101,5,Week 12,PASI Score,1,2026-01-29
TF-201-101-018,101,5,Week 12,Adverse Events,1,2026-01-22
TF-201-101-018,101,6,Week 16 EOT,Vital Signs,1,2026-03-19
TF-201-101-018,101,6,Week 16 EOT,PASI Score,1,2026-03-15
TF-201-101-018,101,6,Week 16 EOT,Laboratory,1,2026-03-25
TF-201-101-018,101,6,Week 16 EOT,Adverse Events,1,2026-03-22
TF-201-101-018,101,6,Week 16 EOT,End of Treatment,1,2026-03-15
TF-201-101-019,101,1,Screening,Demographics,1,2025-06-22
TF-201-101-019,101,1,Screening,Inclusion/Exclusion,1,2025-06-25
TF-201-101-019,101,1,Screening,Medical History,1,2025-06-26
TF-201-101-019,101,1,Screening,Informed Consent,1,2025-06-26
TF-201-101-019,101,1,Screening,Laboratory,1,2025-06-23
TF-201-101-019,101,2,Baseline,Vital Signs,1,2025-07-09
TF-201-101-019,101,2,Baseline,PASI Score,1,2025-07-12
TF-201-101-019,101,2,Baseline,Laboratory,1,2025-07-09
TF-201-101-019,101,2,Baseline,Randomisation,1,2025-07-15
TF-201-101-019,101,3,Week 4,Vital Signs,1,2025-08-13
TF-201-101-019,101,3,Week 4,PASI Score,1,2025-08-14
TF-201-101-019,101,3,Week 4,Adverse Events,1,2025-08-13
TF-201-101-019,101,4,Week 8,Vital Signs,1,2025-09-16
TF-201-101-019,101,4,Week 8,PASI Score,1,2025-09-09
TF-201-101-019,101,4,Week 8,Laboratory,1,2025-09-11
TF-201-101-019,101,4,Week 8,Adverse Events,1,2025-09-14
TF-201-101-019,101,5,Week 12,Vital Signs,1,2025-10-08
TF-201-101-019,101,5,Week 12,PASI Score,1,2025-10-01
TF-201-101-019,101,5,Week 12,Adverse Events,1,2025-10-10
TF-201-101-019,101,6,Week 16 EOT,Vital Signs,1,2025-10-26
TF-201-101-019,101,6,Week 16 EOT,PASI Score,1,2025-10-26
TF-201-101-019,101,6,Week 16 EOT,Laboratory,1,2025-10-25
TF-201-101-019,101,6,Week 16 EOT,Adverse Events,1,2025-11-01
TF-201-101-019,101,6,Week 16 EOT,End of Treatment,1,2025-11-01
TF-201-101-020,101,1,Screening,Demographics,1,2025-06-08
TF-201-101-020,101,1,Screening,Inclusion/Exclusion,1,2025-06-15
TF-201-101-020,101,1,Screening,Medical History,1,2025-06-07
TF-201-101-020,101,1,Screening,Informed Consent,1,2025-06-10
TF-201-101-020,101,1,Screening,Laboratory,0,
TF-201-101-020,101,2,Baseline,Vital Signs,1,2025-07-23
TF-201-101-020,101,2,Baseline,PASI Score,1,2025-07-16
TF-201-101-020,101,2,Baseline,Laboratory,1,2025-07-20
TF-201-101-020,101,2,Baseline,Randomisation,1,2025-07-26
TF-201-101-020,101,3,Week 4,Vital Signs,1,2025-08-18
TF-201-101-020,101,3,Week 4,PASI Score,1,2025-08-21
TF-201-101-020,101,3,Week 4,Adverse Events,1,2025-08-20
TF-201-101-020,101,4,Week 8,Vital Signs,0,
TF-201-101-020,101,4,Week 8,PASI Score,1,2025-09-15
TF-201-101-020,101,4,Week 8,Laboratory,1,2025-09-14
TF-201-101-020,101,4,Week 8,Adverse Events,1,2025-09-13
TF-201-101-020,101,5,Week 12,Vital Signs,1,2025-10-07
TF-201-101-020,101,5,Week 12,PASI Score,1,2025-10-10
TF-201-101-020,101,5,Week 12,Adverse Events,1,2025-10-05
TF-201-101-020,101,6,Week 16 EOT,Vital Signs,1,2025-11-16
TF-201-101-020,101,6,Week 16 EOT,PASI Score,1,2025-11-19
TF-201-101-020,101,6,Week 16 EOT,Laboratory,1,2025-11-17
TF-201-101-020,101,6,Week 16 EOT,Adverse Events,1,2025-11-15
TF-201-101-020,101,6,Week 16 EOT,End of Treatment,1,2025-11-13
TF-201-101-021,101,1,Screening,Demographics,1,2026-01-25
TF-201-101-021,101,1,Screening,Inclusion/Exclusion,1,2026-01-16
TF-201-101-021,101,1,Screening,Medical History,1,2026-01-18
TF-201-101-021,101,1,Screening,Informed Consent,1,2026-01-16
TF-201-101-021,101,1,Screening,Laboratory,1,2026-01-24
TF-201-101-021,101,2,Baseline,Vital Signs,1,2026-02-08
TF-201-101-021,101,2,Baseline,PASI Score,1,2026-02-14
TF-201-101-021,101,2,Baseline,Laboratory,1,2026-02-14
TF-201-101-021,101,2,Baseline,Randomisation,1,2026-02-08
TF-201-101-021,101,3,Week 4,Vital Signs,1,2026-02-25
TF-201-101-021,101,3,Week 4,PASI Score,1,2026-03-02
TF-201-101-021,101,3,Week 4,Adverse Events,1,2026-03-06
TF-201-101-021,101,4,Week 8,Vital Signs,1,2026-04-02
TF-201-101-021,101,4,Week 8,PASI Score,0,
TF-201-101-021,101,4,Week 8,Laboratory,1,2026-04-01
TF-201-101-021,101,4,Week 8,Adverse Events,1,2026-04-12
TF-201-101-021,101,5,Week 12,Vital Signs,1,2026-04-30
TF-201-101-021,101,5,Week 12,PASI Score,1,2026-05-04
TF-201-101-021,101,5,Week 12,Adverse Events,1,2026-05-08
TF-201-101-021,101,6,Week 16 EOT,Vital Signs,1,2026-05-29
TF-201-101-021,101,6,Week 16 EOT,PASI Score,1,2026-05-28
TF-201-101-021,101,6,Week 16 EOT,Laboratory,1,2026-05-26
TF-201-101-021,101,6,Week 16 EOT,Adverse Events,1,2026-05-27
TF-201-101-021,101,6,Week 16 EOT,End of Treatment,1,2026-06-05
TF-201-101-022,101,1,Screening,Demographics,1,2026-05-10
TF-201-101-022,101,1,Screening,Inclusion/Exclusion,1,2026-05-09
TF-201-101-022,101,1,Screening,Medical History,1,2026-05-10
TF-201-101-022,101,1,Screening,Informed Consent,1,2026-05-02
TF-201-101-022,101,1,Screening,Laboratory,1,2026-05-03
TF-201-101-022,101,2,Baseline,Vital Signs,1,2026-06-01
TF-201-101-022,101,2,Baseline,PASI Score,1,2026-06-06
TF-201-101-022,101,2,Baseline,Laboratory,1,2026-06-02
TF-201-101-022,101,2,Baseline,Randomisation,1,2026-06-09
TF-201-101-022,101,3,Week 4,Vital Signs,1,2026-06-30
TF-201-101-022,101,3,Week 4,PASI Score,1,2026-07-08
TF-201-101-022,101,3,Week 4,Adverse Events,1,2026-06-30
TF-201-101-022,101,4,Week 8,Vital Signs,1,2026-07-31
TF-201-101-022,101,4,Week 8,PASI Score,1,2026-08-04
TF-201-101-022,101,4,Week 8,Laboratory,1,2026-08-01
TF-201-101-022,101,4,Week 8,Adverse Events,1,2026-07-27
TF-201-101-022,101,5,Week 12,Vital Signs,1,2026-09-01
TF-201-101-022,101,5,Week 12,PASI Score,1,2026-08-26
TF-201-101-022,101,5,Week 12,Adverse Events,1,2026-09-03
TF-201-101-023,101,1,Screening,Demographics,1,2025-09-07
TF-201-101-023,101,1,Screening,Inclusion/Exclusion,1,2025-09-16
TF-201-101-023,101,1,Screening,Medical History,1,2025-09-08
TF-201-101-023,101,1,Screening,Informed Consent,1,2025-09-07
TF-201-101-023,101,1,Screening,Laboratory,1,2025-09-08
TF-201-101-023,101,2,Baseline,Vital Signs,1,2025-10-05
TF-201-101-023,101,2,Baseline,PASI Score,1,2025-10-03
TF-201-101-023,101,2,Baseline,Laboratory,1,2025-09-29
TF-201-101-023,101,2,Baseline,Randomisation,1,2025-10-10
TF-201-101-023,101,3,Week 4,Vital Signs,1,2025-10-30
TF-201-101-023,101,3,Week 4,PASI Score,1,2025-11-09
TF-201-101-023,101,3,Week 4,Adverse Events,1,2025-11-09
TF-201-101-023,101,4,Week 8,Vital Signs,1,2025-11-27
TF-201-101-023,101,4,Week 8,PASI Score,1,2025-11-27
TF-201-101-023,101,4,Week 8,Laboratory,1,2025-11-27
TF-201-101-023,101,4,Week 8,Adverse Events,1,2025-11-24
TF-201-101-023,101,5,Week 12,Vital Signs,1,2025-12-25
TF-201-101-023,101,5,Week 12,PASI Score,1,2025-12-26
TF-201-101-023,101,5,Week 12,Adverse Events,1,2025-12-25
TF-201-101-023,101,6,Week 16 EOT,Vital Signs,1,2026-01-24
TF-201-101-023,101,6,Week 16 EOT,PASI Score,1,2026-02-03
TF-201-101-023,101,6,Week 16 EOT,Laboratory,1,2026-01-27
TF-201-101-023,101,6,Week 16 EOT,Adverse Events,1,2026-01-30
TF-201-101-023,101,6,Week 16 EOT,End of Treatment,1,2026-02-04
TF-201-101-024,101,1,Screening,Demographics,1,2026-04-14
TF-201-101-024,101,1,Screening,Inclusion/Exclusion,1,2026-04-21
TF-201-101-024,101,1,Screening,Medical History,1,2026-04-14
TF-201-101-024,101,1,Screening,Informed Consent,1,2026-04-15
TF-201-101-024,101,1,Screening,Laboratory,1,2026-04-21
TF-201-101-024,101,2,Baseline,Vital Signs,1,2026-05-10
TF-201-101-024,101,2,Baseline,PASI Score,1,2026-05-08
TF-201-101-024,101,2,Baseline,Laboratory,1,2026-05-06
TF-201-101-024,101,2,Baseline,Randomisation,0,
TF-201-101-024,101,3,Week 4,Vital Signs,1,2026-06-01
TF-201-101-024,101,3,Week 4,PASI Score,1,2026-06-03
TF-201-101-024,101,3,Week 4,Adverse Events,1,2026-05-30
TF-201-101-024,101,4,Week 8,Vital Signs,1,2026-07-01
TF-201-101-024,101,4,Week 8,PASI Score,1,2026-06-26
TF-201-101-024,101,4,Week 8,Laboratory,0,
TF-201-101-024,101,4,Week 8,Adverse Events,1,2026-06-25
TF-201-101-024,101,5,Week 12,Vital Signs,1,2026-07-30
TF-201-101-024,101,5,Week 12,PASI Score,1,2026-07-29
TF-201-101-024,101,5,Week 12,Adverse Events,1,2026-08-01
TF-201-101-024,101,6,Week 16 EOT,Vital Signs,1,2026-08-31
TF-201-101-024,101,6,Week 16 EOT,PASI Score,1,2026-08-28
TF-201-101-024,101,6,Week 16 EOT,Laboratory,1,2026-08-29
TF-201-101-024,101,6,Week 16 EOT,Adverse Events,1,2026-08-30
TF-201-101-024,101,6,Week 16 EOT,End of Treatment,1,2026-08-27
TF-201-101-025,101,1,Screening,Demographics,1,2025-06-14
TF-201-101-025,101,1,Screening,Inclusion/Exclusion,1,2025-06-21
TF-201-101-025,101,1,Screening,Medical History,1,2025-06-17
TF-201-101-025,101,1,Screening,Informed Consent,1,2025-06-10
TF-201-101-025,101,1,Screening,Laboratory,0,
TF-201-101-025,101,2,Baseline,Vital Signs,1,2025-07-17
TF-201-101-025,101,2,Baseline,PASI Score,1,2025-07-15
TF-201-101-025,101,2,Baseline,Laboratory,1,2025-07-25
TF-201-101-025,101,2,Baseline,Randomisation,1,2025-07-19
TF-201-101-025,101,3,Week 4,Vital Signs,1,2025-08-14
TF-201-101-025,101,3,Week 4,PASI Score,1,2025-08-20
TF-201-101-025,101,3,Week 4,Adverse Events,1,2025-08-22
TF-201-101-025,101,4,Week 8,Vital Signs,1,2025-09-15
TF-201-101-025,101,4,Week 8,PASI Score,1,2025-09-08
TF-201-101-025,101,4,Week 8,Laboratory,1,2025-09-07
TF-201-101-025,101,4,Week 8,Adverse Events,1,2025-09-08
TF-201-101-025,101,5,Week 12,Vital Signs,1,2025-09-30
TF-201-101-025,101,5,Week 12,PASI Score,1,2025-09-29
TF-201-101-025,101,5,Week 12,Adverse Events,1,2025-09-29
TF-201-101-025,101,6,Week 16 EOT,Vital Signs,1,2025-11-03
TF-201-101-025,101,6,Week 16 EOT,PASI Score,1,2025-11-09
TF-201-101-025,101,6,Week 16 EOT,Laboratory,1,2025-11-08
TF-201-101-025,101,6,Week 16 EOT,Adverse Events,1,2025-11-08
TF-201-101-025,101,6,Week 16 EOT,End of Treatment,1,2025-11-06
TF-201-101-026,101,1,Screening,Demographics,1,2026-02-23
TF-201-101-026,101,1,Screening,Inclusion/Exclusion,1,2026-02-23
TF-201-101-026,101,1,Screening,Medical History,1,2026-02-26
TF-201-101-026,101,1,Screening,Informed Consent,1,2026-02-19
TF-201-101-026,101,1,Screening,Laboratory,1,2026-02-27
TF-201-101-026,101,2,Baseline,Vital Signs,1,2026-04-10
TF-201-101-026,101,2,Baseline,PASI Score,1,2026-04-04
TF-201-101-026,101,2,Baseline,Laboratory,1,2026-04-06
TF-201-101-026,101,2,Baseline,Randomisation,1,2026-04-10
TF-201-101-026,101,3,Week 4,Vital Signs,1,2026-05-01
TF-201-101-026,101,3,Week 4,PASI Score,1,2026-05-09
TF-201-101-026,101,3,Week 4,Adverse Events,1,2026-05-09
TF-201-101-026,101,4,Week 8,Vital Signs,1,2026-05-28
TF-201-101-026,101,4,Week 8,PASI Score,1,2026-05-28
TF-201-101-026,101,4,Week 8,Laboratory,1,2026-06-02
TF-201-101-026,101,4,Week 8,Adverse Events,1,2026-05-25
TF-201-101-026,101,5,Week 12,Vital Signs,1,2026-07-01
TF-201-101-026,101,5,Week 12,PASI Score,1,2026-06-20
TF-201-101-026,101,5,Week 12,Adverse Events,1,2026-06-25
TF-201-101-026,101,6,Week 16 EOT,Vital Signs,1,2026-08-05
TF-201-101-026,101,6,Week 16 EOT,PASI Score,1,2026-08-02
TF-201-101-026,101,6,Week 16 EOT,Laboratory,1,2026-08-01
TF-201-101-026,101,6,Week 16 EOT,Adverse Events,1,2026-07-31
TF-201-101-026,101,6,Week 16 EOT,End of Treatment,1,2026-08-05
TF-201-101-027,101,1,Screening,Demographics,1,2025-02-03
TF-201-101-027,101,1,Screening,Inclusion/Exclusion,1,2025-02-09
TF-201-101-027,101,1,Screening,Medical History,1,2025-02-06
TF-201-101-027,101,1,Screening,Informed Consent,1,2025-02-10
TF-201-101-027,101,1,Screening,Laboratory,1,2025-02-12
TF-201-101-027,101,2,Baseline,Vital Signs,1,2025-03-08
TF-201-101-027,101,2,Baseline,PASI Score,1,2025-03-13
TF-201-101-027,101,2,Baseline,Laboratory,1,2025-03-06
TF-201-101-027,101,2,Baseline,Randomisation,1,2025-03-14
TF-201-101-027,101,3,Week 4,Vital Signs,1,2025-04-06
TF-201-101-027,101,3,Week 4,PASI Score,1,2025-04-04
TF-201-101-027,101,3,Week 4,Adverse Events,1,2025-04-04
TF-201-101-027,101,4,Week 8,Vital Signs,1,2025-05-03
TF-201-101-027,101,4,Week 8,PASI Score,1,2025-05-09
TF-201-101-027,101,4,Week 8,Laboratory,1,2025-05-08
TF-201-101-027,101,4,Week 8,Adverse Events,1,2025-05-03
TF-201-101-027,101,5,Week 12,Vital Signs,1,2025-05-30
TF-201-101-027,101,5,Week 12,PASI Score,1,2025-06-08
TF-201-101-027,101,5,Week 12,Adverse Events,1,2025-06-07
TF-201-101-027,101,6,Week 16 EOT,Vital Signs,1,2025-07-11
TF-201-101-027,101,6,Week 16 EOT,PASI Score,0,
TF-201-101-027,101,6,Week 16 EOT,Laboratory,1,2025-07-06
TF-201-101-027,101,6,Week 16 EOT,Adverse Events,1,2025-07-11
TF-201-101-027,101,6,Week 16 EOT,End of Treatment,1,2025-07-08
TF-201-101-028,101,1,Screening,Demographics,1,2026-01-09
TF-201-101-028,101,1,Screening,Inclusion/Exclusion,1,2026-01-11
TF-201-101-028,101,1,Screening,Medical History,1,2026-01-16
TF-201-101-028,101,1,Screening,Informed Consent,1,2026-01-16
TF-201-101-028,101,1,Screening,Laboratory,1,2026-01-12
TF-201-101-028,101,2,Baseline,Vital Signs,1,2026-02-10
TF-201-101-028,101,2,Baseline,PASI Score,1,2026-02-10
TF-201-101-028,101,2,Baseline,Laboratory,1,2026-02-10
TF-201-101-028,101,2,Baseline,Randomisation,1,2026-02-11
TF-201-101-028,101,3,Week 4,Vital Signs,1,2026-03-17
TF-201-101-028,101,3,Week 4,PASI Score,1,2026-03-10
TF-201-101-028,101,3,Week 4,Adverse Events,1,2026-03-13
TF-201-101-028,101,4,Week 8,Vital Signs,1,2026-04-16
TF-201-101-028,101,4,Week 8,PASI Score,1,2026-04-09
TF-201-101-028,101,4,Week 8,Laboratory,1,2026-04-10
TF-201-101-028,101,4,Week 8,Adverse Events,1,2026-04-07
TF-201-101-028,101,5,Week 12,Vital Signs,1,2026-05-08
TF-201-101-028,101,5,Week 12,PASI Score,1,2026-05-08
TF-201-101-028,101,5,Week 12,Adverse Events,1,2026-05-08
TF-201-101-028,101,6,Week 16 EOT,Vital Signs,1,2026-06-02
TF-201-101-028,101,6,Week 16 EOT,PASI Score,1,2026-06-01
TF-201-101-028,101,6,Week 16 EOT,Laboratory,1,2026-05-27
TF-201-101-028,101,6,Week 16 EOT,Adverse Events,1,2026-05-31
TF-201-101-028,101,6,Week 16 EOT,End of Treatment,1,2026-05-29
TF-201-101-029,101,1,Screening,Demographics,1,2025-03-03
TF-201-101-029,101,1,Screening,Inclusion/Exclusion,1,2025-03-09
TF-201-101-029,101,1,Screening,Medical History,1,2025-03-10
TF-201-101-029,101,1,Screening,Informed Consent,1,2025-03-07
TF-201-101-029,101,1,Screening,Laboratory,1,2025-03-07
TF-201-101-029,101,2,Baseline,Vital Signs,1,2025-03-30
TF-201-101-029,101,2,Baseline,PASI Score,1,2025-03-31
TF-201-101-029,101,2,Baseline,Laboratory,1,2025-04-07
TF-201-101-029,101,2,Baseline,Randomisation,1,2025-04-05
TF-201-101-029,101,3,Week 4,Vital Signs,1,2025-04-23
TF-201-101-029,101,3,Week 4,PASI Score,1,2025-04-27
TF-201-101-029,101,3,Week 4,Adverse Events,1,2025-04-27
TF-201-101-029,101,4,Week 8,Vital Signs,1,2025-05-26
TF-201-101-029,101,4,Week 8,PASI Score,1,2025-05-26
TF-201-101-029,101,4,Week 8,Laboratory,1,2025-05-28
TF-201-101-029,101,4,Week 8,Adverse Events,1,2025-05-25
TF-201-101-029,101,5,Week 12,Vital Signs,1,2025-07-04
TF-201-101-029,101,5,Week 12,PASI Score,1,2025-06-30
TF-201-101-029,101,5,Week 12,Adverse Events,1,2025-06-25
TF-201-101-029,101,6,Week 16 EOT,Vital Signs,1,2025-07-22
TF-201-101-029,101,6,Week 16 EOT,PASI Score,1,2025-07-27
TF-201-101-029,101,6,Week 16 EOT,Laboratory,0,
TF-201-101-029,101,6,Week 16 EOT,Adverse Events,1,2025-07-21
TF-201-101-029,101,6,Week 16 EOT,End of Treatment,1,2025-07-26
TF-201-102-001,102,1,Screening,Demographics,1,2025-08-01
TF-201-102-001,102,1,Screening,Inclusion/Exclusion,1,2025-07-30
TF-201-102-001,102,1,Screening,Medical History,1,2025-07-30
TF-201-102-001,102,1,Screening,Informed Consent,1,2025-07-31
TF-201-102-001,102,1,Screening,Laboratory,1,2025-07-30
TF-201-102-001,102,2,Baseline,Vital Signs,1,2025-09-06
TF-201-102-001,102,2,Baseline,PASI Score,1,2025-09-04
TF-201-102-001,102,2,Baseline,Laboratory,1,2025-09-02
TF-201-102-001,102,2,Baseline,Randomisation,1,2025-09-12
TF-201-102-001,102,3,Week 4,Vital Signs,1,2025-10-03
TF-201-102-001,102,3,Week 4,PASI Score,1,2025-10-08
TF-201-102-001,102,3,Week 4,Adverse Events,1,2025-10-03
TF-201-102-001,102,4,Week 8,Vital Signs,1,2025-10-31
TF-201-102-001,102,4,Week 8,PASI Score,1,2025-10-31
TF-201-102-001,102,4,Week 8,Laboratory,1,2025-11-05
TF-201-102-001,102,4,Week 8,Adverse Events,1,2025-11-02
TF-201-102-001,102,5,Week 12,Vital Signs,1,2025-12-02
TF-201-102-001,102,5,Week 12,PASI Score,0,
TF-201-102-001,102,5,Week 12,Adverse Events,1,2025-12-06
TF-201-102-001,102,6,Week 16 EOT,Vital Signs,1,2025-12-31
TF-201-102-001,102,6,Week 16 EOT,PASI Score,1,2026-01-04
TF-201-102-001,102,6,Week 16 EOT,Laboratory,1,2025-12-26
TF-201-102-001,102,6,Week 16 EOT,Adverse Events,1,2025-12-31
TF-201-102-001,102,6,Week 16 EOT,End of Treatment,1,2026-01-02
TF-201-102-002,102,1,Screening,Demographics,1,2025-10-30
TF-201-102-002,102,1,Screening,Inclusion/Exclusion,1,2025-10-22
TF-201-102-002,102,1,Screening,Medical History,1,2025-10-26
TF-201-102-002,102,1,Screening,Informed Consent,0,
TF-201-102-002,102,1,Screening,Laboratory,1,2025-10-25
TF-201-102-002,102,2,Baseline,Vital Signs,1,2025-11-25
TF-201-102-002,102,2,Baseline,PASI Score,1,2025-11-21
TF-201-102-002,102,2,Baseline,Laboratory,1,2025-11-19
TF-201-102-002,102,2,Baseline,Randomisation,1,2025-11-17
TF-201-102-002,102,3,Week 4,Vital Signs,1,2025-12-14
TF-201-102-002,102,3,Week 4,PASI Score,1,2025-12-21
TF-201-102-002,102,3,Week 4,Adverse Events,0,
TF-201-102-002,102,4,Week 8,Vital Signs,1,2026-01-19
TF-201-102-002,102,4,Week 8,PASI Score,1,2026-01-15
TF-201-102-002,102,4,Week 8,Laboratory,1,2026-01-18
TF-201-102-002,102,4,Week 8,Adverse Events,0,
TF-201-102-002,102,5,Week 12,Vital Signs,0,
TF-201-102-002,102,5,Week 12,PASI Score,1,2026-02-16
TF-201-102-002,102,5,Week 12,Adverse Events,1,2026-02-17
TF-201-102-002,102,6,Week 16 EOT,Vital Signs,1,2026-03-23
TF-201-102-002,102,6,Week 16 EOT,PASI Score,1,2026-03-23
TF-201-102-002,102,6,Week 16 EOT,Laboratory,1,2026-03-13
TF-201-102-002,102,6,Week 16 EOT,Adverse Events,1,2026-03-17
TF-201-102-002,102,6,Week 16 EOT,End of Treatment,1,2026-03-21
TF-201-102-003,102,1,Screening,Demographics,1,2026-06-28
TF-201-102-003,102,1,Screening,Inclusion/Exclusion,1,2026-06-29
TF-201-102-003,102,1,Screening,Medical History,1,2026-07-08
TF-201-102-003,102,1,Screening,Informed Consent,1,2026-06-29
TF-201-102-003,102,1,Screening,Laboratory,1,2026-07-06
TF-201-102-003,102,2,Baseline,Vital Signs,1,2026-08-02
TF-201-102-003,102,2,Baseline,PASI Score,1,2026-08-01
TF-201-102-003,102,2,Baseline,Laboratory,1,2026-08-05
TF-201-102-003,102,2,Baseline,Randomisation,1,2026-07-30
TF-201-102-003,102,3,Week 4,Vital Signs,1,2026-09-04
TF-201-102-003,102,3,Week 4,PASI Score,1,2026-08-30
TF-201-102-003,102,3,Week 4,Adverse Events,1,2026-08-26
TF-201-102-004,102,1,Screening,Demographics,1,2026-05-20
TF-201-102-004,102,1,Screening,Inclusion/Exclusion,1,2026-05-12
TF-201-102-004,102,1,Screening,Medical History,1,2026-05-18
TF-201-102-004,102,1,Screening,Informed Consent,1,2026-05-12
TF-201-102-004,102,1,Screening,Laboratory,1,2026-05-20
TF-201-102-004,102,2,Baseline,Vital Signs,1,2026-06-17
TF-201-102-004,102,2,Baseline,PASI Score,1,2026-06-08
TF-201-102-004,102,2,Baseline,Laboratory,1,2026-06-11
TF-201-102-004,102,2,Baseline,Randomisation,1,2026-06-10
TF-201-102-004,102,3,Week 4,Vital Signs,1,2026-07-14
TF-201-102-004,102,3,Week 4,PASI Score,1,2026-07-08
TF-201-102-004,102,3,Week 4,Adverse Events,1,2026-07-10
TF-201-102-004,102,4,Week 8,Vital Signs,1,2026-08-03
TF-201-102-004,102,4,Week 8,PASI Score,1,2026-08-05
TF-201-102-004,102,4,Week 8,Laboratory,1,2026-08-10
TF-201-102-004,102,4,Week 8,Adverse Events,1,2026-08-10
TF-201-102-004,102,5,Week 12,Vital Signs,1,2026-09-01
TF-201-102-004,102,5,Week 12,PASI Score,1,2026-09-04
TF-201-102-004,102,5,Week 12,Adverse Events,1,2026-09-06
TF-201-102-005,102,1,Screening,Demographics,1,2025-11-03
TF-201-102-005,102,1,Screening,Inclusion/Exclusion,1,2025-10-26
TF-201-102-005,102,1,Screening,Medical History,0,
TF-201-102-005,102,1,Screening,Informed Consent,1,2025-11-04
TF-201-102-005,102,1,Screening,Laboratory,1,2025-11-01
TF-201-102-005,102,2,Baseline,Vital Signs,1,2025-11-20
TF-201-102-005,102,2,Baseline,PASI Score,1,2025-11-21
TF-201-102-005,102,2,Baseline,Laboratory,0,
TF-201-102-005,102,2,Baseline,Randomisation,1,2025-11-25
TF-201-102-005,102,3,Week 4,Vital Signs,1,2025-12-15
TF-201-102-005,102,3,Week 4,PASI Score,1,2025-12-22
TF-201-102-005,102,3,Week 4,Adverse Events,1,2025-12-24
TF-201-102-005,102,4,Week 8,Vital Signs,1,2026-01-12
TF-201-102-005,102,4,Week 8,PASI Score,1,2026-01-17
TF-201-102-005,102,4,Week 8,Laboratory,1,2026-01-13
TF-201-102-005,102,4,Week 8,Adverse Events,1,2026-01-18
TF-201-102-005,102,5,Week 12,Vital Signs,1,2026-02-11
TF-201-102-005,102,5,Week 12,PASI Score,1,2026-02-05
TF-201-102-005,102,5,Week 12,Adverse Events,1,2026-02-08
TF-201-102-005,102,6,Week 16 EOT,Vital Signs,1,2026-03-06
TF-201-102-005,102,6,Week 16 EOT,PASI Score,1,2026-03-17
TF-201-102-005,102,6,Week 16 EOT,Laboratory,1,2026-03-17
TF-201-102-005,102,6,Week 16 EOT,Adverse Events,1,2026-03-12
TF-201-102-005,102,6,Week 16 EOT,End of Treatment,0,
TF-201-102-006,102,1,Screening,Demographics,0,
TF-201-102-006,102,1,Screening,Inclusion/Exclusion,1,2025-05-24
TF-201-102-006,102,1,Screening,Medical History,1,2025-05-31
TF-201-102-006,102,1,Screening,Informed Consent,1,2025-05-24
TF-201-102-006,102,1,Screening,Laboratory,1,2025-05-20
TF-201-102-006,102,2,Baseline,Vital Signs,1,2025-07-02
TF-201-102-006,102,2,Baseline,PASI Score,1,2025-07-02
TF-201-102-006,102,2,Baseline,Laboratory,1,2025-07-03
TF-201-102-006,102,2,Baseline,Randomisation,1,2025-06-27
TF-201-102-006,102,3,Week 4,Vital Signs,1,2025-07-22
TF-201-102-006,102,3,Week 4,PASI Score,1,2025-07-25
TF-201-102-006,102,3,Week 4,Adverse Events,1,2025-07-22
TF-201-102-006,102,4,Week 8,Vital Signs,1,2025-08-29
TF-201-102-006,102,4,Week 8,PASI Score,1,2025-08-21
TF-201-102-006,102,4,Week 8,Laboratory,1,2025-08-19
TF-201-102-006,102,4,Week 8,Adverse Events,1,2025-08-28
TF-201-102-006,102,5,Week 12,Vital Signs,1,2025-09-24
TF-201-102-006,102,5,Week 12,PASI Score,1,2025-09-15
TF-201-102-006,102,5,Week 12,Adverse Events,1,2025-09-15
TF-201-102-006,102,6,Week 16 EOT,Vital Signs,1,2025-10-27
TF-201-102-006,102,6,Week 16 EOT,PASI Score,0,
TF-201-102-006,102,6,Week 16 EOT,Laboratory,1,2025-10-24
TF-201-102-006,102,6,Week 16 EOT,Adverse Events,1,2025-10-24
TF-201-102-006,102,6,Week 16 EOT,End of Treatment,1,2025-10-20
TF-201-102-007,102,1,Screening,Demographics,1,2026-06-17
TF-201-102-007,102,1,Screening,Inclusion/Exclusion,1,2026-06-18
TF-201-102-007,102,1,Screening,Medical History,1,2026-06-27
TF-201-102-007,102,1,Screening,Informed Consent,1,2026-06-21
TF-201-102-007,102,1,Screening,Laboratory,1,2026-06-24
TF-201-102-007,102,2,Baseline,Vital Signs,1,2026-07-29
TF-201-102-007,102,2,Baseline,PASI Score,1,2026-07-26
TF-201-102-007,102,2,Baseline,Laboratory,1,2026-07-29
TF-201-102-007,102,2,Baseline,Randomisation,1,2026-08-02
TF-201-102-007,102,3,Week 4,Vital Signs,1,2026-08-19
TF-201-102-007,102,3,Week 4,PASI Score,1,2026-08-23
TF-201-102-007,102,3,Week 4,Adverse Events,1,2026-08-21
TF-201-103-001,103,1,Screening,Demographics,1,2026-01-01
TF-201-103-001,103,1,Screening,Inclusion/Exclusion,1,2025-12-31
TF-201-103-001,103,1,Screening,Medical History,1,2026-01-02
TF-201-103-001,103,1,Screening,Informed Consent,0,
TF-201-103-001,103,1,Screening,Laboratory,1,2026-01-04
TF-201-103-001,103,2,Baseline,Vital Signs,1,2026-01-17
TF-201-103-001,103,2,Baseline,PASI Score,1,2026-01-15
TF-201-103-001,103,2,Baseline,Laboratory,1,2026-01-19
TF-201-103-001,103,2,Baseline,Randomisation,1,2026-01-20
TF-201-103-001,103,3,Week 4,Vital Signs,1,2026-02-14
TF-201-103-001,103,3,Week 4,PASI Score,1,2026-02-13
TF-201-103-001,103,3,Week 4,Adverse Events,1,2026-02-13
TF-201-103-001,103,4,Week 8,Vital Signs,1,2026-03-20
TF-201-103-001,103,4,Week 8,PASI Score,1,2026-03-14
TF-201-103-001,103,4,Week 8,Laboratory,1,2026-03-16
TF-201-103-001,103,4,Week 8,Adverse Events,1,2026-03-20
TF-201-103-001,103,5,Week 12,Vital Signs,1,2026-04-20
TF-201-103-001,103,5,Week 12,PASI Score,1,2026-04-18
TF-201-103-001,103,5,Week 12,Adverse Events,1,2026-04-11
TF-201-103-001,103,6,Week 16 EOT,Vital Signs,1,2026-05-11
TF-201-103-001,103,6,Week 16 EOT,PASI Score,1,2026-05-06
TF-201-103-001,103,6,Week 16 EOT,Laboratory,1,2026-05-03
TF-201-103-001,103,6,Week 16 EOT,Adverse Events,0,
TF-201-103-001,103,6,Week 16 EOT,End of Treatment,1,2026-05-04
TF-201-103-002,103,1,Screening,Demographics,1,2025-12-31
TF-201-103-002,103,1,Screening,Inclusion/Exclusion,1,2025-12-30
TF-201-103-002,103,1,Screening,Medical History,1,2025-12-26
TF-201-103-002,103,1,Screening,Informed Consent,1,2025-12-23
TF-201-103-002,103,1,Screening,Laboratory,1,2025-12-23
TF-201-103-002,103,2,Baseline,Vital Signs,1,2026-01-19
TF-201-103-002,103,2,Baseline,PASI Score,1,2026-01-09
TF-201-103-002,103,2,Baseline,Laboratory,1,2026-01-15
TF-201-103-002,103,2,Baseline,Randomisation,1,2026-01-09
TF-201-103-002,103,3,Week 4,Vital Signs,1,2026-02-05
TF-201-103-002,103,3,Week 4,PASI Score,1,2026-02-07
TF-201-103-002,103,3,Week 4,Adverse Events,1,2026-02-11
TF-201-103-002,103,4,Week 8,Vital Signs,1,2026-03-11
TF-201-103-002,103,4,Week 8,PASI Score,1,2026-03-11
TF-201-103-002,103,4,Week 8,Laboratory,1,2026-03-08
TF-201-103-002,103,4,Week 8,Adverse Events,1,2026-03-11
TF-201-103-002,103,5,Week 12,Vital Signs,1,2026-03-28
TF-201-103-002,103,5,Week 12,PASI Score,1,2026-04-03
TF-201-103-002,103,5,Week 12,Adverse Events,1,2026-04-01
TF-201-103-002,103,6,Week 16 EOT,Vital Signs,1,2026-04-28
TF-201-103-002,103,6,Week 16 EOT,PASI Score,1,2026-04-30
TF-201-103-002,103,6,Week 16 EOT,Laboratory,0,
TF-201-103-002,103,6,Week 16 EOT,Adverse Events,1,2026-05-05
TF-201-103-002,103,6,Week 16 EOT,End of Treatment,1,2026-04-30
TF-201-103-003,103,1,Screening,Demographics,1,2025-05-08
TF-201-103-003,103,1,Screening,Inclusion/Exclusion,1,2025-05-07
TF-201-103-003,103,1,Screening,Medical History,1,2025-04-29
TF-201-103-003,103,1,Screening,Informed Consent,1,2025-05-01
TF-201-103-003,103,1,Screening,Laboratory,1,2025-05-02
TF-201-103-003,103,2,Baseline,Vital Signs,1,2025-06-15
TF-201-103-003,103,2,Baseline,PASI Score,1,2025-06-12
TF-201-103-003,103,2,Baseline,Laboratory,1,2025-06-14
TF-201-103-003,103,2,Baseline,Randomisation,1,2025-06-09
TF-201-103-003,103,3,Week 4,Vital Signs,1,2025-07-08
TF-201-103-003,103,3,Week 4,PASI Score,1,2025-07-15
TF-201-103-003,103,3,Week 4,Adverse Events,1,2025-07-11
TF-201-103-003,103,4,Week 8,Vital Signs,1,2025-08-14
TF-201-103-003,103,4,Week 8,PASI Score,1,2025-08-14
TF-201-103-003,103,4,Week 8,Laboratory,1,2025-08-15
TF-201-103-003,103,4,Week 8,Adverse Events,1,2025-08-14
TF-201-103-003,103,5,Week 12,Vital Signs,1,2025-09-07
TF-201-103-003,103,5,Week 12,PASI Score,1,2025-08-28
TF-201-103-003,103,5,Week 12,Adverse Events,1,2025-08-31
TF-201-103-004,103,1,Screening,Demographics,1,2025-12-21
TF-201-103-004,103,1,Screening,Inclusion/Exclusion,1,2025-12-21
TF-201-103-004,103,1,Screening,Medical History,1,2025-12-24
TF-201-103-004,103,1,Screening,Informed Consent,1,2025-12-22
TF-201-103-004,103,1,Screening,Laboratory,1,2025-12-20
TF-201-103-004,103,2,Baseline,Vital Signs,1,2026-01-22
TF-201-103-004,103,2,Baseline,PASI Score,1,2026-01-25
TF-201-103-004,103,2,Baseline,Laboratory,1,2026-01-23
TF-201-103-004,103,2,Baseline,Randomisation,1,2026-01-29
TF-201-103-004,103,3,Week 4,Vital Signs,1,2026-02-26
TF-201-103-004,103,3,Week 4,PASI Score,1,2026-02-17
TF-201-103-004,103,3,Week 4,Adverse Events,1,2026-02-26
TF-201-103-004,103,4,Week 8,Vital Signs,1,2026-03-24
TF-201-103-004,103,4,Week 8,PASI Score,1,2026-03-25
TF-201-103-004,103,4,Week 8,Laboratory,0,
TF-201-103-004,103,4,Week 8,Adverse Events,1,2026-03-24
TF-201-103-004,103,5,Week 12,Vital Signs,1,2026-04-18
TF-201-103-004,103,5,Week 12,PASI Score,1,2026-04-23
TF-201-103-004,103,5,Week 12,Adverse Events,1,2026-04-26
TF-201-103-004,103,6,Week 16 EOT,Vital Signs,1,2026-05-21
TF-201-103-004,103,6,Week 16 EOT,PASI Score,1,2026-05-14
TF-201-103-004,103,6,Week 16 EOT,Laboratory,1,2026-05-14
TF-201-103-004,103,6,Week 16 EOT,Adverse Events,1,2026-05-15
TF-201-103-004,103,6,Week 16 EOT,End of Treatment,0,
TF-201-103-005,103,1,Screening,Demographics,1,2025-03-03
TF-201-103-005,103,1,Screening,Inclusion/Exclusion,1,2025-03-13
TF-201-103-005,103,1,Screening,Medical History,1,2025-03-04
TF-201-103-005,103,1,Screening,Informed Consent,1,2025-03-12
TF-201-103-005,103,1,Screening,Laboratory,1,2025-03-03
TF-201-103-005,103,2,Baseline,Vital Signs,1,2025-03-21
TF-201-103-005,103,2,Baseline,PASI Score,1,2025-03-22
TF-201-103-005,103,2,Baseline,Laboratory,1,2025-03-22
TF-201-103-005,103,2,Baseline,Randomisation,1,2025-03-26
TF-201-103-005,103,3,Week 4,Vital Signs,1,2025-04-29
TF-201-103-005,103,3,Week 4,PASI Score,1,2025-04-27
TF-201-103-005,103,3,Week 4,Adverse Events,1,2025-04-28
TF-201-103-005,103,4,Week 8,Vital Signs,1,2025-05-22
TF-201-103-005,103,4,Week 8,PASI Score,1,2025-05-17
TF-201-103-005,103,4,Week 8,Laboratory,1,2025-05-21
TF-201-103-005,103,4,Week 8,Adverse Events,1,2025-05-23
TF-201-103-005,103,5,Week 12,Vital Signs,1,2025-06-17
TF-201-103-005,103,5,Week 12,PASI Score,1,2025-06-19
TF-201-103-005,103,5,Week 12,Adverse Events,1,2025-06-18
TF-201-103-005,103,6,Week 16 EOT,Vital Signs,1,2025-07-10
TF-201-103-005,103,6,Week 16 EOT,PASI Score,1,2025-07-17
TF-201-103-005,103,6,Week 16 EOT,Laboratory,1,2025-07-11
TF-201-103-005,103,6,Week 16 EOT,Adverse Events,1,2025-07-12
TF-201-103-005,103,6,Week 16 EOT,End of Treatment,1,2025-07-15
TF-201-103-006,103,1,Screening,Demographics,1,2025-09-10
TF-201-103-006,103,1,Screening,Inclusion/Exclusion,1,2025-09-07
TF-201-103-006,103,1,Screening,Medical History,0,
TF-201-103-006,103,1,Screening,Informed Consent,1,2025-09-05
TF-201-103-006,103,1,Screening,Laboratory,1,2025-09-03
TF-201-103-006,103,2,Baseline,Vital Signs,1,2025-10-05
TF-201-103-006,103,2,Baseline,PASI Score,1,2025-10-08
TF-201-103-006,103,2,Baseline,Laboratory,1,2025-10-10
TF-201-103-006,103,2,Baseline,Randomisation,1,2025-10-03
TF-201-103-006,103,3,Week 4,Vital Signs,1,2025-11-01
TF-201-103-006,103,3,Week 4,PASI Score,1,2025-11-01
TF-201-103-006,103,3,Week 4,Adverse Events,1,2025-11-04
TF-201-103-006,103,4,Week 8,Vital Signs,1,2025-11-29
TF-201-103-006,103,4,Week 8,PASI Score,1,2025-11-29
TF-201-103-006,103,4,Week 8,Laboratory,1,2025-12-05
TF-201-103-006,103,4,Week 8,Adverse Events,1,2025-12-09
TF-201-103-006,103,5,Week 12,Vital Signs,1,2025-12-30
TF-201-103-006,103,5,Week 12,PASI Score,1,2026-01-10
TF-201-103-006,103,5,Week 12,Adverse Events,1,2026-01-07
TF-201-103-006,103,6,Week 16 EOT,Vital Signs,1,2026-01-28
TF-201-103-006,103,6,Week 16 EOT,PASI Score,1,2026-01-25
TF-201-103-006,103,6,Week 16 EOT,Laboratory,1,2026-02-03
TF-201-103-006,103,6,Week 16 EOT,Adverse Events,1,2026-02-04
TF-201-103-006,103,6,Week 16 EOT,End of Treatment,1,2026-01-25
TF-201-103-007,103,1,Screening,Demographics,1,2026-03-03
TF-201-103-007,103,1,Screening,Inclusion/Exclusion,1,2026-02-23
TF-201-103-007,103,1,Screening,Medical History,1,2026-02-27
TF-201-103-007,103,1,Screening,Informed Consent,1,2026-03-02
TF-201-103-007,103,1,Screening,Laboratory,1,2026-02-25
TF-201-103-007,103,2,Baseline,Vital Signs,1,2026-03-28
TF-201-103-007,103,2,Baseline,PASI Score,1,2026-03-28
TF-201-103-007,103,2,Baseline,Laboratory,1,2026-03-17
TF-201-103-007,103,2,Baseline,Randomisation,1,2026-03-19
TF-201-103-007,103,3,Week 4,Vital Signs,1,2026-04-14
TF-201-103-007,103,3,Week 4,PASI Score,1,2026-04-16
TF-201-103-007,103,3,Week 4,Adverse Events,1,2026-04-13
TF-201-103-007,103,4,Week 8,Vital Signs,1,2026-05-19
TF-201-103-007,103,4,Week 8,PASI Score,1,2026-05-15
TF-201-103-007,103,4,Week 8,Laboratory,1,2026-05-21
TF-201-103-007,103,4,Week 8,Adverse Events,1,2026-05-25
TF-201-103-007,103,5,Week 12,Vital Signs,1,2026-06-06
TF-201-103-007,103,5,Week 12,PASI Score,1,2026-06-07
TF-201-103-007,103,5,Week 12,Adverse Events,1,2026-06-08
TF-201-103-007,103,6,Week 16 EOT,Vital Signs,1,2026-07-13
TF-201-103-007,103,6,Week 16 EOT,PASI Score,1,2026-07-17
TF-201-103-007,103,6,Week 16 EOT,Laboratory,1,2026-07-16
TF-201-103-007,103,6,Week 16 EOT,Adverse Events,1,2026-07-11
TF-201-103-007,103,6,Week 16 EOT,End of Treatment,1,2026-07-06
TF-201-103-008,103,1,Screening,Demographics,1,2025-05-23
TF-201-103-008,103,1,Screening,Inclusion/Exclusion,1,2025-05-15
TF-201-103-008,103,1,Screening,Medical History,1,2025-05-19
TF-201-103-008,103,1,Screening,Informed Consent,1,2025-05-19
TF-201-103-008,103,1,Screening,Laboratory,1,2025-05-19
TF-201-103-008,103,2,Baseline,Vital Signs,1,2025-06-24
TF-201-103-008,103,2,Baseline,PASI Score,1,2025-07-02
TF-201-103-008,103,2,Baseline,Laboratory,1,2025-06-29
TF-201-103-008,103,2,Baseline,Randomisation,1,2025-06-25
TF-201-103-008,103,3,Week 4,Vital Signs,1,2025-07-24
TF-201-103-008,103,3,Week 4,PASI Score,1,2025-07-31
TF-201-103-008,103,3,Week 4,Adverse Events,1,2025-07-25
TF-201-103-008,103,4,Week 8,Vital Signs,1,2025-08-16
TF-201-103-008,103,4,Week 8,PASI Score,1,2025-08-23
TF-201-103-008,103,4,Week 8,Laboratory,1,2025-08-22
TF-201-103-008,103,4,Week 8,Adverse Events,1,2025-08-21
TF-201-103-008,103,5,Week 12,Vital Signs,1,2025-09-21
TF-201-103-008,103,5,Week 12,PASI Score,1,2025-09-21
TF-201-103-008,103,5,Week 12,Adverse Events,1,2025-09-22
TF-201-103-008,103,6,Week 16 EOT,Vital Signs,1,2025-10-21
TF-201-103-008,103,6,Week 16 EOT,PASI Score,1,2025-10-28
TF-201-103-008,103,6,Week 16 EOT,Laboratory,1,2025-10-23
TF-201-103-008,103,6,Week 16 EOT,Adverse Events,1,2025-10-23
TF-201-103-008,103,6,Week 16 EOT,End of Treatment,1,2025-10-26
TF-201-103-009,103,1,Screening,Demographics,1,2025-09-30
TF-201-103-009,103,1,Screening,Inclusion/Exclusion,1,2025-10-04
TF-201-103-009,103,1,Screening,Medical History,1,2025-09-25
TF-201-103-009,103,1,Screening,Informed Consent,1,2025-10-02
TF-201-103-009,103,1,Screening,Laboratory,1,2025-09-30
TF-201-103-009,103,2,Baseline,Vital Signs,1,2025-11-03
TF-201-103-009,103,2,Baseline,PASI Score,1,2025-10-26
TF-201-103-009,103,2,Baseline,Laboratory,1,2025-10-25
TF-201-103-009,103,2,Baseline,Randomisation,1,2025-10-28
TF-201-103-009,103,3,Week 4,Vital Signs,1,2025-11-23
TF-201-103-009,103,3,Week 4,PASI Score,1,2025-12-03
TF-201-103-009,103,3,Week 4,Adverse Events,1,2025-12-01
TF-201-103-009,103,4,Week 8,Vital Signs,1,2025-12-22
TF-201-103-009,103,4,Week 8,PASI Score,1,2025-12-28
TF-201-103-009,103,4,Week 8,Laboratory,1,2025-12-27
TF-201-103-009,103,4,Week 8,Adverse Events,1,2025-12-26
TF-201-103-009,103,5,Week 12,Vital Signs,1,2026-01-16
TF-201-103-009,103,5,Week 12,PASI Score,1,2026-01-22
TF-201-103-009,103,5,Week 12,Adverse Events,1,2026-01-27
TF-201-103-009,103,6,Week 16 EOT,Vital Signs,1,2026-02-18
TF-201-103-009,103,6,Week 16 EOT,PASI Score,1,2026-02-11
TF-201-103-009,103,6,Week 16 EOT,Laboratory,1,2026-02-18
TF-201-103-009,103,6,Week 16 EOT,Adverse Events,1,2026-02-11
TF-201-103-009,103,6,Week 16 EOT,End of Treatment,1,2026-02-20
TF-201-103-010,103,1,Screening,Demographics,1,2026-01-12
TF-201-103-010,103,1,Screening,Inclusion/Exclusion,1,2026-01-14
TF-201-103-010,103,1,Screening,Medical History,1,2026-01-20
TF-201-103-010,103,1,Screening,Informed Consent,1,2026-01-16
TF-201-103-010,103,1,Screening,Laboratory,1,2026-01-14
TF-201-103-010,103,2,Baseline,Vital Signs,1,2026-02-24
TF-201-103-010,103,2,Baseline,PASI Score,1,2026-02-27
TF-201-103-010,103,2,Baseline,Laboratory,1,2026-02-25
TF-201-103-010,103,2,Baseline,Randomisation,1,2026-02-23
TF-201-103-010,103,3,Week 4,Vital Signs,1,2026-04-01
TF-201-103-010,103,3,Week 4,PASI Score,1,2026-03-24
TF-201-103-010,103,3,Week 4,Adverse Events,1,2026-03-27
TF-201-103-010,103,4,Week 8,Vital Signs,1,2026-04-20
TF-201-103-010,103,4,Week 8,PASI Score,1,2026-04-16
TF-201-103-010,103,4,Week 8,Laboratory,1,2026-04-21
TF-201-103-010,103,4,Week 8,Adverse Events,1,2026-04-16
TF-201-103-010,103,5,Week 12,Vital Signs,1,2026-05-20
TF-201-103-010,103,5,Week 12,PASI Score,1,2026-05-15
TF-201-103-010,103,5,Week 12,Adverse Events,1,2026-05-20
TF-201-103-010,103,6,Week 16 EOT,Vital Signs,1,2026-06-30
TF-201-103-010,103,6,Week 16 EOT,PASI Score,1,2026-06-28
TF-201-103-010,103,6,Week 16 EOT,Laboratory,1,2026-06-24
TF-201-103-010,103,6,Week 16 EOT,Adverse Events,1,2026-06-29
TF-201-103-010,103,6,Week 16 EOT,End of Treatment,1,2026-06-26
TF-201-103-011,103,1,Screening,Demographics,1,2026-02-09
TF-201-103-011,103,1,Screening,Inclusion/Exclusion,1,2026-02-06
TF-201-103-011,103,1,Screening,Medical History,1,2026-02-02
TF-201-103-011,103,1,Screening,Informed Consent,1,2026-02-10
TF-201-103-011,103,1,Screening,Laboratory,1,2026-02-10
TF-201-103-011,103,2,Baseline,Vital Signs,1,2026-03-03
TF-201-103-011,103,2,Baseline,PASI Score,1,2026-03-02
TF-201-103-011,103,2,Baseline,Laboratory,1,2026-02-25
TF-201-103-011,103,2,Baseline,Randomisation,1,2026-02-27
TF-201-103-011,103,3,Week 4,Vital Signs,1,2026-03-22
TF-201-103-011,103,3,Week 4,PASI Score,1,2026-03-29
TF-201-103-011,103,3,Week 4,Adverse Events,1,2026-03-30
TF-201-103-011,103,4,Week 8,Vital Signs,1,2026-04-30
TF-201-103-011,103,4,Week 8,PASI Score,1,2026-04-24
TF-201-103-011,103,4,Week 8,Laboratory,1,2026-04-27
TF-201-103-011,103,4,Week 8,Adverse Events,1,2026-04-29
TF-201-103-011,103,5,Week 12,Vital Signs,1,2026-05-20
TF-201-103-011,103,5,Week 12,PASI Score,1,2026-05-28
TF-201-103-011,103,5,Week 12,Adverse Events,1,2026-05-24
TF-201-103-011,103,6,Week 16 EOT,Vital Signs,1,2026-06-16
TF-201-103-011,103,6,Week 16 EOT,PASI Score,1,2026-06-24
TF-201-103-011,103,6,Week 16 EOT,Laboratory,1,2026-06-22
TF-201-103-011,103,6,Week 16 EOT,Adverse Events,1,2026-06-13
TF-201-103-011,103,6,Week 16 EOT,End of Treatment,1,2026-06-21
TF-201-103-012,103,1,Screening,Demographics,1,2025-08-07
TF-201-103-012,103,1,Screening,Inclusion/Exclusion,1,2025-08-09
TF-201-103-012,103,1,Screening,Medical History,1,2025-08-09
TF-201-103-012,103,1,Screening,Informed Consent,1,2025-08-13
TF-201-103-012,103,1,Screening,Laboratory,1,2025-08-07
TF-201-103-012,103,2,Baseline,Vital Signs,1,2025-09-20
TF-201-103-012,103,2,Baseline,PASI Score,1,2025-09-16
TF-201-103-012,103,2,Baseline,Laboratory,1,2025-09-20
TF-201-103-012,103,2,Baseline,Randomisation,1,2025-09-21
TF-201-103-012,103,3,Week 4,Vital Signs,1,2025-10-14
TF-201-103-012,103,3,Week 4,PASI Score,1,2025-10-19
TF-201-103-012,103,3,Week 4,Adverse Events,1,2025-10-11
TF-201-103-012,103,4,Week 8,Vital Signs,1,2025-11-13
TF-201-103-012,103,4,Week 8,PASI Score,1,2025-11-09
TF-201-103-012,103,4,Week 8,Laboratory,1,2025-11-16
TF-201-103-012,103,4,Week 8,Adverse Events,1,2025-11-11
TF-201-103-012,103,5,Week 12,Vital Signs,1,2025-12-23
TF-201-103-012,103,5,Week 12,PASI Score,1,2025-12-27
TF-201-103-012,103,5,Week 12,Adverse Events,0,
TF-201-103-012,103,6,Week 16 EOT,Vital Signs,1,2026-01-12
TF-201-103-012,103,6,Week 16 EOT,PASI Score,0,
TF-201-103-012,103,6,Week 16 EOT,Laboratory,1,2026-01-11
TF-201-103-012,103,6,Week 16 EOT,Adverse Events,1,2026-01-11
TF-201-103-012,103,6,Week 16 EOT,End of Treatment,1,2026-01-01
TF-201-103-013,103,1,Screening,Demographics,1,2025-05-23
TF-201-103-013,103,1,Screening,Inclusion/Exclusion,1,2025-05-14
TF-201-103-013,103,1,Screening,Medical History,1,2025-05-21
TF-201-103-013,103,1,Screening,Informed Consent,1,2025-05-15
TF-201-103-013,103,1,Screening,Laboratory,1,2025-05-24
TF-201-103-013,103,2,Baseline,Vital Signs,1,2025-06-17
TF-201-103-013,103,2,Baseline,PASI Score,1,2025-06-16
TF-201-103-013,103,2,Baseline,Laboratory,1,2025-06-12
TF-201-103-013,103,2,Baseline,Randomisation,1,2025-06-08
TF-201-103-013,103,3,Week 4,Vital Signs,1,2025-07-12
TF-201-103-013,103,3,Week 4,PASI Score,1,2025-07-06
TF-201-103-013,103,3,Week 4,Adverse Events,1,2025-07-09
TF-201-103-013,103,4,Week 8,Vital Signs,1,2025-08-06
TF-201-103-013,103,4,Week 8,PASI Score,1,2025-08-03
TF-201-103-013,103,4,Week 8,Laboratory,1,2025-08-05
TF-201-103-013,103,4,Week 8,Adverse Events,1,2025-08-03
TF-201-103-013,103,5,Week 12,Vital Signs,0,
TF-201-103-013,103,5,Week 12,PASI Score,1,2025-09-06
TF-201-103-013,103,5,Week 12,Adverse Events,1,2025-08-29
TF-201-103-013,103,6,Week 16 EOT,Vital Signs,1,2025-10-08
TF-201-103-013,103,6,Week 16 EOT,PASI Score,1,2025-09-29
TF-201-103-013,103,6,Week 16 EOT,Laboratory,1,2025-09-30
TF-201-103-013,103,6,Week 16 EOT,Adverse Events,1,2025-10-06
TF-201-103-013,103,6,Week 16 EOT,End of Treatment,1,2025-09-29
TF-201-104-001,104,1,Screening,Demographics,1,2025-08-09
TF-201-104-001,104,1,Screening,Inclusion/Exclusion,1,2025-08-17
TF-201-104-001,104,1,Screening,Medical History,1,2025-08-08
TF-201-104-001,104,1,Screening,Informed Consent,1,2025-08-16
TF-201-104-001,104,1,Screening,Laboratory,1,2025-08-07
TF-201-104-001,104,2,Baseline,Vital Signs,1,2025-08-31
TF-201-104-001,104,2,Baseline,PASI Score,1,2025-08-25
TF-201-104-001,104,2,Baseline,Laboratory,1,2025-09-02
TF-201-104-001,104,2,Baseline,Randomisation,1,2025-08-25
TF-201-104-001,104,3,Week 4,Vital Signs,1,2025-09-23
TF-201-104-001,104,3,Week 4,PASI Score,1,2025-10-02
TF-201-104-001,104,3,Week 4,Adverse Events,1,2025-10-04
TF-201-104-001,104,4,Week 8,Vital Signs,1,2025-10-31
TF-201-104-001,104,4,Week 8,PASI Score,1,2025-11-02
TF-201-104-001,104,4,Week 8,Laboratory,1,2025-10-23
TF-201-104-001,104,4,Week 8,Adverse Events,1,2025-10-23
TF-201-104-001,104,5,Week 12,Vital Signs,1,2025-11-22
TF-201-104-001,104,5,Week 12,PASI Score,1,2025-11-19
TF-201-104-001,104,5,Week 12,Adverse Events,1,2025-11-19
TF-201-104-002,104,1,Screening,Demographics,1,2025-07-02
TF-201-104-002,104,1,Screening,Inclusion/Exclusion,1,2025-07-01
TF-201-104-002,104,1,Screening,Medical History,1,2025-06-30
TF-201-104-002,104,1,Screening,Informed Consent,1,2025-06-29
TF-201-104-002,104,1,Screening,Laboratory,1,2025-06-27
TF-201-104-002,104,2,Baseline,Vital Signs,1,2025-07-22
TF-201-104-002,104,2,Baseline,PASI Score,1,2025-07-27
TF-201-104-002,104,2,Baseline,Laboratory,1,2025-07-26
TF-201-104-002,104,2,Baseline,Randomisation,1,2025-07-20
TF-201-104-002,104,3,Week 4,Vital Signs,1,2025-08-26
TF-201-104-002,104,3,Week 4,PASI Score,1,2025-08-26
TF-201-104-002,104,3,Week 4,Adverse Events,1,2025-08-27
TF-201-104-002,104,4,Week 8,Vital Signs,1,2025-09-16
TF-201-104-002,104,4,Week 8,PASI Score,1,2025-09-14
TF-201-104-002,104,4,Week 8,Laboratory,1,2025-09-21
TF-201-104-002,104,4,Week 8,Adverse Events,1,2025-09-14
TF-201-104-002,104,5,Week 12,Vital Signs,1,2025-10-16
TF-201-104-002,104,5,Week 12,PASI Score,1,2025-10-15
TF-201-104-002,104,5,Week 12,Adverse Events,1,2025-10-25
TF-201-104-002,104,6,Week 16 EOT,Vital Signs,1,2025-11-10
TF-201-104-002,104,6,Week 16 EOT,PASI Score,1,2025-11-12
TF-201-104-002,104,6,Week 16 EOT,Laboratory,1,2025-11-12
TF-201-104-002,104,6,Week 16 EOT,Adverse Events,1,2025-11-07
TF-201-104-002,104,6,Week 16 EOT,End of Treatment,1,2025-11-10
TF-201-104-003,104,1,Screening,Demographics,1,2026-01-15
TF-201-104-003,104,1,Screening,Inclusion/Exclusion,1,2026-01-15
TF-201-104-003,104,1,Screening,Medical History,1,2026-01-13
TF-201-104-003,104,1,Screening,Informed Consent,1,2026-01-14
TF-201-104-003,104,1,Screening,Laboratory,1,2026-01-04
TF-201-104-003,104,2,Baseline,Vital Signs,1,2026-02-03
TF-201-104-003,104,2,Baseline,PASI Score,1,2026-02-10
TF-201-104-003,104,2,Baseline,Laboratory,1,2026-02-02
TF-201-104-003,104,2,Baseline,Randomisation,1,2026-02-01
TF-201-104-003,104,3,Week 4,Vital Signs,1,2026-03-12
TF-201-104-003,104,3,Week 4,PASI Score,1,2026-03-04
TF-201-104-003,104,3,Week 4,Adverse Events,1,2026-03-09
TF-201-104-003,104,4,Week 8,Vital Signs,1,2026-04-11
TF-201-104-003,104,4,Week 8,PASI Score,1,2026-04-07
TF-201-104-003,104,4,Week 8,Laboratory,1,2026-04-01
TF-201-104-003,104,4,Week 8,Adverse Events,1,2026-04-11
TF-201-104-003,104,5,Week 12,Vital Signs,1,2026-04-24
TF-201-104-003,104,5,Week 12,PASI Score,1,2026-05-02
TF-201-104-003,104,5,Week 12,Adverse Events,1,2026-04-24
TF-201-104-003,104,6,Week 16 EOT,Vital Signs,1,2026-05-30
TF-201-104-003,104,6,Week 16 EOT,PASI Score,1,2026-06-02
TF-201-104-003,104,6,Week 16 EOT,Laboratory,1,2026-06-06
TF-201-104-003,104,6,Week 16 EOT,Adverse Events,1,2026-06-01
TF-201-104-003,104,6,Week 16 EOT,End of Treatment,1,2026-06-06
TF-201-104-004,104,1,Screening,Demographics,1,2026-01-12
TF-201-104-004,104,1,Screening,Inclusion/Exclusion,1,2026-01-17
TF-201-104-004,104,1,Screening,Medical History,1,2026-01-19
TF-201-104-004,104,1,Screening,Informed Consent,1,2026-01-11
TF-201-104-004,104,1,Screening,Laboratory,1,2026-01-15
TF-201-104-004,104,2,Baseline,Vital Signs,1,2026-02-26
TF-201-104-004,104,2,Baseline,PASI Score,1,2026-02-24
TF-201-104-004,104,2,Baseline,Laboratory,1,2026-02-24
TF-201-104-004,104,2,Baseline,Randomisation,1,2026-02-28
TF-201-104-004,104,3,Week 4,Vital Signs,1,2026-03-30
TF-201-104-004,104,3,Week 4,PASI Score,1,2026-03-20
TF-201-104-004,104,3,Week 4,Adverse Events,1,2026-03-27
TF-201-104-004,104,4,Week 8,Vital Signs,1,2026-04-20
TF-201-104-004,104,4,Week 8,PASI Score,1,2026-04-25
TF-201-104-004,104,4,Week 8,Laboratory,1,2026-04-24
TF-201-104-004,104,4,Week 8,Adverse Events,1,2026-04-24
TF-201-104-004,104,5,Week 12,Vital Signs,1,2026-05-27
TF-201-104-004,104,5,Week 12,PASI Score,1,2026-05-31
TF-201-104-004,104,5,Week 12,Adverse Events,1,2026-05-30
TF-201-104-004,104,6,Week 16 EOT,Vital Signs,1,2026-06-14
TF-201-104-004,104,6,Week 16 EOT,PASI Score,1,2026-06-15
TF-201-104-004,104,6,Week 16 EOT,Laboratory,1,2026-06-21
TF-201-104-004,104,6,Week 16 EOT,Adverse Events,1,2026-06-12
TF-201-104-004,104,6,Week 16 EOT,End of Treatment,1,2026-06-17
TF-201-104-005,104,1,Screening,Demographics,1,2025-09-03
TF-201-104-005,104,1,Screening,Inclusion/Exclusion,1,2025-08-30
TF-201-104-005,104,1,Screening,Medical History,1,2025-08-24
TF-201-104-005,104,1,Screening,Informed Consent,1,2025-09-01
TF-201-104-005,104,1,Screening,Laboratory,1,2025-08-23
TF-201-104-005,104,2,Baseline,Vital Signs,1,2025-09-14
TF-201-104-005,104,2,Baseline,PASI Score,1,2025-09-11
TF-201-104-005,104,2,Baseline,Laboratory,1,2025-09-15
TF-201-104-005,104,2,Baseline,Randomisation,1,2025-09-09
TF-201-104-005,104,3,Week 4,Vital Signs,1,2025-10-06
TF-201-104-005,104,3,Week 4,PASI Score,1,2025-10-10
TF-201-104-005,104,3,Week 4,Adverse Events,1,2025-10-06
TF-201-104-005,104,4,Week 8,Vital Signs,1,2025-11-11
TF-201-104-005,104,4,Week 8,PASI Score,1,2025-11-11
TF-201-104-005,104,4,Week 8,Laboratory,1,2025-11-02
TF-201-104-005,104,4,Week 8,Adverse Events,1,2025-11-04
TF-201-104-005,104,5,Week 12,Vital Signs,1,2025-11-27
TF-201-104-005,104,5,Week 12,PASI Score,0,
TF-201-104-005,104,5,Week 12,Adverse Events,1,2025-12-04
TF-201-104-005,104,6,Week 16 EOT,Vital Signs,1,2026-01-06
TF-201-104-005,104,6,Week 16 EOT,PASI Score,1,2026-01-11
TF-201-104-005,104,6,Week 16 EOT,Laboratory,1,2025-12-31
TF-201-104-005,104,6,Week 16 EOT,Adverse Events,1,2026-01-05
TF-201-104-005,104,6,Week 16 EOT,End of Treatment,1,2026-01-03
TF-201-104-006,104,1,Screening,Demographics,1,2026-01-09
TF-201-104-006,104,1,Screening,Inclusion/Exclusion,1,2026-01-05
TF-201-104-006,104,1,Screening,Medical History,1,2026-01-14
TF-201-104-006,104,1,Screening,Informed Consent,1,2026-01-14
TF-201-104-006,104,1,Screening,Laboratory,1,2026-01-08
TF-201-104-006,104,2,Baseline,Vital Signs,1,2026-02-09
TF-201-104-006,104,2,Baseline,PASI Score,1,2026-02-05
TF-201-104-006,104,2,Baseline,Laboratory,1,2026-02-07
TF-201-104-006,104,2,Baseline,Randomisation,1,2026-02-08
TF-201-104-006,104,3,Week 4,Vital Signs,1,2026-03-03
TF-201-104-006,104,3,Week 4,PASI Score,1,2026-03-08
TF-201-104-006,104,3,Week 4,Adverse Events,1,2026-03-10
TF-201-104-006,104,4,Week 8,Vital Signs,1,2026-03-31
TF-201-104-006,104,4,Week 8,PASI Score,1,2026-03-28
TF-201-104-006,104,4,Week 8,Laboratory,1,2026-03-27
TF-201-104-006,104,4,Week 8,Adverse Events,1,2026-03-29
TF-201-104-006,104,5,Week 12,Vital Signs,1,2026-05-02
TF-201-104-006,104,5,Week 12,PASI Score,1,2026-04-23
TF-201-104-006,104,5,Week 12,Adverse Events,1,2026-04-29
TF-201-104-006,104,6,Week 16 EOT,Vital Signs,1,2026-05-31
TF-201-104-006,104,6,Week 16 EOT,PASI Score,1,2026-06-06
TF-201-104-006,104,6,Week 16 EOT,Laboratory,1,2026-06-02
TF-201-104-006,104,6,Week 16 EOT,Adverse Events,1,2026-06-10
TF-201-104-006,104,6,Week 16 EOT,End of Treatment,1,2026-06-06
TF-201-104-007,104,1,Screening,Demographics,1,2025-12-16
TF-201-104-007,104,1,Screening,Inclusion/Exclusion,1,2025-12-18
TF-201-104-007,104,1,Screening,Medical History,1,2025-12-22
TF-201-104-007,104,1,Screening,Informed Consent,1,2025-12-22
TF-201-104-007,104,1,Screening,Laboratory,1,2025-12-21
TF-201-104-007,104,2,Baseline,Vital Signs,1,2026-01-07
TF-201-104-007,104,2,Baseline,PASI Score,1,2026-01-08
TF-201-104-007,104,2,Baseline,Laboratory,1,2025-12-31
TF-201-104-007,104,2,Baseline,Randomisation,0,
TF-201-104-007,104,3,Week 4,Vital Signs,1,2026-02-01
TF-201-104-007,104,3,Week 4,PASI Score,1,2026-02-08
TF-201-104-007,104,3,Week 4,Adverse Events,1,2026-02-09
TF-201-104-007,104,4,Week 8,Vital Signs,1,2026-02-28
TF-201-104-007,104,4,Week 8,PASI Score,1,2026-03-01
TF-201-104-007,104,4,Week 8,Laboratory,1,2026-03-01
TF-201-104-007,104,4,Week 8,Adverse Events,1,2026-02-23
TF-201-104-007,104,5,Week 12,Vital Signs,1,2026-03-24
TF-201-104-007,104,5,Week 12,PASI Score,1,2026-03-24
TF-201-104-007,104,5,Week 12,Adverse Events,1,2026-03-26
TF-201-104-007,104,6,Week 16 EOT,Vital Signs,1,2026-05-01
TF-201-104-007,104,6,Week 16 EOT,PASI Score,1,2026-04-23
TF-201-104-007,104,6,Week 16 EOT,Laboratory,1,2026-05-02
TF-201-104-007,104,6,Week 16 EOT,Adverse Events,1,2026-04-25
TF-201-104-007,104,6,Week 16 EOT,End of Treatment,1,2026-04-25
TF-201-104-008,104,1,Screening,Demographics,1,2025-09-10
TF-201-104-008,104,1,Screening,Inclusion/Exclusion,1,2025-09-12
TF-201-104-008,104,1,Screening,Medical History,1,2025-09-14
TF-201-104-008,104,1,Screening,Informed Consent,1,2025-09-18
TF-201-104-008,104,1,Screening,Laboratory,1,2025-09-09
TF-201-104-008,104,2,Baseline,Vital Signs,1,2025-10-15
TF-201-104-008,104,2,Baseline,PASI Score,1,2025-10-12
TF-201-104-008,104,2,Baseline,Laboratory,1,2025-10-13
TF-201-104-008,104,2,Baseline,Randomisation,1,2025-10-09
TF-201-104-008,104,3,Week 4,Vital Signs,1,2025-11-02
TF-201-104-008,104,3,Week 4,PASI Score,1,2025-11-10
TF-201-104-008,104,3,Week 4,Adverse Events,1,2025-11-10
TF-201-104-008,104,4,Week 8,Vital Signs,1,2025-12-05
TF-201-104-008,104,4,Week 8,PASI Score,1,2025-11-29
TF-201-104-008,104,4,Week 8,Laboratory,1,2025-12-04
TF-201-104-008,104,4,Week 8,Adverse Events,1,2025-12-02
TF-201-104-008,104,5,Week 12,Vital Signs,1,2026-01-06
TF-201-104-008,104,5,Week 12,PASI Score,1,2026-01-03
TF-201-104-008,104,5,Week 12,Adverse Events,1,2026-01-11
TF-201-104-008,104,6,Week 16 EOT,Vital Signs,1,2026-02-09
TF-201-104-008,104,6,Week 16 EOT,PASI Score,1,2026-02-01
TF-201-104-008,104,6,Week 16 EOT,Laboratory,1,2026-01-31
TF-201-104-008,104,6,Week 16 EOT,Adverse Events,1,2026-02-06
TF-201-104-008,104,6,Week 16 EOT,End of Treatment,1,2026-02-07
TF-201-104-009,104,1,Screening,Demographics,1,2025-03-06
TF-201-104-009,104,1,Screening,Inclusion/Exclusion,1,2025-03-11
TF-201-104-009,104,1,Screening,Medical History,1,2025-03-16
TF-201-104-009,104,1,Screening,Informed Consent,1,2025-03-10
TF-201-104-009,104,1,Screening,Laboratory,1,2025-03-12
TF-201-104-009,104,2,Baseline,Vital Signs,1,2025-03-21
TF-201-104-009,104,2,Baseline,PASI Score,1,2025-03-26
TF-201-104-009,104,2,Baseline,Laboratory,1,2025-04-01
TF-201-104-009,104,2,Baseline,Randomisation,1,2025-03-26
TF-201-104-009,104,3,Week 4,Vital Signs,1,2025-04-22
TF-201-104-009,104,3,Week 4,PASI Score,1,2025-04-28
TF-201-104-009,104,3,Week 4,Adverse Events,1,2025-04-22
TF-201-104-009,104,4,Week 8,Vital Signs,1,2025-05-25
TF-201-104-009,104,4,Week 8,PASI Score,1,2025-05-24
TF-201-104-009,104,4,Week 8,Laboratory,0,
TF-201-104-009,104,4,Week 8,Adverse Events,1,2025-05-25
TF-201-104-009,104,5,Week 12,Vital Signs,1,2025-06-18
TF-201-104-009,104,5,Week 12,PASI Score,1,2025-06-21
TF-201-104-009,104,5,Week 12,Adverse Events,1,2025-06-14
TF-201-104-009,104,6,Week 16 EOT,Vital Signs,1,2025-07-14
TF-201-104-009,104,6,Week 16 EOT,PASI Score,0,
TF-201-104-009,104,6,Week 16 EOT,Laboratory,1,2025-07-13
TF-201-104-009,104,6,Week 16 EOT,Adverse Events,1,2025-07-15
TF-201-104-009,104,6,Week 16 EOT,End of Treatment,0,
TF-201-104-010,104,1,Screening,Demographics,1,2025-09-27
TF-201-104-010,104,1,Screening,Inclusion/Exclusion,1,2025-09-27
TF-201-104-010,104,1,Screening,Medical History,1,2025-09-30
TF-201-104-010,104,1,Screening,Informed Consent,1,2025-10-08
TF-201-104-010,104,1,Screening,Laboratory,1,2025-09-29
TF-201-104-010,104,2,Baseline,Vital Signs,1,2025-10-14
TF-201-104-010,104,2,Baseline,PASI Score,1,2025-10-17
TF-201-104-010,104,2,Baseline,Laboratory,1,2025-10-12
TF-201-104-010,104,2,Baseline,Randomisation,1,2025-10-12
TF-201-104-010,104,3,Week 4,Vital Signs,1,2025-11-07
TF-201-104-010,104,3,Week 4,PASI Score,1,2025-11-08
TF-201-104-010,104,3,Week 4,Adverse Events,1,2025-11-07
TF-201-104-010,104,4,Week 8,Vital Signs,1,2025-12-11
TF-201-104-010,104,4,Week 8,PASI Score,1,2025-12-12
TF-201-104-010,104,4,Week 8,Laboratory,1,2025-12-13
TF-201-104-010,104,4,Week 8,Adverse Events,1,2025-12-05
TF-201-104-010,104,5,Week 12,Vital Signs,1,2025-12-31
TF-201-104-010,104,5,Week 12,PASI Score,1,2026-01-05
TF-201-104-010,104,5,Week 12,Adverse Events,1,2026-01-04
TF-201-104-010,104,6,Week 16 EOT,Vital Signs,1,2026-02-08
TF-201-104-010,104,6,Week 16 EOT,PASI Score,1,2026-02-19
TF-201-104-010,104,6,Week 16 EOT,Laboratory,1,2026-02-12
TF-201-104-010,104,6,Week 16 EOT,Adverse Events,1,2026-02-19
TF-201-104-010,104,6,Week 16 EOT,End of Treatment,1,2026-02-18
TF-201-104-011,104,1,Screening,Demographics,1,2025-10-16
TF-201-104-011,104,1,Screening,Inclusion/Exclusion,1,2025-10-10
TF-201-104-011,104,1,Screening,Medical History,1,2025-10-07
TF-201-104-011,104,1,Screening,Informed Consent,1,2025-10-15
TF-201-104-011,104,1,Screening,Laboratory,1,2025-10-10
TF-201-104-011,104,2,Baseline,Vital Signs,1,2025-11-21
TF-201-104-011,104,2,Baseline,PASI Score,1,2025-11-19
TF-201-104-011,104,2,Baseline,Laboratory,1,2025-11-26
TF-201-104-011,104,2,Baseline,Randomisation,1,2025-11-20
TF-201-104-011,104,3,Week 4,Vital Signs,1,2025-12-16
TF-201-104-011,104,3,Week 4,PASI Score,1,2025-12-22
TF-201-104-011,104,3,Week 4,Adverse Events,1,2025-12-22
TF-201-104-011,104,4,Week 8,Vital Signs,1,2026-01-10
TF-201-104-011,104,4,Week 8,PASI Score,1,2026-01-12
TF-201-104-011,104,4,Week 8,Laboratory,1,2026-01-12
TF-201-104-011,104,4,Week 8,Adverse Events,1,2026-01-18
TF-201-104-011,104,5,Week 12,Vital Signs,1,2026-02-20
TF-201-104-011,104,5,Week 12,PASI Score,1,2026-02-19
TF-201-104-011,104,5,Week 12,Adverse Events,1,2026-02-13
TF-201-104-011,104,6,Week 16 EOT,Vital Signs,0,
TF-201-104-011,104,6,Week 16 EOT,PASI Score,1,2026-03-21
TF-201-104-011,104,6,Week 16 EOT,Laboratory,1,2026-03-21
TF-201-104-011,104,6,Week 16 EOT,Adverse Events,1,2026-03-17
TF-201-104-011,104,6,Week 16 EOT,End of Treatment,1,2026-03-16
TF-201-104-012,104,1,Screening,Demographics,1,2025-04-22
TF-201-104-012,104,1,Screening,Inclusion/Exclusion,1,2025-05-01
TF-201-104-012,104,1,Screening,Medical History,1,2025-04-22
TF-201-104-012,104,1,Screening,Informed Consent,1,2025-04-21
TF-201-104-012,104,1,Screening,Laboratory,1,2025-04-21
TF-201-104-012,104,2,Baseline,Vital Signs,1,2025-05-07
TF-201-104-012,104,2,Baseline,PASI Score,1,2025-05-17
TF-201-104-012,104,2,Baseline,Laboratory,1,2025-05-15
TF-201-104-012,104,2,Baseline,Randomisation,1,2025-05-12
TF-201-104-012,104,4,Week 8,Vital Signs,1,2025-06-29
TF-201-104-012,104,4,Week 8,PASI Score,1,2025-06-29
TF-201-104-012,104,4,Week 8,Laboratory,1,2025-07-01
TF-201-104-012,104,4,Week 8,Adverse Events,1,2025-07-04
TF-201-104-012,104,5,Week 12,Vital Signs,1,2025-08-03
TF-201-104-012,104,5,Week 12,PASI Score,1,2025-07-28
TF-201-104-012,104,5,Week 12,Adverse Events,1,2025-08-06
TF-201-104-012,104,6,Week 16 EOT,Vital Signs,1,2025-08-29
TF-201-104-012,104,6,Week 16 EOT,PASI Score,1,2025-09-02
TF-201-104-012,104,6,Week 16 EOT,Laboratory,1,2025-08-24
TF-201-104-012,104,6,Week 16 EOT,Adverse Events,1,2025-09-02
TF-201-104-012,104,6,Week 16 EOT,End of Treatment,1,2025-09-01
TF-201-104-013,104,1,Screening,Demographics,0,
TF-201-104-013,104,1,Screening,Inclusion/Exclusion,1,2026-04-13
TF-201-104-013,104,1,Screening,Medical History,1,2026-04-14
TF-201-104-013,104,1,Screening,Informed Consent,1,2026-04-11
TF-201-104-013,104,1,Screening,Laboratory,1,2026-04-08
TF-201-104-013,104,2,Baseline,Vital Signs,1,2026-05-12
TF-201-104-013,104,2,Baseline,PASI Score,1,2026-05-09
TF-201-104-013,104,2,Baseline,Laboratory,1,2026-05-08
TF-201-104-013,104,2,Baseline,Randomisation,1,2026-05-13
TF-201-104-013,104,3,Week 4,Vital Signs,1,2026-06-03
TF-201-104-013,104,3,Week 4,PASI Score,1,2026-06-05
TF-201-104-013,104,3,Week 4,Adverse Events,1,2026-06-08
TF-201-104-013,104,4,Week 8,Vital Signs,1,2026-07-02
TF-201-104-013,104,4,Week 8,PASI Score,1,2026-07-01
TF-201-104-013,104,4,Week 8,Laboratory,1,2026-07-03
TF-201-104-013,104,4,Week 8,Adverse Events,1,2026-07-08
TF-201-104-013,104,5,Week 12,Vital Signs,1,2026-07-29
TF-201-104-013,104,5,Week 12,PASI Score,1,2026-08-01
TF-201-104-013,104,5,Week 12,Adverse Events,1,2026-07-21
TF-201-104-013,104,6,Week 16 EOT,Vital Signs,1,2026-09-03
TF-201-104-013,104,6,Week 16 EOT,PASI Score,1,2026-09-02
TF-201-104-013,104,6,Week 16 EOT,Laboratory,1,2026-09-06
TF-201-104-013,104,6,Week 16 EOT,Adverse Events,1,2026-08-30
TF-201-104-013,104,6,Week 16 EOT,End of Treatment,1,2026-09-05
TF-201-104-014,104,1,Screening,Demographics,1,2025-04-21
TF-201-104-014,104,1,Screening,Inclusion/Exclusion,1,2025-04-11
TF-201-104-014,104,1,Screening,Medical History,1,2025-04-17
TF-201-104-014,104,1,Screening,Informed Consent,1,2025-04-20
TF-201-104-014,104,1,Screening,Laboratory,1,2025-04-16
TF-201-104-014,104,2,Baseline,Vital Signs,1,2025-05-06
TF-201-104-014,104,2,Baseline,PASI Score,0,
TF-201-104-014,104,2,Baseline,Laboratory,1,2025-05-13
TF-201-104-014,104,2,Baseline,Randomisation,1,2025-05-16
TF-201-104-014,104,3,Week 4,Vital Signs,1,2025-06-14
TF-201-104-014,104,3,Week 4,PASI Score,1,2025-06-08
TF-201-104-014,104,3,Week 4,Adverse Events,1,2025-06-07
TF-201-104-014,104,4,Week 8,Vital Signs,1,2025-07-02
TF-201-104-014,104,4,Week 8,PASI Score,1,2025-07-08
TF-201-104-014,104,4,Week 8,Laboratory,1,2025-07-04
TF-201-104-014,104,4,Week 8,Adverse Events,1,2025-07-03
TF-201-104-014,104,5,Week 12,Vital Signs,1,2025-07-28
TF-201-104-014,104,5,Week 12,PASI Score,1,2025-08-01
TF-201-104-014,104,5,Week 12,Adverse Events,1,2025-07-29
TF-201-104-014,104,6,Week 16 EOT,Vital Signs,1,2025-09-07
TF-201-104-014,104,6,Week 16 EOT,PASI Score,1,2025-09-03
TF-201-104-014,104,6,Week 16 EOT,Laboratory,1,2025-09-11
TF-201-104-014,104,6,Week 16 EOT,Adverse Events,1,2025-09-12
TF-201-104-014,104,6,Week 16 EOT,End of Treatment,1,2025-09-06
TF-201-104-015,104,1,Screening,Demographics,1,2025-12-16
TF-201-104-015,104,1,Screening,Inclusion/Exclusion,1,2025-12-09
TF-201-104-015,104,1,Screening,Medical History,1,2025-12-11
TF-201-104-015,104,1,Screening,Informed Consent,1,2025-12-05
TF-201-104-015,104,1,Screening,Laboratory,1,2025-12-14
TF-201-104-015,104,2,Baseline,Vital Signs,1,2026-01-09
TF-201-104-015,104,2,Baseline,PASI Score,1,2026-01-04
TF-201-104-015,104,2,Baseline,Laboratory,1,2026-01-06
TF-201-104-015,104,2,Baseline,Randomisation,1,2026-01-14
TF-201-104-015,104,3,Week 4,Vital Signs,1,2026-02-09
TF-201-104-015,104,3,Week 4,PASI Score,1,2026-02-05
TF-201-104-015,104,3,Week 4,Adverse Events,1,2026-02-08
TF-201-104-015,104,4,Week 8,Vital Signs,1,2026-03-09
TF-201-104-015,104,4,Week 8,PASI Score,1,2026-03-07
TF-201-104-015,104,4,Week 8,Laboratory,1,2026-02-26
TF-201-104-015,104,4,Week 8,Adverse Events,1,2026-02-28
TF-201-104-015,104,5,Week 12,Vital Signs,1,2026-03-27
TF-201-104-015,104,5,Week 12,PASI Score,1,2026-03-29
TF-201-104-015,104,5,Week 12,Adverse Events,0,
TF-201-104-015,104,6,Week 16 EOT,Vital Signs,1,2026-04-24
TF-201-104-015,104,6,Week 16 EOT,PASI Score,1,2026-04-24
TF-201-104-015,104,6,Week 16 EOT,Laboratory,1,2026-05-03
TF-201-104-015,104,6,Week 16 EOT,Adverse Events,1,2026-04-28
TF-201-104-015,104,6,Week 16 EOT,End of Treatment,1,2026-04-26
TF-201-104-016,104,1,Screening,Demographics,1,2025-05-05
TF-201-104-016,104,1,Screening,Inclusion/Exclusion,1,2025-05-03
TF-201-104-016,104,1,Screening,Medical History,1,2025-05-07
TF-201-104-016,104,1,Screening,Informed Consent,1,2025-05-07
TF-201-104-016,104,1,Screening,Laboratory,1,2025-05-06
TF-201-104-016,104,2,Baseline,Vital Signs,1,2025-06-11
TF-201-104-016,104,2,Baseline,PASI Score,0,
TF-201-104-016,104,2,Baseline,Laboratory,1,2025-06-16
TF-201-104-016,104,2,Baseline,Randomisation,1,2025-06-17
TF-201-104-016,104,3,Week 4,Vital Signs,1,2025-07-14
TF-201-104-016,104,3,Week 4,PASI Score,1,2025-07-14
TF-201-104-016,104,3,Week 4,Adverse Events,1,2025-07-08
TF-201-104-016,104,4,Week 8,Vital Signs,1,2025-08-06
TF-201-104-016,104,4,Week 8,PASI Score,1,2025-08-13
TF-201-104-016,104,4,Week 8,Laboratory,1,2025-08-06
TF-201-104-016,104,4,Week 8,Adverse Events,1,2025-08-12
TF-201-104-016,104,5,Week 12,Vital Signs,1,2025-08-28
TF-201-104-016,104,5,Week 12,PASI Score,1,2025-09-06
TF-201-104-016,104,5,Week 12,Adverse Events,1,2025-09-03
TF-201-104-016,104,6,Week 16 EOT,Vital Signs,1,2025-10-10
TF-201-104-016,104,6,Week 16 EOT,PASI Score,1,2025-10-07
TF-201-104-016,104,6,Week 16 EOT,Laboratory,1,2025-10-07
TF-201-104-016,104,6,Week 16 EOT,Adverse Events,1,2025-10-08
TF-201-104-016,104,6,Week 16 EOT,End of Treatment,1,2025-10-04
TF-201-104-017,104,1,Screening,Demographics,1,2026-01-02
TF-201-104-017,104,1,Screening,Inclusion/Exclusion,1,2025-12-28
TF-201-104-017,104,1,Screening,Medical History,1,2025-12-29
TF-201-104-017,104,1,Screening,Informed Consent,1,2025-12-27
TF-201-104-017,104,1,Screening,Laboratory,1,2026-01-03
TF-201-104-017,104,2,Baseline,Vital Signs,1,2026-02-03
TF-201-104-017,104,2,Baseline,PASI Score,1,2026-01-29
TF-201-104-017,104,2,Baseline,Laboratory,1,2026-01-27
TF-201-104-017,104,2,Baseline,Randomisation,1,2026-01-23
TF-201-104-017,104,3,Week 4,Vital Signs,1,2026-02-23
TF-201-104-017,104,3,Week 4,PASI Score,1,2026-02-22
TF-201-104-017,104,3,Week 4,Adverse Events,1,2026-02-28
TF-201-104-017,104,4,Week 8,Vital Signs,1,2026-03-24
TF-201-104-017,104,4,Week 8,PASI Score,1,2026-03-22
TF-201-104-017,104,4,Week 8,Laboratory,1,2026-03-26
TF-201-104-017,104,4,Week 8,Adverse Events,1,2026-03-31
TF-201-104-017,104,5,Week 12,Vital Signs,1,2026-05-01
TF-201-104-017,104,5,Week 12,PASI Score,1,2026-05-02
TF-201-104-017,104,5,Week 12,Adverse Events,1,2026-05-01
TF-201-104-017,104,6,Week 16 EOT,Vital Signs,1,2026-05-27
TF-201-104-017,104,6,Week 16 EOT,PASI Score,1,2026-05-26
TF-201-104-017,104,6,Week 16 EOT,Laboratory,1,2026-05-23
TF-201-104-017,104,6,Week 16 EOT,Adverse Events,1,2026-05-28
TF-201-104-017,104,6,Week 16 EOT,End of Treatment,1,2026-05-28
TF-201-104-018,104,1,Screening,Demographics,1,2025-04-24
TF-201-104-018,104,1,Screening,Inclusion/Exclusion,1,2025-04-18
TF-201-104-018,104,1,Screening,Medical History,1,2025-04-22
TF-201-104-018,104,1,Screening,Informed Consent,1,2025-04-24
TF-201-104-018,104,1,Screening,Laboratory,0,
TF-201-104-018,104,2,Baseline,Vital Signs,1,2025-06-02
TF-201-104-018,104,2,Baseline,PASI Score,1,2025-05-27
TF-201-104-018,104,2,Baseline,Laboratory,1,2025-05-26
TF-201-104-018,104,2,Baseline,Randomisation,1,2025-05-26
TF-201-104-018,104,3,Week 4,Vital Signs,1,2025-06-29
TF-201-104-018,104,3,Week 4,PASI Score,1,2025-06-19
TF-201-104-018,104,3,Week 4,Adverse Events,1,2025-06-29
TF-201-104-018,104,4,Week 8,Vital Signs,1,2025-07-30
TF-201-104-018,104,4,Week 8,PASI Score,1,2025-07-26
TF-201-104-018,104,4,Week 8,Laboratory,1,2025-08-01
TF-201-104-018,104,4,Week 8,Adverse Events,1,2025-07-22
TF-201-104-018,104,5,Week 12,Vital Signs,1,2025-08-22
TF-201-104-018,104,5,Week 12,PASI Score,1,2025-08-23
TF-201-104-018,104,5,Week 12,Adverse Events,1,2025-08-13
TF-201-104-018,104,6,Week 16 EOT,Vital Signs,1,2025-09-11
TF-201-104-018,104,6,Week 16 EOT,PASI Score,1,2025-09-08
TF-201-104-018,104,6,Week 16 EOT,Laboratory,0,
TF-201-104-018,104,6,Week 16 EOT,Adverse Events,1,2025-09-13
TF-201-104-018,104,6,Week 16 EOT,End of Treatment,1,2025-09-11
TF-201-104-019,104,1,Screening,Demographics,1,2026-01-20
TF-201-104-019,104,1,Screening,Inclusion/Exclusion,1,2026-01-18
TF-201-104-019,104,1,Screening,Medical History,1,2026-01-25
TF-201-104-019,104,1,Screening,Informed Consent,1,2026-01-19
TF-201-104-019,104,1,Screening,Laboratory,1,2026-01-18
TF-201-104-019,104,2,Baseline,Vital Signs,1,2026-03-02
TF-201-104-019,104,2,Baseline,PASI Score,1,2026-03-07
TF-201-104-019,104,2,Baseline,Laboratory,1,2026-02-27
TF-201-104-019,104,2,Baseline,Randomisation,1,2026-03-07
TF-201-104-019,104,3,Week 4,Vital Signs,1,2026-04-05
TF-201-104-019,104,3,Week 4,PASI Score,1,2026-03-31
TF-201-104-019,104,3,Week 4,Adverse Events,1,2026-04-02
TF-201-104-019,104,4,Week 8,Vital Signs,1,2026-04-26
TF-201-104-019,104,4,Week 8,PASI Score,1,2026-04-27
TF-201-104-019,104,4,Week 8,Laboratory,1,2026-05-05
TF-201-104-019,104,4,Week 8,Adverse Events,1,2026-04-30
TF-201-104-019,104,5,Week 12,Vital Signs,0,
TF-201-104-019,104,5,Week 12,PASI Score,1,2026-05-22
TF-201-104-019,104,5,Week 12,Adverse Events,1,2026-05-27
TF-201-104-019,104,6,Week 16 EOT,Vital Signs,1,2026-06-28
TF-201-104-019,104,6,Week 16 EOT,PASI Score,1,2026-07-01
TF-201-104-019,104,6,Week 16 EOT,Laboratory,1,2026-06-25
TF-201-104-019,104,6,Week 16 EOT,Adverse Events,1,2026-07-03
TF-201-104-019,104,6,Week 16 EOT,End of Treatment,1,2026-06-28
TF-201-104-020,104,1,Screening,Demographics,1,2025-10-20
TF-201-104-020,104,1,Screening,Inclusion/Exclusion,1,2025-10-25
TF-201-104-020,104,1,Screening,Medical History,1,2025-10-23
TF-201-104-020,104,1,Screening,Informed Consent,1,2025-10-20
TF-201-104-020,104,1,Screening,Laboratory,1,2025-10-21
TF-201-104-020,104,2,Baseline,Vital Signs,1,2025-11-15
TF-201-104-020,104,2,Baseline,PASI Score,0,
TF-201-104-020,104,2,Baseline,Laboratory,1,2025-11-15
TF-201-104-020,104,2,Baseline,Randomisation,1,2025-11-12
TF-201-104-020,104,3,Week 4,Vital Signs,1,2025-12-10
TF-201-104-020,104,3,Week 4,PASI Score,1,2025-12-06
TF-201-104-020,104,3,Week 4,Adverse Events,1,2025-12-11
TF-201-104-020,104,4,Week 8,Vital Signs,1,2026-01-05
TF-201-104-020,104,4,Week 8,PASI Score,1,2026-01-05
TF-201-104-020,104,4,Week 8,Laboratory,1,2026-01-09
TF-201-104-020,104,4,Week 8,Adverse Events,1,2026-01-06
TF-201-104-020,104,5,Week 12,Vital Signs,1,2026-02-01
TF-201-104-020,104,5,Week 12,PASI Score,1,2026-01-31
TF-201-104-020,104,5,Week 12,Adverse Events,1,2026-02-03
TF-201-104-020,104,6,Week 16 EOT,Vital Signs,1,2026-03-17
TF-201-104-020,104,6,Week 16 EOT,PASI Score,1,2026-03-16
TF-201-104-020,104,6,Week 16 EOT,Laboratory,1,2026-03-16
TF-201-104-020,104,6,Week 16 EOT,Adverse Events,1,2026-03-09
TF-201-104-020,104,6,Week 16 EOT,End of Treatment,1,2026-03-14
TF-201-104-021,104,1,Screening,Demographics,1,2025-07-21
TF-201-104-021,104,1,Screening,Inclusion/Exclusion,1,2025-07-19
TF-201-104-021,104,1,Screening,Medical History,1,2025-07-12
TF-201-104-021,104,1,Screening,Informed Consent,1,2025-07-10
TF-201-104-021,104,1,Screening,Laboratory,1,2025-07-21
TF-201-104-021,104,2,Baseline,Vital Signs,1,2025-08-11
TF-201-104-021,104,2,Baseline,PASI Score,1,2025-08-05
TF-201-104-021,104,2,Baseline,Laboratory,1,2025-08-10
TF-201-104-021,104,2,Baseline,Randomisation,1,2025-08-12
TF-201-104-021,104,3,Week 4,Vital Signs,1,2025-09-08
TF-201-104-021,104,3,Week 4,PASI Score,1,2025-09-11
TF-201-104-021,104,3,Week 4,Adverse Events,1,2025-09-14
TF-201-104-021,104,4,Week 8,Vital Signs,1,2025-09-29
TF-201-104-021,104,4,Week 8,PASI Score,1,2025-10-05
TF-201-104-021,104,4,Week 8,Laboratory,1,2025-09-30
TF-201-104-021,104,4,Week 8,Adverse Events,1,2025-09-29
TF-201-104-021,104,5,Week 12,Vital Signs,1,2025-11-10
TF-201-104-021,104,5,Week 12,PASI Score,1,2025-11-04
TF-201-104-021,104,5,Week 12,Adverse Events,1,2025-11-08
TF-201-104-021,104,6,Week 16 EOT,Vital Signs,1,2025-12-05
TF-201-104-021,104,6,Week 16 EOT,PASI Score,0,
TF-201-104-021,104,6,Week 16 EOT,Laboratory,1,2025-11-25
TF-201-104-021,104,6,Week 16 EOT,Adverse Events,0,
TF-201-104-021,104,6,Week 16 EOT,End of Treatment,1,2025-11-27
TF-201-104-022,104,1,Screening,Demographics,1,2026-03-11
TF-201-104-022,104,1,Screening,Inclusion/Exclusion,1,2026-03-08
TF-201-104-022,104,1,Screening,Medical History,1,2026-03-02
TF-201-104-022,104,1,Screening,Informed Consent,1,2026-03-10
TF-201-104-022,104,1,Screening,Laboratory,1,2026-03-10
TF-201-104-022,104,2,Baseline,Vital Signs,1,2026-04-03
TF-201-104-022,104,2,Baseline,PASI Score,1,2026-03-30
TF-201-104-022,104,2,Baseline,Laboratory,1,2026-03-25
TF-201-104-022,104,2,Baseline,Randomisation,1,2026-04-02
TF-201-104-022,104,3,Week 4,Vital Signs,1,2026-04-20
TF-201-104-022,104,3,Week 4,PASI Score,1,2026-04-18
TF-201-104-022,104,3,Week 4,Adverse Events,1,2026-04-19
TF-201-104-022,104,4,Week 8,Vital Signs,1,2026-05-21
TF-201-104-022,104,4,Week 8,PASI Score,1,2026-05-21
TF-201-104-022,104,4,Week 8,Laboratory,1,2026-05-19
TF-201-104-022,104,4,Week 8,Adverse Events,1,2026-05-26
TF-201-104-022,104,5,Week 12,Vital Signs,1,2026-06-15
TF-201-104-022,104,5,Week 12,PASI Score,1,2026-06-25
TF-201-104-022,104,5,Week 12,Adverse Events,1,2026-06-15
TF-201-104-022,104,6,Week 16 EOT,Vital Signs,1,2026-08-01
TF-201-104-022,104,6,Week 16 EOT,PASI Score,1,2026-07-22
TF-201-104-022,104,6,Week 16 EOT,Laboratory,1,2026-07-31
TF-201-104-022,104,6,Week 16 EOT,Adverse Events,1,2026-07-25
TF-201-104-022,104,6,Week 16 EOT,End of Treatment,1,2026-07-24
TF-201-104-023,104,1,Screening,Demographics,1,2025-09-07
TF-201-104-023,104,1,Screening,Inclusion/Exclusion,1,2025-09-07
TF-201-104-023,104,1,Screening,Medical History,1,2025-09-09
TF-201-104-023,104,1,Screening,Informed Consent,1,2025-09-07
TF-201-104-023,104,1,Screening,Laboratory,1,2025-09-09
TF-201-104-023,104,2,Baseline,Vital Signs,1,2025-09-30
TF-201-104-023,104,2,Baseline,PASI Score,1,2025-10-06
TF-201-104-023,104,2,Baseline,Laboratory,1,2025-10-06
TF-201-104-023,104,2,Baseline,Randomisation,1,2025-10-02
TF-201-104-023,104,3,Week 4,Vital Signs,1,2025-10-31
TF-201-104-023,104,3,Week 4,PASI Score,1,2025-11-01
TF-201-104-023,104,3,Week 4,Adverse Events,1,2025-11-03
TF-201-104-023,104,4,Week 8,Vital Signs,1,2025-12-01
TF-201-104-023,104,4,Week 8,PASI Score,1,2025-12-01
TF-201-104-023,104,4,Week 8,Laboratory,1,2025-12-01
TF-201-104-023,104,4,Week 8,Adverse Events,1,2025-12-05
TF-201-104-023,104,5,Week 12,Vital Signs,1,2025-12-30
TF-201-104-023,104,5,Week 12,PASI Score,1,2026-01-02
TF-201-104-023,104,5,Week 12,Adverse Events,1,2025-12-29
TF-201-104-023,104,6,Week 16 EOT,Vital Signs,1,2026-01-24
TF-201-104-023,104,6,Week 16 EOT,PASI Score,1,2026-02-02
TF-201-104-023,104,6,Week 16 EOT,Laboratory,1,2026-02-04
TF-201-104-023,104,6,Week 16 EOT,Adverse Events,1,2026-02-04
TF-201-104-023,104,6,Week 16 EOT,End of Treatment,1,2026-01-26
TF-201-104-024,104,1,Screening,Demographics,1,2026-01-08
TF-201-104-024,104,1,Screening,Inclusion/Exclusion,1,2026-01-01
TF-201-104-024,104,1,Screening,Medical History,1,2026-01-01
TF-201-104-024,104,1,Screening,Informed Consent,1,2026-01-07
TF-201-104-024,104,1,Screening,Laboratory,1,2026-01-08
TF-201-104-024,104,2,Baseline,Vital Signs,1,2026-01-31
TF-201-104-024,104,2,Baseline,PASI Score,1,2026-02-02
TF-201-104-024,104,2,Baseline,Laboratory,1,2026-01-31
TF-201-104-024,104,2,Baseline,Randomisation,1,2026-01-26
TF-201-104-024,104,3,Week 4,Vital Signs,0,
TF-201-104-024,104,3,Week 4,PASI Score,1,2026-03-02
TF-201-104-024,104,3,Week 4,Adverse Events,1,2026-02-22
TF-201-104-024,104,4,Week 8,Vital Signs,1,2026-03-24
TF-201-104-024,104,4,Week 8,PASI Score,1,2026-03-25
TF-201-104-024,104,4,Week 8,Laboratory,1,2026-03-28
TF-201-104-024,104,4,Week 8,Adverse Events,1,2026-03-23
TF-201-104-024,104,5,Week 12,Vital Signs,1,2026-04-20
TF-201-104-024,104,5,Week 12,PASI Score,1,2026-04-26
TF-201-104-024,104,5,Week 12,Adverse Events,1,2026-04-23
TF-201-104-024,104,6,Week 16 EOT,Vital Signs,1,2026-05-23
TF-201-104-024,104,6,Week 16 EOT,PASI Score,1,2026-06-03
TF-201-104-024,104,6,Week 16 EOT,Laboratory,1,2026-06-03
TF-201-104-024,104,6,Week 16 EOT,Adverse Events,1,2026-05-26
TF-201-104-024,104,6,Week 16 EOT,End of Treatment,1,2026-05-30
TF-201-104-025,104,1,Screening,Demographics,1,2025-10-08
TF-201-104-025,104,1,Screening,Inclusion/Exclusion,1,2025-10-12
TF-201-104-025,104,1,Screening,Medical History,1,2025-10-06
TF-201-104-025,104,1,Screening,Informed Consent,1,2025-10-07
TF-201-104-025,104,1,Screening,Laboratory,1,2025-10-09
TF-201-104-025,104,2,Baseline,Vital Signs,1,2025-10-18
TF-201-104-025,104,2,Baseline,PASI Score,1,2025-10-27
TF-201-104-025,104,2,Baseline,Laboratory,1,2025-10-20
TF-201-104-025,104,2,Baseline,Randomisation,1,2025-10-19
TF-201-104-025,104,4,Week 8,Vital Signs,1,2025-12-25
TF-201-104-025,104,4,Week 8,PASI Score,1,2025-12-23
TF-201-104-025,104,4,Week 8,Laboratory,1,2025-12-26
TF-201-104-025,104,4,Week 8,Adverse Events,1,2025-12-22
TF-201-104-025,104,5,Week 12,Vital Signs,1,2026-01-09
TF-201-104-025,104,5,Week 12,PASI Score,1,2026-01-07
TF-201-104-025,104,5,Week 12,Adverse Events,1,2026-01-09
TF-201-104-025,104,6,Week 16 EOT,Vital Signs,1,2026-02-19
TF-201-104-025,104,6,Week 16 EOT,PASI Score,1,2026-02-16
TF-201-104-025,104,6,Week 16 EOT,Laboratory,1,2026-02-21
TF-201-104-025,104,6,Week 16 EOT,Adverse Events,1,2026-02-23
TF-201-104-025,104,6,Week 16 EOT,End of Treatment,1,2026-02-17
TF-201-105-001,105,1,Screening,Demographics,1,2026-04-20
TF-201-105-001,105,1,Screening,Inclusion/Exclusion,1,2026-04-18
TF-201-105-001,105,1,Screening,Medical History,1,2026-04-15
TF-201-105-001,105,1,Screening,Informed Consent,1,2026-04-20
TF-201-105-001,105,1,Screening,Laboratory,1,2026-04-12
TF-201-105-001,105,2,Baseline,Vital Signs,1,2026-05-07
TF-201-105-001,105,2,Baseline,PASI Score,1,2026-05-02
TF-201-105-001,105,2,Baseline,Laboratory,1,2026-05-05
TF-201-105-001,105,2,Baseline,Randomisation,1,2026-05-04
TF-201-105-001,105,3,Week 4,Vital Signs,1,2026-05-26
TF-201-105-001,105,3,Week 4,PASI Score,1,2026-05-30
TF-201-105-001,105,3,Week 4,Adverse Events,1,2026-06-02
TF-201-105-001,105,4,Week 8,Vital Signs,1,2026-07-03
TF-201-105-001,105,4,Week 8,PASI Score,1,2026-06-27
TF-201-105-001,105,4,Week 8,Laboratory,1,2026-07-04
TF-201-105-001,105,4,Week 8,Adverse Events,1,2026-06-23
TF-201-105-001,105,5,Week 12,Vital Signs,1,2026-07-22
TF-201-105-001,105,5,Week 12,PASI Score,1,2026-07-21
TF-201-105-001,105,5,Week 12,Adverse Events,1,2026-07-23
TF-201-105-001,105,6,Week 16 EOT,Vital Signs,1,2026-08-18
TF-201-105-001,105,6,Week 16 EOT,PASI Score,1,2026-08-24
TF-201-105-001,105,6,Week 16 EOT,Laboratory,1,2026-08-21
TF-201-105-001,105,6,Week 16 EOT,Adverse Events,1,2026-08-27
TF-201-105-001,105,6,Week 16 EOT,End of Treatment,1,2026-08-18
TF-201-105-002,105,1,Screening,Demographics,1,2025-05-30
TF-201-105-002,105,1,Screening,Inclusion/Exclusion,1,2025-05-21
TF-201-105-002,105,1,Screening,Medical History,1,2025-05-25
TF-201-105-002,105,1,Screening,Informed Consent,1,2025-05-25
TF-201-105-002,105,1,Screening,Laboratory,1,2025-05-27
TF-201-105-002,105,2,Baseline,Vital Signs,1,2025-06-23
TF-201-105-002,105,2,Baseline,PASI Score,1,2025-06-21
TF-201-105-002,105,2,Baseline,Laboratory,1,2025-06-27
TF-201-105-002,105,2,Baseline,Randomisation,1,2025-06-28
TF-201-105-002,105,3,Week 4,Vital Signs,1,2025-07-14
TF-201-105-002,105,3,Week 4,PASI Score,1,2025-07-16
TF-201-105-002,105,3,Week 4,Adverse Events,1,2025-07-13
TF-201-105-002,105,4,Week 8,Vital Signs,1,2025-08-23
TF-201-105-002,105,4,Week 8,PASI Score,1,2025-08-23
TF-201-105-002,105,4,Week 8,Laboratory,1,2025-08-18
TF-201-105-002,105,4,Week 8,Adverse Events,1,2025-08-21
TF-201-105-002,105,5,Week 12,Vital Signs,1,2025-09-17
TF-201-105-002,105,5,Week 12,PASI Score,1,2025-09-23
TF-201-105-002,105,5,Week 12,Adverse Events,1,2025-09-12
TF-201-105-002,105,6,Week 16 EOT,Vital Signs,0,
TF-201-105-002,105,6,Week 16 EOT,PASI Score,1,2025-10-06
TF-201-105-002,105,6,Week 16 EOT,Laboratory,1,2025-10-05
TF-201-105-002,105,6,Week 16 EOT,Adverse Events,1,2025-10-08
TF-201-105-002,105,6,Week 16 EOT,End of Treatment,1,2025-10-05
TF-201-105-003,105,1,Screening,Demographics,1,2026-06-26
TF-201-105-003,105,1,Screening,Inclusion/Exclusion,1,2026-06-30
TF-201-105-003,105,1,Screening,Medical History,1,2026-06-27
TF-201-105-003,105,1,Screening,Informed Consent,1,2026-06-30
TF-201-105-003,105,1,Screening,Laboratory,1,2026-06-28
TF-201-105-003,105,2,Baseline,Vital Signs,1,2026-08-01
TF-201-105-003,105,2,Baseline,PASI Score,1,2026-07-30
TF-201-105-003,105,2,Baseline,Laboratory,1,2026-07-21
TF-201-105-003,105,2,Baseline,Randomisation,1,2026-07-24
TF-201-105-003,105,3,Week 4,Vital Signs,1,2026-08-20
TF-201-105-003,105,3,Week 4,PASI Score,1,2026-08-24
TF-201-105-003,105,3,Week 4,Adverse Events,1,2026-08-16
TF-201-105-004,105,1,Screening,Demographics,1,2025-05-26
TF-201-105-004,105,1,Screening,Inclusion/Exclusion,1,2025-06-01
TF-201-105-004,105,1,Screening,Medical History,1,2025-05-23
TF-201-105-004,105,1,Screening,Informed Consent,1,2025-05-31
TF-201-105-004,105,1,Screening,Laboratory,1,2025-05-31
TF-201-105-004,105,2,Baseline,Vital Signs,1,2025-06-18
TF-201-105-004,105,2,Baseline,PASI Score,1,2025-06-21
TF-201-105-004,105,2,Baseline,Laboratory,1,2025-06-19
TF-201-105-004,105,2,Baseline,Randomisation,1,2025-06-14
TF-201-105-004,105,3,Week 4,Vital Signs,1,2025-07-20
TF-201-105-004,105,3,Week 4,PASI Score,1,2025-07-21
TF-201-105-004,105,3,Week 4,Adverse Events,1,2025-07-10
TF-201-105-004,105,4,Week 8,Vital Signs,1,2025-08-12
TF-201-105-004,105,4,Week 8,PASI Score,1,2025-08-08
TF-201-105-004,105,4,Week 8,Laboratory,1,2025-08-11
TF-201-105-004,105,4,Week 8,Adverse Events,1,2025-08-17
TF-201-105-004,105,5,Week 12,Vital Signs,1,2025-09-02
TF-201-105-004,105,5,Week 12,PASI Score,1,2025-09-08
TF-201-105-004,105,5,Week 12,Adverse Events,0,
TF-201-105-004,105,6,Week 16 EOT,Vital Signs,1,2025-10-08
TF-201-105-004,105,6,Week 16 EOT,PASI Score,1,2025-10-05
TF-201-105-004,105,6,Week 16 EOT,Laboratory,1,2025-10-05
TF-201-105-004,105,6,Week 16 EOT,Adverse Events,1,2025-10-09
TF-201-105-004,105,6,Week 16 EOT,End of Treatment,1,2025-10-16
TF-201-105-005,105,1,Screening,Demographics,0,
TF-201-105-005,105,1,Screening,Inclusion/Exclusion,1,2025-07-10
TF-201-105-005,105,1,Screening,Medical History,1,2025-07-10
TF-201-105-005,105,1,Screening,Informed Consent,1,2025-07-13
TF-201-105-005,105,1,Screening,Laboratory,1,2025-07-13
TF-201-105-005,105,2,Baseline,Vital Signs,1,2025-08-27
TF-201-105-005,105,2,Baseline,PASI Score,1,2025-08-25
TF-201-105-005,105,2,Baseline,Laboratory,1,2025-08-24
TF-201-105-005,105,2,Baseline,Randomisation,1,2025-08-27
TF-201-105-005,105,3,Week 4,Vital Signs,1,2025-09-27
TF-201-105-005,105,3,Week 4,PASI Score,1,2025-09-23
TF-201-105-005,105,3,Week 4,Adverse Events,1,2025-09-27
TF-201-105-005,105,4,Week 8,Vital Signs,1,2025-10-20
TF-201-105-005,105,4,Week 8,PASI Score,1,2025-10-22
TF-201-105-005,105,4,Week 8,Laboratory,1,2025-10-21
TF-201-105-005,105,4,Week 8,Adverse Events,1,2025-10-21
TF-201-105-005,105,5,Week 12,Vital Signs,1,2025-11-13
TF-201-105-005,105,5,Week 12,PASI Score,1,2025-11-11
TF-201-105-005,105,5,Week 12,Adverse Events,1,2025-11-14
TF-201-105-005,105,6,Week 16 EOT,Vital Signs,1,2025-12-17
TF-201-105-005,105,6,Week 16 EOT,PASI Score,1,2025-12-10
TF-201-105-005,105,6,Week 16 EOT,Laboratory,1,2025-12-15
TF-201-105-005,105,6,Week 16 EOT,Adverse Events,1,2025-12-16
TF-201-105-005,105,6,Week 16 EOT,End of Treatment,1,2025-12-18
TF-201-105-006,105,1,Screening,Demographics,1,2025-10-10
TF-201-105-006,105,1,Screening,Inclusion/Exclusion,1,2025-10-14
TF-201-105-006,105,1,Screening,Medical History,1,2025-10-03
TF-201-105-006,105,1,Screening,Informed Consent,1,2025-10-09
TF-201-105-006,105,1,Screening,Laboratory,1,2025-10-03
TF-201-105-006,105,2,Baseline,Vital Signs,1,2025-10-21
TF-201-105-006,105,2,Baseline,PASI Score,1,2025-10-24
TF-201-105-006,105,2,Baseline,Laboratory,1,2025-10-31
TF-201-105-006,105,2,Baseline,Randomisation,1,2025-10-29
TF-201-105-006,105,3,Week 4,Vital Signs,1,2025-11-26
TF-201-105-006,105,3,Week 4,PASI Score,1,2025-11-26
TF-201-105-006,105,3,Week 4,Adverse Events,1,2025-11-23
TF-201-105-006,105,4,Week 8,Vital Signs,1,2025-12-23
TF-201-105-006,105,4,Week 8,PASI Score,1,2025-12-18
TF-201-105-006,105,4,Week 8,Laboratory,1,2025-12-12
TF-201-105-006,105,4,Week 8,Adverse Events,1,2025-12-23
TF-201-105-006,105,5,Week 12,Vital Signs,1,2026-01-22
TF-201-105-006,105,5,Week 12,PASI Score,1,2026-01-26
TF-201-105-006,105,5,Week 12,Adverse Events,1,2026-01-20
TF-201-105-006,105,6,Week 16 EOT,Vital Signs,1,2026-02-20
TF-201-105-006,105,6,Week 16 EOT,PASI Score,1,2026-02-10
TF-201-105-006,105,6,Week 16 EOT,Laboratory,1,2026-02-11
TF-201-105-006,105,6,Week 16 EOT,Adverse Events,1,2026-02-10
TF-201-105-006,105,6,Week 16 EOT,End of Treatment,1,2026-02-12
TF-201-105-007,105,1,Screening,Demographics,1,2026-06-06
TF-201-105-007,105,1,Screening,Inclusion/Exclusion,1,2026-06-05
TF-201-105-007,105,1,Screening,Medical History,1,2026-06-08
TF-201-105-007,105,1,Screening,Informed Consent,1,2026-06-12
TF-201-105-007,105,1,Screening,Laboratory,1,2026-06-12
TF-201-105-008,105,1,Screening,Demographics,1,2026-04-21
TF-201-105-008,105,1,Screening,Inclusion/Exclusion,1,2026-04-18
TF-201-105-008,105,1,Screening,Medical History,1,2026-04-16
TF-201-105-008,105,1,Screening,Informed Consent,1,2026-04-16
TF-201-105-008,105,1,Screening,Laboratory,1,2026-04-12
TF-201-105-008,105,2,Baseline,Vital Signs,1,2026-05-14
TF-201-105-008,105,2,Baseline,PASI Score,1,2026-05-04
TF-201-105-008,105,2,Baseline,Laboratory,1,2026-05-14
TF-201-105-008,105,2,Baseline,Randomisation,1,2026-05-03
TF-201-105-008,105,3,Week 4,Vital Signs,1,2026-06-08
TF-201-105-008,105,3,Week 4,PASI Score,1,2026-05-28
TF-201-105-008,105,3,Week 4,Adverse Events,1,2026-05-28
TF-201-105-008,105,4,Week 8,Vital Signs,1,2026-07-11
TF-201-105-008,105,4,Week 8,PASI Score,1,2026-07-08
TF-201-105-008,105,4,Week 8,Laboratory,0,
TF-201-105-008,105,4,Week 8,Adverse Events,1,2026-07-10
TF-201-105-008,105,5,Week 12,Vital Signs,1,2026-08-10
TF-201-105-008,105,5,Week 12,PASI Score,1,2026-08-03
TF-201-105-008,105,5,Week 12,Adverse Events,1,2026-07-31
TF-201-105-008,105,6,Week 16 EOT,Vital Signs,1,2026-08-25
TF-201-105-008,105,6,Week 16 EOT,PASI Score,1,2026-08-27
TF-201-105-008,105,6,Week 16 EOT,Laboratory,1,2026-08-26
TF-201-105-008,105,6,Week 16 EOT,Adverse Events,1,2026-08-27
TF-201-105-008,105,6,Week 16 EOT,End of Treatment,1,2026-08-20
TF-201-105-009,105,1,Screening,Demographics,1,2025-12-19
TF-201-105-009,105,1,Screening,Inclusion/Exclusion,1,2025-12-13
TF-201-105-009,105,1,Screening,Medical History,1,2025-12-18
TF-201-105-009,105,1,Screening,Informed Consent,1,2025-12-14
TF-201-105-009,105,1,Screening,Laboratory,1,2025-12-12
TF-201-105-009,105,2,Baseline,Vital Signs,1,2026-01-14
TF-201-105-009,105,2,Baseline,PASI Score,1,2026-01-08
TF-201-105-009,105,2,Baseline,Laboratory,1,2026-01-10
TF-201-105-009,105,2,Baseline,Randomisation,1,2026-01-16
TF-201-105-009,105,3,Week 4,Vital Signs,1,2026-02-11
TF-201-105-009,105,3,Week 4,PASI Score,1,2026-02-12
TF-201-105-009,105,3,Week 4,Adverse Events,1,2026-02-06
TF-201-105-009,105,4,Week 8,Vital Signs,1,2026-03-01
TF-201-105-009,105,4,Week 8,PASI Score,0,
TF-201-105-009,105,4,Week 8,Laboratory,1,2026-03-12
TF-201-105-009,105,4,Week 8,Adverse Events,1,2026-03-12
TF-201-105-009,105,5,Week 12,Vital Signs,1,2026-04-13
TF-201-105-009,105,5,Week 12,PASI Score,1,2026-04-06
TF-201-105-009,105,5,Week 12,Adverse Events,1,2026-04-04
TF-201-105-009,105,6,Week 16 EOT,Vital Signs,1,2026-05-05
TF-201-105-009,105,6,Week 16 EOT,PASI Score,1,2026-05-01
TF-201-105-009,105,6,Week 16 EOT,Laboratory,1,2026-05-02
TF-201-105-009,105,6,Week 16 EOT,Adverse Events,1,2026-04-29
TF-201-105-009,105,6,Week 16 EOT,End of Treatment,1,2026-04-28
TF-201-105-010,105,1,Screening,Demographics,1,2025-06-13
TF-201-105-010,105,1,Screening,Inclusion/Exclusion,1,2025-06-16
TF-201-105-010,105,1,Screening,Medical History,1,2025-06-20
TF-201-105-010,105,1,Screening,Informed Consent,1,2025-06-16
TF-201-105-010,105,1,Screening,Laboratory,1,2025-06-12
TF-201-105-010,105,2,Baseline,Vital Signs,1,2025-07-29
TF-201-105-010,105,2,Baseline,PASI Score,1,2025-07-25
TF-201-105-010,105,2,Baseline,Laboratory,1,2025-08-02
TF-201-105-010,105,2,Baseline,Randomisation,1,2025-08-03
TF-201-105-010,105,3,Week 4,Vital Signs,1,2025-08-18
TF-201-105-010,105,3,Week 4,PASI Score,1,2025-08-23
TF-201-105-010,105,3,Week 4,Adverse Events,1,2025-08-20
TF-201-105-010,105,4,Week 8,Vital Signs,1,2025-09-20
TF-201-105-010,105,4,Week 8,PASI Score,1,2025-09-20
TF-201-105-010,105,4,Week 8,Laboratory,1,2025-09-25
TF-201-105-010,105,4,Week 8,Adverse Events,1,2025-09-23
TF-201-105-010,105,5,Week 12,Vital Signs,1,2025-10-17
TF-201-105-010,105,5,Week 12,PASI Score,1,2025-10-13
TF-201-105-010,105,5,Week 12,Adverse Events,1,2025-10-18
TF-201-105-010,105,6,Week 16 EOT,Vital Signs,1,2025-11-19
TF-201-105-010,105,6,Week 16 EOT,PASI Score,0,
TF-201-105-010,105,6,Week 16 EOT,Laboratory,1,2025-11-26
TF-201-105-010,105,6,Week 16 EOT,Adverse Events,1,2025-11-25
TF-201-105-010,105,6,Week 16 EOT,End of Treatment,1,2025-11-25
TF-201-105-011,105,1,Screening,Demographics,1,2025-06-13
TF-201-105-011,105,1,Screening,Inclusion/Exclusion,1,2025-06-12
TF-201-105-011,105,1,Screening,Medical History,1,2025-06-12
TF-201-105-011,105,1,Screening,Informed Consent,1,2025-06-21
TF-201-105-011,105,1,Screening,Laboratory,1,2025-06-15
TF-201-105-011,105,2,Baseline,Vital Signs,1,2025-07-15
TF-201-105-011,105,2,Baseline,PASI Score,1,2025-07-10
TF-201-105-011,105,2,Baseline,Laboratory,1,2025-07-11
TF-201-105-011,105,2,Baseline,Randomisation,1,2025-07-09
TF-201-105-011,105,3,Week 4,Vital Signs,1,2025-08-07
TF-201-105-011,105,3,Week 4,PASI Score,1,2025-08-10
TF-201-105-011,105,3,Week 4,Adverse Events,1,2025-08-06
TF-201-105-011,105,4,Week 8,Vital Signs,1,2025-09-11
TF-201-105-011,105,4,Week 8,PASI Score,1,2025-09-07
TF-201-105-011,105,4,Week 8,Laboratory,1,2025-09-14
TF-201-105-011,105,4,Week 8,Adverse Events,1,2025-09-14
TF-201-105-011,105,5,Week 12,Vital Signs,1,2025-10-15
TF-201-105-011,105,5,Week 12,PASI Score,1,2025-10-09
TF-201-105-011,105,5,Week 12,Adverse Events,1,2025-10-09
TF-201-105-011,105,6,Week 16 EOT,Vital Signs,1,2025-11-08
TF-201-105-011,105,6,Week 16 EOT,PASI Score,1,2025-11-04
TF-201-105-011,105,6,Week 16 EOT,Laboratory,1,2025-11-12
TF-201-105-011,105,6,Week 16 EOT,Adverse Events,1,2025-11-03
TF-201-105-011,105,6,Week 16 EOT,End of Treatment,1,2025-11-12
TF-201-105-012,105,1,Screening,Demographics,1,2025-10-28
TF-201-105-012,105,1,Screening,Inclusion/Exclusion,1,2025-11-06
TF-201-105-012,105,1,Screening,Medical History,1,2025-10-31
TF-201-105-012,105,1,Screening,Informed Consent,1,2025-10-30
TF-201-105-012,105,1,Screening,Laboratory,1,2025-10-31
TF-201-105-012,105,2,Baseline,Vital Signs,1,2025-12-10
TF-201-105-012,105,2,Baseline,PASI Score,1,2025-12-01
TF-201-105-012,105,2,Baseline,Laboratory,1,2025-11-29
TF-201-105-012,105,2,Baseline,Randomisation,1,2025-12-05
TF-201-105-012,105,3,Week 4,Vital Signs,1,2026-01-01
TF-201-105-012,105,3,Week 4,PASI Score,1,2026-01-06
TF-201-105-012,105,3,Week 4,Adverse Events,1,2026-01-01
TF-201-105-012,105,4,Week 8,Vital Signs,1,2026-02-02
TF-201-105-012,105,4,Week 8,PASI Score,1,2026-02-06
TF-201-105-012,105,4,Week 8,Laboratory,1,2026-02-01
TF-201-105-012,105,4,Week 8,Adverse Events,1,2026-02-06
TF-201-105-012,105,5,Week 12,Vital Signs,1,2026-02-27
TF-201-105-012,105,5,Week 12,PASI Score,1,2026-02-28
TF-201-105-012,105,5,Week 12,Adverse Events,1,2026-02-24
TF-201-105-012,105,6,Week 16 EOT,Vital Signs,1,2026-04-03
TF-201-105-012,105,6,Week 16 EOT,PASI Score,1,2026-03-28
TF-201-105-012,105,6,Week 16 EOT,Laboratory,1,2026-04-01
TF-201-105-012,105,6,Week 16 EOT,Adverse Events,1,2026-03-28
TF-201-105-012,105,6,Week 16 EOT,End of Treatment,1,2026-04-02
TF-201-105-013,105,1,Screening,Demographics,1,2025-09-19
TF-201-105-013,105,1,Screening,Inclusion/Exclusion,1,2025-09-16
TF-201-105-013,105,1,Screening,Medical History,1,2025-09-21
TF-201-105-013,105,1,Screening,Informed Consent,1,2025-09-12
TF-201-105-013,105,1,Screening,Laboratory,1,2025-09-23
TF-201-105-013,105,2,Baseline,Vital Signs,1,2025-10-05
TF-201-105-013,105,2,Baseline,PASI Score,1,2025-10-06
TF-201-105-013,105,2,Baseline,Laboratory,0,
TF-201-105-013,105,2,Baseline,Randomisation,1,2025-10-05
TF-201-105-013,105,3,Week 4,Vital Signs,1,2025-11-08
TF-201-105-013,105,3,Week 4,PASI Score,1,2025-11-03
TF-201-105-013,105,3,Week 4,Adverse Events,1,2025-11-12
TF-201-105-013,105,4,Week 8,Vital Signs,1,2025-12-08
TF-201-105-013,105,4,Week 8,PASI Score,1,2025-12-07
TF-201-105-013,105,4,Week 8,Laboratory,1,2025-12-02
TF-201-105-013,105,4,Week 8,Adverse Events,1,2025-12-10
TF-201-105-013,105,5,Week 12,Vital Signs,1,2025-12-24
TF-201-105-013,105,5,Week 12,PASI Score,1,2025-12-30
TF-201-105-013,105,5,Week 12,Adverse Events,1,2025-12-25
TF-201-105-013,105,6,Week 16 EOT,Vital Signs,1,2026-01-29
TF-201-105-013,105,6,Week 16 EOT,PASI Score,1,2026-01-24
TF-201-105-013,105,6,Week 16 EOT,Laboratory,1,2026-01-21
TF-201-105-013,105,6,Week 16 EOT,Adverse Events,0,
TF-201-105-013,105,6,Week 16 EOT,End of Treatment,1,2026-01-27
TF-201-105-014,105,1,Screening,Demographics,1,2026-02-07
TF-201-105-014,105,1,Screening,Inclusion/Exclusion,1,2026-02-07
TF-201-105-014,105,1,Screening,Medical History,1,2026-02-05
TF-201-105-014,105,1,Screening,Informed Consent,1,2026-02-09
TF-201-105-014,105,1,Screening,Laboratory,1,2026-02-03
TF-201-105-014,105,2,Baseline,Vital Signs,1,2026-03-01
TF-201-105-014,105,2,Baseline,PASI Score,1,2026-02-26
TF-201-105-014,105,2,Baseline,Laboratory,1,2026-02-19
TF-201-105-014,105,2,Baseline,Randomisation,1,2026-02-24
TF-201-105-014,105,3,Week 4,Vital Signs,1,2026-03-31
TF-201-105-014,105,3,Week 4,PASI Score,1,2026-03-21
TF-201-105-014,105,3,Week 4,Adverse Events,1,2026-03-31
TF-201-105-014,105,4,Week 8,Vital Signs,1,2026-04-27
TF-201-105-014,105,4,Week 8,PASI Score,1,2026-04-28
TF-201-105-014,105,4,Week 8,Laboratory,1,2026-04-20
TF-201-105-014,105,4,Week 8,Adverse Events,1,2026-04-17
TF-201-105-014,105,5,Week 12,Vital Signs,1,2026-05-13
TF-201-105-014,105,5,Week 12,PASI Score,1,2026-05-19
TF-201-105-014,105,5,Week 12,Adverse Events,1,2026-05-22
TF-201-105-014,105,6,Week 16 EOT,Vital Signs,1,2026-06-23
TF-201-105-014,105,6,Week 16 EOT,PASI Score,1,2026-06-17
TF-201-105-014,105,6,Week 16 EOT,Laboratory,1,2026-06-23
TF-201-105-014,105,6,Week 16 EOT,Adverse Events,1,2026-06-13
TF-201-105-014,105,6,Week 16 EOT,End of Treatment,1,2026-06-20
TF-201-105-015,105,1,Screening,Demographics,1,2025-12-02
TF-201-105-015,105,1,Screening,Inclusion/Exclusion,1,2025-12-04
TF-201-105-015,105,1,Screening,Medical History,1,2025-12-12
TF-201-105-015,105,1,Screening,Informed Consent,1,2025-12-12
TF-201-105-015,105,1,Screening,Laboratory,1,2025-12-03
TF-201-105-015,105,2,Baseline,Vital Signs,1,2026-01-06
TF-201-105-015,105,2,Baseline,PASI Score,1,2026-01-05
TF-201-105-015,105,2,Baseline,Laboratory,1,2026-01-04
TF-201-105-015,105,2,Baseline,Randomisation,1,2026-01-11
TF-201-105-015,105,3,Week 4,Vital Signs,1,2026-02-02
TF-201-105-015,105,3,Week 4,PASI Score,1,2026-02-05
TF-201-105-015,105,3,Week 4,Adverse Events,1,2026-01-30
TF-201-105-015,105,4,Week 8,Vital Signs,0,
TF-201-105-015,105,4,Week 8,PASI Score,1,2026-03-05
TF-201-105-015,105,4,Week 8,Laboratory,1,2026-03-11
TF-201-105-015,105,4,Week 8,Adverse Events,1,2026-03-03
TF-201-105-015,105,5,Week 12,Vital Signs,1,2026-03-30
TF-201-105-015,105,5,Week 12,PASI Score,1,2026-03-29
TF-201-105-015,105,5,Week 12,Adverse Events,1,2026-04-05
TF-201-105-015,105,6,Week 16 EOT,Vital Signs,1,2026-04-28
TF-201-105-015,105,6,Week 16 EOT,PASI Score,1,2026-05-01
TF-201-105-015,105,6,Week 16 EOT,Laboratory,0,
TF-201-105-015,105,6,Week 16 EOT,Adverse Events,0,
TF-201-105-015,105,6,Week 16 EOT,End of Treatment,1,2026-04-27
TF-201-105-016,105,1,Screening,Demographics,1,2025-07-19
TF-201-105-016,105,1,Screening,Inclusion/Exclusion,1,2025-07-21
TF-201-105-016,105,1,Screening,Medical History,1,2025-07-20
TF-201-105-016,105,1,Screening,Informed Consent,1,2025-07-21
TF-201-105-016,105,1,Screening,Laboratory,1,2025-07-25
TF-201-105-016,105,2,Baseline,Vital Signs,1,2025-08-11
TF-201-105-016,105,2,Baseline,PASI Score,1,2025-08-11
TF-201-105-016,105,2,Baseline,Laboratory,1,2025-08-09
TF-201-105-016,105,2,Baseline,Randomisation,1,2025-08-16
TF-201-105-016,105,3,Week 4,Vital Signs,1,2025-09-07
TF-201-105-016,105,3,Week 4,PASI Score,1,2025-09-11
TF-201-105-016,105,3,Week 4,Adverse Events,1,2025-09-11
TF-201-105-016,105,4,Week 8,Vital Signs,1,2025-10-02
TF-201-105-016,105,4,Week 8,PASI Score,1,2025-10-06
TF-201-105-016,105,4,Week 8,Laboratory,1,2025-10-03
TF-201-105-016,105,4,Week 8,Adverse Events,1,2025-10-03
TF-201-105-016,105,5,Week 12,Vital Signs,1,2025-11-03
TF-201-105-016,105,5,Week 12,PASI Score,1,2025-11-01
TF-201-105-016,105,5,Week 12,Adverse Events,1,2025-10-27
TF-201-105-016,105,6,Week 16 EOT,Vital Signs,1,2025-11-27
TF-201-105-016,105,6,Week 16 EOT,PASI Score,1,2025-12-02
TF-201-105-016,105,6,Week 16 EOT,Laboratory,1,2025-11-22
TF-201-105-016,105,6,Week 16 EOT,Adverse Events,1,2025-11-23
TF-201-105-016,105,6,Week 16 EOT,End of Treatment,1,2025-11-23
TF-201-105-017,105,1,Screening,Demographics,1,2026-05-11
TF-201-105-017,105,1,Screening,Inclusion/Exclusion,1,2026-05-15
TF-201-105-017,105,1,Screening,Medical History,1,2026-05-09
TF-201-105-017,105,1,Screening,Informed Consent,1,2026-05-10
TF-201-105-017,105,1,Screening,Laboratory,1,2026-05-20
TF-201-105-017,105,2,Baseline,Vital Signs,1,2026-06-22
TF-201-105-017,105,2,Baseline,PASI Score,1,2026-06-22
TF-201-105-017,105,2,Baseline,Laboratory,1,2026-06-23
TF-201-105-017,105,2,Baseline,Randomisation,1,2026-06-23
TF-201-105-017,105,3,Week 4,Vital Signs,1,2026-07-16
TF-201-105-017,105,3,Week 4,PASI Score,1,2026-07-19
TF-201-105-017,105,3,Week 4,Adverse Events,1,2026-07-12
TF-201-105-017,105,4,Week 8,Vital Signs,1,2026-08-18
TF-201-105-017,105,4,Week 8,PASI Score,1,2026-08-19
TF-201-105-017,105,4,Week 8,Laboratory,1,2026-08-15
TF-201-105-017,105,4,Week 8,Adverse Events,1,2026-08-18
TF-201-105-018,105,1,Screening,Demographics,1,2026-06-04
TF-201-105-018,105,1,Screening,Inclusion/Exclusion,1,2026-06-06
TF-201-105-018,105,1,Screening,Medical History,1,2026-06-11
TF-201-105-018,105,1,Screening,Informed Consent,1,2026-06-05
TF-201-105-018,105,1,Screening,Laboratory,1,2026-06-03
TF-201-105-018,105,2,Baseline,Vital Signs,1,2026-07-10
TF-201-105-018,105,2,Baseline,PASI Score,1,2026-07-15
TF-201-105-018,105,2,Baseline,Laboratory,1,2026-07-20
TF-201-105-018,105,2,Baseline,Randomisation,1,2026-07-13
TF-201-105-018,105,3,Week 4,Vital Signs,1,2026-08-10
TF-201-105-018,105,3,Week 4,PASI Score,1,2026-08-10
TF-201-105-018,105,3,Week 4,Adverse Events,1,2026-08-16
TF-201-105-019,105,1,Screening,Demographics,1,2025-11-26
TF-201-105-019,105,1,Screening,Inclusion/Exclusion,1,2025-11-21
TF-201-105-019,105,1,Screening,Medical History,1,2025-11-15
TF-201-105-019,105,1,Screening,Informed Consent,1,2025-11-19
TF-201-105-019,105,1,Screening,Laboratory,1,2025-11-20
TF-201-105-019,105,2,Baseline,Vital Signs,1,2025-12-25
TF-201-105-019,105,2,Baseline,PASI Score,1,2025-12-27
TF-201-105-019,105,2,Baseline,Laboratory,1,2025-12-30
TF-201-105-019,105,2,Baseline,Randomisation,1,2025-12-27
TF-201-105-019,105,3,Week 4,Vital Signs,1,2026-01-27
TF-201-105-019,105,3,Week 4,PASI Score,1,2026-01-20
TF-201-105-019,105,3,Week 4,Adverse Events,1,2026-01-29
TF-201-105-019,105,4,Week 8,Vital Signs,1,2026-02-20
TF-201-105-019,105,4,Week 8,PASI Score,1,2026-02-20
TF-201-105-019,105,4,Week 8,Laboratory,1,2026-02-14
TF-201-105-019,105,4,Week 8,Adverse Events,1,2026-02-23
TF-201-105-019,105,5,Week 12,Vital Signs,1,2026-03-26
TF-201-105-019,105,5,Week 12,PASI Score,1,2026-03-17
TF-201-105-019,105,5,Week 12,Adverse Events,1,2026-03-25
TF-201-105-019,105,6,Week 16 EOT,Vital Signs,1,2026-04-15
TF-201-105-019,105,6,Week 16 EOT,PASI Score,1,2026-04-11
TF-201-105-019,105,6,Week 16 EOT,Laboratory,1,2026-04-13
TF-201-105-019,105,6,Week 16 EOT,Adverse Events,1,2026-04-19
TF-201-105-019,105,6,Week 16 EOT,End of Treatment,1,2026-04-17
TF-201-105-020,105,1,Screening,Demographics,1,2026-01-04
TF-201-105-020,105,1,Screening,Inclusion/Exclusion,1,2026-01-05
TF-201-105-020,105,1,Screening,Medical History,0,
TF-201-105-020,105,1,Screening,Informed Consent,1,2026-01-10
TF-201-105-020,105,1,Screening,Laboratory,1,2026-01-04
TF-201-105-020,105,2,Baseline,Vital Signs,1,2026-01-17
TF-201-105-020,105,2,Baseline,PASI Score,1,2026-01-22
TF-201-105-020,105,2,Baseline,Laboratory,1,2026-01-24
TF-201-105-020,105,2,Baseline,Randomisation,1,2026-01-23
TF-201-105-020,105,3,Week 4,Vital Signs,1,2026-02-22
TF-201-105-020,105,3,Week 4,PASI Score,1,2026-02-17
TF-201-105-020,105,3,Week 4,Adverse Events,1,2026-02-21
TF-201-105-020,105,4,Week 8,Vital Signs,1,2026-03-22
TF-201-105-020,105,4,Week 8,PASI Score,1,2026-03-23
TF-201-105-020,105,4,Week 8,Laboratory,1,2026-03-24
TF-201-105-020,105,4,Week 8,Adverse Events,1,2026-03-22
TF-201-105-020,105,5,Week 12,Vital Signs,1,2026-04-11
TF-201-105-020,105,5,Week 12,PASI Score,1,2026-04-16
TF-201-105-020,105,5,Week 12,Adverse Events,1,2026-04-06
TF-201-105-021,105,1,Screening,Demographics,1,2026-03-07
TF-201-105-021,105,1,Screening,Inclusion/Exclusion,1,2026-03-04
TF-201-105-021,105,1,Screening,Medical History,1,2026-03-09
TF-201-105-021,105,1,Screening,Informed Consent,1,2026-03-11
TF-201-105-021,105,1,Screening,Laboratory,1,2026-03-13
TF-201-105-021,105,2,Baseline,Vital Signs,1,2026-04-15
TF-201-105-021,105,2,Baseline,PASI Score,1,2026-04-18
TF-201-105-021,105,2,Baseline,Laboratory,1,2026-04-12
TF-201-105-021,105,2,Baseline,Randomisation,1,2026-04-15
TF-201-105-021,105,3,Week 4,Vital Signs,1,2026-05-15
TF-201-105-021,105,3,Week 4,PASI Score,1,2026-05-14
TF-201-105-021,105,3,Week 4,Adverse Events,1,2026-05-18
TF-201-105-021,105,4,Week 8,Vital Signs,1,2026-06-12
TF-201-105-021,105,4,Week 8,PASI Score,1,2026-06-12
TF-201-105-021,105,4,Week 8,Laboratory,1,2026-06-15
TF-201-105-021,105,4,Week 8,Adverse Events,1,2026-06-14
TF-201-105-021,105,5,Week 12,Vital Signs,1,2026-07-06
TF-201-105-021,105,5,Week 12,PASI Score,1,2026-07-11
TF-201-105-021,105,5,Week 12,Adverse Events,1,2026-07-05
TF-201-105-021,105,6,Week 16 EOT,Vital Signs,1,2026-08-20
TF-201-105-021,105,6,Week 16 EOT,PASI Score,1,2026-08-19
TF-201-105-021,105,6,Week 16 EOT,Laboratory,1,2026-08-12
TF-201-105-021,105,6,Week 16 EOT,Adverse Events,1,2026-08-14
TF-201-105-021,105,6,Week 16 EOT,End of Treatment,1,2026-08-18
TF-201-105-022,105,1,Screening,Demographics,1,2026-02-12
TF-201-105-022,105,1,Screening,Inclusion/Exclusion,1,2026-02-07
TF-201-105-022,105,1,Screening,Medical History,1,2026-02-06
TF-201-105-022,105,1,Screening,Informed Consent,1,2026-02-11
TF-201-105-022,105,1,Screening,Laboratory,1,2026-02-11
TF-201-105-022,105,2,Baseline,Vital Signs,1,2026-03-04
TF-201-105-022,105,2,Baseline,PASI Score,1,2026-02-24
TF-201-105-022,105,2,Baseline,Laboratory,1,2026-03-02
TF-201-105-022,105,2,Baseline,Randomisation,1,2026-03-04
TF-201-105-022,105,3,Week 4,Vital Signs,1,2026-03-21
TF-201-105-022,105,3,Week 4,PASI Score,1,2026-03-23
TF-201-105-022,105,3,Week 4,Adverse Events,1,2026-03-22
TF-201-105-022,105,4,Week 8,Vital Signs,1,2026-04-24
TF-201-105-022,105,4,Week 8,PASI Score,1,2026-04-22
TF-201-105-022,105,4,Week 8,Laboratory,1,2026-04-22
TF-201-105-022,105,4,Week 8,Adverse Events,1,2026-04-21
TF-201-105-022,105,5,Week 12,Vital Signs,1,2026-05-24
TF-201-105-022,105,5,Week 12,PASI Score,1,2026-05-25
TF-201-105-022,105,5,Week 12,Adverse Events,1,2026-05-31
TF-201-105-022,105,6,Week 16 EOT,Vital Signs,1,2026-06-23
TF-201-105-022,105,6,Week 16 EOT,PASI Score,1,2026-06-24
TF-201-105-022,105,6,Week 16 EOT,Laboratory,1,2026-06-25
TF-201-105-022,105,6,Week 16 EOT,Adverse Events,1,2026-06-21
TF-201-105-022,105,6,Week 16 EOT,End of Treatment,1,2026-06-30
TF-201-105-023,105,1,Screening,Demographics,1,2026-05-03
TF-201-105-023,105,1,Screening,Inclusion/Exclusion,1,2026-05-10
TF-201-105-023,105,1,Screening,Medical History,1,2026-04-30
TF-201-105-023,105,1,Screening,Informed Consent,1,2026-05-02
TF-201-105-023,105,1,Screening,Laboratory,1,2026-05-11
TF-201-105-023,105,2,Baseline,Vital Signs,1,2026-05-30
TF-201-105-023,105,2,Baseline,PASI Score,1,2026-05-29
TF-201-105-023,105,2,Baseline,Laboratory,1,2026-06-01
TF-201-105-023,105,2,Baseline,Randomisation,1,2026-05-28
TF-201-105-023,105,3,Week 4,Vital Signs,1,2026-06-26
TF-201-105-023,105,3,Week 4,PASI Score,1,2026-06-18
TF-201-105-023,105,3,Week 4,Adverse Events,1,2026-06-28
TF-201-105-023,105,4,Week 8,Vital Signs,1,2026-08-03
TF-201-105-023,105,4,Week 8,PASI Score,1,2026-07-27
TF-201-105-023,105,4,Week 8,Laboratory,1,2026-07-30
TF-201-105-023,105,4,Week 8,Adverse Events,1,2026-08-03
TF-201-105-023,105,5,Week 12,Vital Signs,1,2026-08-10
TF-201-105-023,105,5,Week 12,PASI Score,1,2026-08-07
TF-201-105-023,105,5,Week 12,Adverse Events,1,2026-08-07
TF-201-105-024,105,1,Screening,Demographics,1,2026-01-30
TF-201-105-024,105,1,Screening,Inclusion/Exclusion,1,2026-01-26
TF-201-105-024,105,1,Screening,Medical History,0,
TF-201-105-024,105,1,Screening,Informed Consent,1,2026-01-24
TF-201-105-024,105,1,Screening,Laboratory,1,2026-01-30
TF-201-105-024,105,2,Baseline,Vital Signs,1,2026-02-09
TF-201-105-024,105,2,Baseline,PASI Score,1,2026-02-14
TF-201-105-024,105,2,Baseline,Laboratory,1,2026-02-15
TF-201-105-024,105,2,Baseline,Randomisation,1,2026-02-09
TF-201-105-024,105,3,Week 4,Vital Signs,1,2026-03-17
TF-201-105-024,105,3,Week 4,PASI Score,1,2026-03-10
TF-201-105-024,105,3,Week 4,Adverse Events,1,2026-03-15
TF-201-105-024,105,4,Week 8,Vital Signs,1,2026-04-12
TF-201-105-024,105,4,Week 8,PASI Score,1,2026-04-16
TF-201-105-024,105,4,Week 8,Laboratory,0,
TF-201-105-024,105,4,Week 8,Adverse Events,1,2026-04-09
TF-201-105-024,105,5,Week 12,Vital Signs,1,2026-05-17
TF-201-105-024,105,5,Week 12,PASI Score,1,2026-05-15
TF-201-105-024,105,5,Week 12,Adverse Events,1,2026-05-10
TF-201-105-024,105,6,Week 16 EOT,Vital Signs,1,2026-06-14
TF-201-105-024,105,6,Week 16 EOT,PASI Score,1,2026-06-09
TF-201-105-024,105,6,Week 16 EOT,Laboratory,0,
TF-201-105-024,105,6,Week 16 EOT,Adverse Events,1,2026-06-10
TF-201-105-024,105,6,Week 16 EOT,End of Treatment,1,2026-06-06
TF-201-105-025,105,1,Screening,Demographics,1,2026-01-11
TF-201-105-025,105,1,Screening,Inclusion/Exclusion,1,2026-01-14
TF-201-105-025,105,1,Screening,Medical History,1,2026-01-12
TF-201-105-025,105,1,Screening,Informed Consent,1,2026-01-14
TF-201-105-025,105,1,Screening,Laboratory,1,2026-01-15
TF-201-105-025,105,2,Baseline,Vital Signs,1,2026-02-03
TF-201-105-025,105,2,Baseline,PASI Score,1,2026-02-05
TF-201-105-025,105,2,Baseline,Laboratory,1,2026-02-06
TF-201-105-025,105,2,Baseline,Randomisation,1,2026-02-02
TF-201-105-025,105,3,Week 4,Vital Signs,1,2026-03-03
TF-201-105-025,105,3,Week 4,PASI Score,1,2026-02-24
TF-201-105-025,105,3,Week 4,Adverse Events,1,2026-02-28
TF-201-105-025,105,4,Week 8,Vital Signs,1,2026-03-29
TF-201-105-025,105,4,Week 8,PASI Score,1,2026-03-28
TF-201-105-025,105,4,Week 8,Laboratory,1,2026-03-27
TF-201-105-025,105,4,Week 8,Adverse Events,1,2026-04-06
TF-201-105-025,105,5,Week 12,Vital Signs,1,2026-04-15
TF-201-105-025,105,5,Week 12,PASI Score,1,2026-04-26
TF-201-105-025,105,5,Week 12,Adverse Events,1,2026-04-26
TF-201-105-025,105,6,Week 16 EOT,Vital Signs,1,2026-05-16
TF-201-105-025,105,6,Week 16 EOT,PASI Score,1,2026-05-08
TF-201-105-025,105,6,Week 16 EOT,Laboratory,1,2026-05-19
TF-201-105-025,105,6,Week 16 EOT,Adverse Events,1,2026-05-17
TF-201-105-025,105,6,Week 16 EOT,End of Treatment,1,2026-05-09
TF-201-106-001,106,1,Screening,Demographics,1,2025-10-19
TF-201-106-001,106,1,Screening,Inclusion/Exclusion,1,2025-10-15
TF-201-106-001,106,1,Screening,Medical History,1,2025-10-22
TF-201-106-001,106,1,Screening,Informed Consent,1,2025-10-19
TF-201-106-001,106,1,Screening,Laboratory,1,2025-10-22
TF-201-106-001,106,2,Baseline,Vital Signs,1,2025-10-30
TF-201-106-001,106,2,Baseline,PASI Score,1,2025-11-06
TF-201-106-001,106,2,Baseline,Laboratory,1,2025-11-04
TF-201-106-001,106,2,Baseline,Randomisation,1,2025-11-04
TF-201-106-001,106,3,Week 4,Vital Signs,1,2025-12-05
TF-201-106-001,106,3,Week 4,PASI Score,1,2025-11-29
TF-201-106-001,106,3,Week 4,Adverse Events,1,2025-11-25
TF-201-106-001,106,4,Week 8,Vital Signs,1,2025-12-25
TF-201-106-001,106,4,Week 8,PASI Score,1,2025-12-26
TF-201-106-001,106,4,Week 8,Laboratory,1,2025-12-23
TF-201-106-001,106,4,Week 8,Adverse Events,1,2025-12-23
TF-201-106-001,106,5,Week 12,Vital Signs,1,2026-01-20
TF-201-106-001,106,5,Week 12,PASI Score,1,2026-01-31
TF-201-106-001,106,5,Week 12,Adverse Events,1,2026-01-21
TF-201-106-001,106,6,Week 16 EOT,Vital Signs,1,2026-02-24
TF-201-106-001,106,6,Week 16 EOT,PASI Score,1,2026-03-02
TF-201-106-001,106,6,Week 16 EOT,Laboratory,1,2026-03-01
TF-201-106-001,106,6,Week 16 EOT,Adverse Events,1,2026-02-21
TF-201-106-001,106,6,Week 16 EOT,End of Treatment,1,2026-02-26
TF-201-106-002,106,1,Screening,Demographics,1,2026-07-07
TF-201-106-002,106,1,Screening,Inclusion/Exclusion,1,2026-06-29
TF-201-106-002,106,1,Screening,Medical History,1,2026-07-02
TF-201-106-002,106,1,Screening,Informed Consent,1,2026-07-08
TF-201-106-002,106,1,Screening,Laboratory,1,2026-06-28
TF-201-106-002,106,2,Baseline,Vital Signs,1,2026-07-26
TF-201-106-002,106,2,Baseline,PASI Score,1,2026-07-21
TF-201-106-002,106,2,Baseline,Laboratory,1,2026-07-17
TF-201-106-002,106,2,Baseline,Randomisation,1,2026-07-20
TF-201-106-002,106,3,Week 4,Vital Signs,1,2026-08-24
TF-201-106-002,106,3,Week 4,PASI Score,1,2026-08-24
TF-201-106-002,106,3,Week 4,Adverse Events,1,2026-08-23
TF-201-106-003,106,1,Screening,Demographics,1,2026-03-02
TF-201-106-003,106,1,Screening,Inclusion/Exclusion,1,2026-02-22
TF-201-106-003,106,1,Screening,Medical History,1,2026-02-28
TF-201-106-003,106,1,Screening,Informed Consent,1,2026-03-04
TF-201-106-003,106,1,Screening,Laboratory,1,2026-02-27
TF-201-106-003,106,2,Baseline,Vital Signs,1,2026-04-01
TF-201-106-003,106,2,Baseline,PASI Score,1,2026-04-01
TF-201-106-003,106,2,Baseline,Laboratory,1,2026-04-06
TF-201-106-003,106,2,Baseline,Randomisation,1,2026-04-01
TF-201-106-003,106,3,Week 4,Vital Signs,1,2026-05-06
TF-201-106-003,106,3,Week 4,PASI Score,1,2026-05-06
TF-201-106-003,106,3,Week 4,Adverse Events,1,2026-05-06
TF-201-106-003,106,4,Week 8,Vital Signs,1,2026-05-31
TF-201-106-003,106,4,Week 8,PASI Score,1,2026-05-28
TF-201-106-003,106,4,Week 8,Laboratory,1,2026-06-03
TF-201-106-003,106,4,Week 8,Adverse Events,1,2026-06-07
TF-201-106-003,106,5,Week 12,Vital Signs,1,2026-07-04
TF-201-106-003,106,5,Week 12,PASI Score,1,2026-07-01
TF-201-106-003,106,5,Week 12,Adverse Events,1,2026-07-03
TF-201-106-003,106,6,Week 16 EOT,Vital Signs,1,2026-07-24
TF-201-106-003,106,6,Week 16 EOT,PASI Score,1,2026-07-21
TF-201-106-003,106,6,Week 16 EOT,Laboratory,1,2026-07-27
TF-201-106-003,106,6,Week 16 EOT,Adverse Events,0,
TF-201-106-003,106,6,Week 16 EOT,End of Treatment,1,2026-07-31
TF-201-106-004,106,1,Screening,Demographics,1,2026-06-10
TF-201-106-004,106,1,Screening,Inclusion/Exclusion,1,2026-06-06
TF-201-106-004,106,1,Screening,Medical History,1,2026-06-15
TF-201-106-004,106,1,Screening,Informed Consent,1,2026-06-13
TF-201-106-004,106,1,Screening,Laboratory,1,2026-06-10
TF-201-106-004,106,2,Baseline,Vital Signs,1,2026-06-21
TF-201-106-004,106,2,Baseline,PASI Score,1,2026-06-28
TF-201-106-004,106,2,Baseline,Laboratory,1,2026-06-21
TF-201-106-004,106,2,Baseline,Randomisation,1,2026-06-29
TF-201-106-004,106,3,Week 4,Vital Signs,1,2026-07-17
TF-201-106-004,106,3,Week 4,PASI Score,1,2026-07-28
TF-201-106-004,106,3,Week 4,Adverse Events,1,2026-07-23
TF-201-106-005,106,1,Screening,Demographics,1,2026-04-04
TF-201-106-005,106,1,Screening,Inclusion/Exclusion,1,2026-04-03
TF-201-106-005,106,1,Screening,Medical History,1,2026-04-02
TF-201-106-005,106,1,Screening,Informed Consent,1,2026-04-10
TF-201-106-005,106,1,Screening,Laboratory,1,2026-04-09
TF-201-106-005,106,2,Baseline,Vital Signs,1,2026-04-22
TF-201-106-005,106,2,Baseline,PASI Score,1,2026-04-29
TF-201-106-005,106,2,Baseline,Laboratory,1,2026-04-29
TF-201-106-005,106,2,Baseline,Randomisation,1,2026-04-24
TF-201-106-005,106,3,Week 4,Vital Signs,1,2026-05-21
TF-201-106-005,106,3,Week 4,PASI Score,1,2026-05-17
TF-201-106-005,106,3,Week 4,Adverse Events,1,2026-05-20
TF-201-106-005,106,4,Week 8,Vital Signs,1,2026-06-24
TF-201-106-005,106,4,Week 8,PASI Score,1,2026-06-22
TF-201-106-005,106,4,Week 8,Laboratory,1,2026-06-19
TF-201-106-005,106,4,Week 8,Adverse Events,1,2026-06-24
TF-201-106-005,106,5,Week 12,Vital Signs,1,2026-07-14
TF-201-106-005,106,5,Week 12,PASI Score,1,2026-07-14
TF-201-106-005,106,5,Week 12,Adverse Events,1,2026-07-07
TF-201-106-005,106,6,Week 16 EOT,Vital Signs,1,2026-08-13
TF-201-106-005,106,6,Week 16 EOT,PASI Score,1,2026-08-11
TF-201-106-005,106,6,Week 16 EOT,Laboratory,1,2026-08-15
TF-201-106-005,106,6,Week 16 EOT,Adverse Events,1,2026-08-13
TF-201-106-005,106,6,Week 16 EOT,End of Treatment,1,2026-08-15
TF-201-106-006,106,1,Screening,Demographics,1,2025-08-12
TF-201-106-006,106,1,Screening,Inclusion/Exclusion,1,2025-08-20
TF-201-106-006,106,1,Screening,Medical History,1,2025-08-20
TF-201-106-006,106,1,Screening,Informed Consent,1,2025-08-12
TF-201-106-006,106,1,Screening,Laboratory,1,2025-08-14
TF-201-106-006,106,2,Baseline,Vital Signs,1,2025-09-05
TF-201-106-006,106,2,Baseline,PASI Score,1,2025-09-10
TF-201-106-006,106,2,Baseline,Laboratory,1,2025-09-10
TF-201-106-006,106,2,Baseline,Randomisation,1,2025-09-05
TF-201-106-006,106,3,Week 4,Vital Signs,1,2025-10-13
TF-201-106-006,106,3,Week 4,PASI Score,1,2025-10-04
TF-201-106-006,106,3,Week 4,Adverse Events,1,2025-10-10
TF-201-106-006,106,4,Week 8,Vital Signs,1,2025-11-13
TF-201-106-006,106,4,Week 8,PASI Score,1,2025-11-12
TF-201-106-006,106,4,Week 8,Laboratory,1,2025-11-11
TF-201-106-006,106,4,Week 8,Adverse Events,1,2025-11-12
TF-201-106-006,106,5,Week 12,Vital Signs,1,2025-11-29
TF-201-106-006,106,5,Week 12,PASI Score,1,2025-11-29
TF-201-106-006,106,5,Week 12,Adverse Events,1,2025-12-07
TF-201-106-006,106,6,Week 16 EOT,Vital Signs,1,2026-01-09
TF-201-106-006,106,6,Week 16 EOT,PASI Score,1,2026-01-09
TF-201-106-006,106,6,Week 16 EOT,Laboratory,1,2026-01-11
TF-201-106-006,106,6,Week 16 EOT,Adverse Events,1,2026-01-03
TF-201-106-006,106,6,Week 16 EOT,End of Treatment,1,2026-01-01
TF-201-106-007,106,1,Screening,Demographics,1,2026-07-01
TF-201-106-007,106,1,Screening,Inclusion/Exclusion,1,2026-06-24
TF-201-106-007,106,1,Screening,Medical History,1,2026-06-28
TF-201-106-007,106,1,Screening,Informed Consent,1,2026-06-25
TF-201-106-007,106,1,Screening,Laboratory,1,2026-07-02
TF-201-106-007,106,2,Baseline,Vital Signs,1,2026-07-22
TF-201-106-007,106,2,Baseline,PASI Score,1,2026-07-29
TF-201-106-007,106,2,Baseline,Laboratory,1,2026-08-02
TF-201-106-007,106,2,Baseline,Randomisation,1,2026-08-01
TF-201-106-007,106,3,Week 4,Vital Signs,1,2026-08-27
TF-201-106-007,106,3,Week 4,PASI Score,0,
TF-201-106-007,106,3,Week 4,Adverse Events,1,2026-08-28
TF-201-106-008,106,1,Screening,Demographics,1,2025-12-08
TF-201-106-008,106,1,Screening,Inclusion/Exclusion,1,2025-12-05
TF-201-106-008,106,1,Screening,Medical History,1,2025-12-07
TF-201-106-008,106,1,Screening,Informed Consent,1,2025-12-14
TF-201-106-008,106,1,Screening,Laboratory,1,2025-12-15
TF-201-106-008,106,2,Baseline,Vital Signs,1,2025-12-27
TF-201-106-008,106,2,Baseline,PASI Score,1,2025-12-31
TF-201-106-008,106,2,Baseline,Laboratory,1,2025-12-30
TF-201-106-008,106,2,Baseline,Randomisation,1,2026-01-01
TF-201-106-008,106,3,Week 4,Vital Signs,1,2026-01-28
TF-201-106-008,106,3,Week 4,PASI Score,1,2026-01-26
TF-201-106-008,106,3,Week 4,Adverse Events,1,2026-01-17
TF-201-106-008,106,4,Week 8,Vital Signs,1,2026-02-23
TF-201-106-008,106,4,Week 8,PASI Score,1,2026-02-24
TF-201-106-008,106,4,Week 8,Laboratory,1,2026-02-21
TF-201-106-008,106,4,Week 8,Adverse Events,1,2026-02-25
TF-201-106-008,106,5,Week 12,Vital Signs,1,2026-03-19
TF-201-106-008,106,5,Week 12,PASI Score,1,2026-03-28
TF-201-106-008,106,5,Week 12,Adverse Events,1,2026-03-26
TF-201-106-008,106,6,Week 16 EOT,Vital Signs,1,2026-04-15
TF-201-106-008,106,6,Week 16 EOT,PASI Score,1,2026-04-25
TF-201-106-008,106,6,Week 16 EOT,Laboratory,1,2026-04-24
TF-201-106-008,106,6,Week 16 EOT,Adverse Events,1,2026-04-21
TF-201-106-008,106,6,Week 16 EOT,End of Treatment,1,2026-04-18
TF-201-106-009,106,1,Screening,Demographics,1,2025-08-20
TF-201-106-009,106,1,Screening,Inclusion/Exclusion,1,2025-08-18
TF-201-106-009,106,1,Screening,Medical History,1,2025-08-23
TF-201-106-009,106,1,Screening,Informed Consent,1,2025-08-19
TF-201-106-009,106,1,Screening,Laboratory,1,2025-08-21
TF-201-106-009,106,2,Baseline,Vital Signs,1,2025-09-01
TF-201-106-009,106,2,Baseline,PASI Score,1,2025-09-01
TF-201-106-009,106,2,Baseline,Laboratory,1,2025-09-01
TF-201-106-009,106,2,Baseline,Randomisation,1,2025-08-31
TF-201-106-009,106,3,Week 4,Vital Signs,1,2025-10-03
TF-201-106-009,106,3,Week 4,PASI Score,1,2025-10-07
TF-201-106-009,106,3,Week 4,Adverse Events,1,2025-10-04
TF-201-106-009,106,4,Week 8,Vital Signs,1,2025-11-01
TF-201-106-009,106,4,Week 8,PASI Score,1,2025-10-30
TF-201-106-009,106,4,Week 8,Laboratory,1,2025-11-02
TF-201-106-009,106,4,Week 8,Adverse Events,1,2025-10-27
TF-201-106-009,106,5,Week 12,Vital Signs,1,2025-12-04
TF-201-106-009,106,5,Week 12,PASI Score,1,2025-12-05
TF-201-106-009,106,5,Week 12,Adverse Events,1,2025-11-28
TF-201-106-009,106,6,Week 16 EOT,Vital Signs,1,2025-12-28
TF-201-106-009,106,6,Week 16 EOT,PASI Score,1,2026-01-05
TF-201-106-009,106,6,Week 16 EOT,Laboratory,1,2025-12-29
TF-201-106-009,106,6,Week 16 EOT,Adverse Events,1,2026-01-01
TF-201-106-009,106,6,Week 16 EOT,End of Treatment,1,2025-12-28
TF-201-106-010,106,1,Screening,Demographics,1,2025-10-15
TF-201-106-010,106,1,Screening,Inclusion/Exclusion,1,2025-10-15
TF-201-106-010,106,1,Screening,Medical History,1,2025-10-24
TF-201-106-010,106,1,Screening,Informed Consent,1,2025-10-13
TF-201-106-010,106,1,Screening,Laboratory,1,2025-10-23
TF-201-106-010,106,2,Baseline,Vital Signs,1,2025-11-04
TF-201-106-010,106,2,Baseline,PASI Score,1,2025-11-14
TF-201-106-010,106,2,Baseline,Laboratory,1,2025-11-10
TF-201-106-010,106,2,Baseline,Randomisation,1,2025-11-09
TF-201-106-010,106,3,Week 4,Vital Signs,1,2025-12-02
TF-201-106-010,106,3,Week 4,PASI Score,1,2025-12-07
TF-201-106-010,106,3,Week 4,Adverse Events,1,2025-11-30
TF-201-106-010,106,4,Week 8,Vital Signs,1,2026-01-10
TF-201-106-010,106,4,Week 8,PASI Score,1,2026-01-05
TF-201-106-010,106,4,Week 8,Laboratory,1,2026-01-05
TF-201-106-010,106,4,Week 8,Adverse Events,1,2026-01-12
TF-201-106-010,106,5,Week 12,Vital Signs,1,2026-02-08
TF-201-106-010,106,5,Week 12,PASI Score,1,2026-02-09
TF-201-106-010,106,5,Week 12,Adverse Events,1,2026-02-04
TF-201-106-010,106,6,Week 16 EOT,Vital Signs,1,2026-02-28
TF-201-106-010,106,6,Week 16 EOT,PASI Score,1,2026-03-06
TF-201-106-010,106,6,Week 16 EOT,Laboratory,1,2026-03-05
TF-201-106-010,106,6,Week 16 EOT,Adverse Events,1,2026-03-09
TF-201-106-010,106,6,Week 16 EOT,End of Treatment,1,2026-03-06
TF-201-106-011,106,1,Screening,Demographics,1,2025-09-11
TF-201-106-011,106,1,Screening,Inclusion/Exclusion,1,2025-09-05
TF-201-106-011,106,1,Screening,Medical History,1,2025-09-11
TF-201-106-011,106,1,Screening,Informed Consent,1,2025-09-07
TF-201-106-011,106,1,Screening,Laboratory,1,2025-09-04
TF-201-106-011,106,2,Baseline,Vital Signs,1,2025-10-23
TF-201-106-011,106,2,Baseline,PASI Score,1,2025-10-23
TF-201-106-011,106,2,Baseline,Laboratory,1,2025-10-20
TF-201-106-011,106,2,Baseline,Randomisation,1,2025-10-15
TF-201-106-011,106,3,Week 4,Vital Signs,1,2025-11-10
TF-201-106-011,106,3,Week 4,PASI Score,1,2025-11-16
TF-201-106-011,106,3,Week 4,Adverse Events,1,2025-11-16
TF-201-106-011,106,4,Week 8,Vital Signs,1,2025-12-18
TF-201-106-011,106,4,Week 8,PASI Score,1,2025-12-20
TF-201-106-011,106,4,Week 8,Laboratory,1,2025-12-16
TF-201-106-011,106,4,Week 8,Adverse Events,1,2025-12-18
TF-201-106-011,106,5,Week 12,Vital Signs,1,2026-01-10
TF-201-106-011,106,5,Week 12,PASI Score,1,2026-01-13
TF-201-106-011,106,5,Week 12,Adverse Events,1,2026-01-08
TF-201-106-011,106,6,Week 16 EOT,Vital Signs,1,2026-02-17
TF-201-106-011,106,6,Week 16 EOT,PASI Score,1,2026-02-13
TF-201-106-011,106,6,Week 16 EOT,Laboratory,1,2026-02-13
TF-201-106-011,106,6,Week 16 EOT,Adverse Events,1,2026-02-08
TF-201-106-011,106,6,Week 16 EOT,End of Treatment,1,2026-02-10
TF-201-106-012,106,1,Screening,Demographics,1,2026-04-07
TF-201-106-012,106,1,Screening,Inclusion/Exclusion,1,2026-03-31
TF-201-106-012,106,1,Screening,Medical History,1,2026-04-11
TF-201-106-012,106,1,Screening,Informed Consent,1,2026-04-07
TF-201-106-012,106,1,Screening,Laboratory,1,2026-04-02
TF-201-106-012,106,2,Baseline,Vital Signs,1,2026-05-11
TF-201-106-012,106,2,Baseline,PASI Score,1,2026-05-05
TF-201-106-012,106,2,Baseline,Laboratory,1,2026-05-12
TF-201-106-012,106,2,Baseline,Randomisation,1,2026-05-08
TF-201-106-012,106,3,Week 4,Vital Signs,1,2026-06-06
TF-201-106-012,106,3,Week 4,PASI Score,1,2026-06-08
TF-201-106-012,106,3,Week 4,Adverse Events,1,2026-06-03
TF-201-106-012,106,4,Week 8,Vital Signs,1,2026-06-30
TF-201-106-012,106,4,Week 8,PASI Score,1,2026-07-06
TF-201-106-012,106,4,Week 8,Laboratory,1,2026-07-04
TF-201-106-012,106,4,Week 8,Adverse Events,1,2026-07-04
TF-201-106-012,106,5,Week 12,Vital Signs,1,2026-07-26
TF-201-106-012,106,5,Week 12,PASI Score,0,
TF-201-106-012,106,5,Week 12,Adverse Events,1,2026-07-22
TF-201-106-012,106,6,Week 16 EOT,Vital Signs,1,2026-08-28
TF-201-106-012,106,6,Week 16 EOT,PASI Score,1,2026-08-27
TF-201-106-012,106,6,Week 16 EOT,Laboratory,1,2026-08-27
TF-201-106-012,106,6,Week 16 EOT,Adverse Events,1,2026-08-30
TF-201-106-012,106,6,Week 16 EOT,End of Treatment,1,2026-08-25
TF-201-106-013,106,1,Screening,Demographics,1,2026-02-15
TF-201-106-013,106,1,Screening,Inclusion/Exclusion,1,2026-02-19
TF-201-106-013,106,1,Screening,Medical History,1,2026-02-16
TF-201-106-013,106,1,Screening,Informed Consent,1,2026-02-21
TF-201-106-013,106,1,Screening,Laboratory,1,2026-02-15
TF-201-106-013,106,2,Baseline,Vital Signs,1,2026-03-13
TF-201-106-013,106,2,Baseline,PASI Score,1,2026-03-08
TF-201-106-013,106,2,Baseline,Laboratory,1,2026-03-10
TF-201-106-013,106,2,Baseline,Randomisation,1,2026-03-07
TF-201-106-013,106,3,Week 4,Vital Signs,1,2026-04-10
TF-201-106-013,106,3,Week 4,PASI Score,1,2026-04-08
TF-201-106-013,106,3,Week 4,Adverse Events,1,2026-04-12
TF-201-106-013,106,4,Week 8,Vital Signs,1,2026-04-27
TF-201-106-013,106,4,Week 8,PASI Score,1,2026-04-30
TF-201-106-013,106,4,Week 8,Laboratory,1,2026-04-29
TF-201-106-013,106,4,Week 8,Adverse Events,0,
TF-201-106-013,106,5,Week 12,Vital Signs,1,2026-05-30
TF-201-106-013,106,5,Week 12,PASI Score,1,2026-05-29
TF-201-106-013,106,5,Week 12,Adverse Events,1,2026-06-01
TF-201-106-013,106,6,Week 16 EOT,Vital Signs,1,2026-07-06
TF-201-106-013,106,6,Week 16 EOT,PASI Score,1,2026-07-06
TF-201-106-013,106,6,Week 16 EOT,Laboratory,1,2026-06-27
TF-201-106-013,106,6,Week 16 EOT,Adverse Events,1,2026-06-29
TF-201-106-013,106,6,Week 16 EOT,End of Treatment,1,2026-07-02
TF-201-106-014,106,1,Screening,Demographics,1,2026-06-27
TF-201-106-014,106,1,Screening,Inclusion/Exclusion,1,2026-06-27
TF-201-106-014,106,1,Screening,Medical History,1,2026-06-22
TF-201-106-014,106,1,Screening,Informed Consent,1,2026-06-21
TF-201-106-014,106,1,Screening,Laboratory,1,2026-06-22
TF-201-106-015,106,1,Screening,Demographics,1,2025-11-02
TF-201-106-015,106,1,Screening,Inclusion/Exclusion,1,2025-11-02
TF-201-106-015,106,1,Screening,Medical History,1,2025-10-27
TF-201-106-015,106,1,Screening,Informed Consent,1,2025-10-28
TF-201-106-015,106,1,Screening,Laboratory,1,2025-10-23
TF-201-106-015,106,2,Baseline,Vital Signs,1,2025-12-07
TF-201-106-015,106,2,Baseline,PASI Score,1,2025-12-01
TF-201-106-015,106,2,Baseline,Laboratory,1,2025-11-28
TF-201-106-015,106,2,Baseline,Randomisation,1,2025-12-08
TF-201-106-015,106,3,Week 4,Vital Signs,1,2026-01-02
TF-201-106-015,106,3,Week 4,PASI Score,1,2025-12-30
TF-201-106-015,106,3,Week 4,Adverse Events,1,2025-12-22
TF-201-106-015,106,4,Week 8,Vital Signs,1,2026-01-23
TF-201-106-015,106,4,Week 8,PASI Score,1,2026-01-22
TF-201-106-015,106,4,Week 8,Laboratory,1,2026-01-22
TF-201-106-015,106,4,Week 8,Adverse Events,1,2026-02-02
TF-201-106-015,106,5,Week 12,Vital Signs,1,2026-02-27
TF-201-106-015,106,5,Week 12,PASI Score,1,2026-02-20
TF-201-106-015,106,5,Week 12,Adverse Events,1,2026-02-17
TF-201-106-015,106,6,Week 16 EOT,Vital Signs,1,2026-03-21
TF-201-106-015,106,6,Week 16 EOT,PASI Score,1,2026-03-23
TF-201-106-015,106,6,Week 16 EOT,Laboratory,1,2026-03-25
TF-201-106-015,106,6,Week 16 EOT,Adverse Events,1,2026-03-24
TF-201-106-015,106,6,Week 16 EOT,End of Treatment,1,2026-04-01
TF-201-106-016,106,1,Screening,Demographics,1,2026-07-28
TF-201-106-016,106,1,Screening,Inclusion/Exclusion,1,2026-07-21
TF-201-106-016,106,1,Screening,Medical History,1,2026-07-23
TF-201-106-016,106,1,Screening,Informed Consent,1,2026-07-27
TF-201-106-016,106,1,Screening,Laboratory,1,2026-07-28
TF-201-106-016,106,2,Baseline,Vital Signs,1,2026-09-04
TF-201-106-016,106,2,Baseline,PASI Score,1,2026-09-06
TF-201-106-016,106,2,Baseline,Laboratory,1,2026-09-08
TF-201-106-016,106,2,Baseline,Randomisation,1,2026-08-31
TF-201-106-017,106,1,Screening,Demographics,1,2025-08-26
TF-201-106-017,106,1,Screening,Inclusion/Exclusion,1,2025-08-30
TF-201-106-017,106,1,Screening,Medical History,1,2025-08-25
TF-201-106-017,106,1,Screening,Informed Consent,1,2025-09-01
TF-201-106-017,106,1,Screening,Laboratory,1,2025-09-01
TF-201-106-017,106,2,Baseline,Vital Signs,1,2025-09-20
TF-201-106-017,106,2,Baseline,PASI Score,1,2025-09-21
TF-201-106-017,106,2,Baseline,Laboratory,1,2025-09-23
TF-201-106-017,106,2,Baseline,Randomisation,1,2025-09-24
TF-201-106-017,106,3,Week 4,Vital Signs,1,2025-10-21
TF-201-106-017,106,3,Week 4,PASI Score,1,2025-10-21
TF-201-106-017,106,3,Week 4,Adverse Events,1,2025-10-19
TF-201-106-017,106,4,Week 8,Vital Signs,1,2025-11-22
TF-201-106-017,106,4,Week 8,PASI Score,1,2025-11-20
TF-201-106-017,106,4,Week 8,Laboratory,1,2025-11-23
TF-201-106-017,106,4,Week 8,Adverse Events,1,2025-11-23
TF-201-106-017,106,5,Week 12,Vital Signs,1,2025-12-17
TF-201-106-017,106,5,Week 12,PASI Score,1,2025-12-14
TF-201-106-017,106,5,Week 12,Adverse Events,1,2025-12-20
TF-201-106-017,106,6,Week 16 EOT,Vital Signs,1,2026-01-16
TF-201-106-017,106,6,Week 16 EOT,PASI Score,1,2026-01-23
TF-201-106-017,106,6,Week 16 EOT,Laboratory,1,2026-01-22
TF-201-106-017,106,6,Week 16 EOT,Adverse Events,1,2026-01-15
TF-201-106-017,106,6,Week 16 EOT,End of Treatment,1,2026-01-21
TF-201-106-018,106,1,Screening,Demographics,1,2026-03-06
TF-201-106-018,106,1,Screening,Inclusion/Exclusion,1,2026-02-26
TF-201-106-018,106,1,Screening,Medical History,0,
TF-201-106-018,106,1,Screening,Informed Consent,1,2026-03-07
TF-201-106-018,106,1,Screening,Laboratory,1,2026-02-25
TF-201-106-018,106,2,Baseline,Vital Signs,1,2026-04-04
TF-201-106-018,106,2,Baseline,PASI Score,1,2026-04-08
TF-201-106-018,106,2,Baseline,Laboratory,1,2026-04-06
TF-201-106-018,106,2,Baseline,Randomisation,1,2026-04-08
TF-201-106-018,106,3,Week 4,Vital Signs,1,2026-05-08
TF-201-106-018,106,3,Week 4,PASI Score,1,2026-04-29
TF-201-106-018,106,3,Week 4,Adverse Events,1,2026-05-03
TF-201-106-018,106,4,Week 8,Vital Signs,1,2026-05-30
TF-201-106-018,106,4,Week 8,PASI Score,1,2026-06-05
TF-201-106-018,106,4,Week 8,Laboratory,1,2026-05-30
TF-201-106-018,106,4,Week 8,Adverse Events,1,2026-06-01
TF-201-106-018,106,5,Week 12,Vital Signs,1,2026-06-18
TF-201-106-018,106,5,Week 12,PASI Score,1,2026-06-21
TF-201-106-018,106,5,Week 12,Adverse Events,1,2026-06-24
TF-201-106-018,106,6,Week 16 EOT,Vital Signs,1,2026-07-24
TF-201-106-018,106,6,Week 16 EOT,PASI Score,1,2026-07-28
TF-201-106-018,106,6,Week 16 EOT,Laboratory,1,2026-07-31
TF-201-106-018,106,6,Week 16 EOT,Adverse Events,1,2026-08-02
TF-201-106-018,106,6,Week 16 EOT,End of Treatment,1,2026-07-28
TF-201-106-019,106,1,Screening,Demographics,1,2026-07-23
TF-201-106-019,106,1,Screening,Inclusion/Exclusion,1,2026-07-22
TF-201-106-019,106,1,Screening,Medical History,1,2026-07-20
TF-201-106-019,106,1,Screening,Informed Consent,1,2026-07-21
TF-201-106-019,106,1,Screening,Laboratory,1,2026-07-21
TF-201-106-019,106,2,Baseline,Vital Signs,1,2026-08-26
TF-201-106-019,106,2,Baseline,PASI Score,1,2026-08-25
TF-201-106-019,106,2,Baseline,Laboratory,1,2026-08-25
TF-201-106-019,106,2,Baseline,Randomisation,1,2026-08-28
TF-201-106-020,106,1,Screening,Demographics,1,2026-01-07
TF-201-106-020,106,1,Screening,Inclusion/Exclusion,1,2025-12-27
TF-201-106-020,106,1,Screening,Medical History,1,2026-01-04
TF-201-106-020,106,1,Screening,Informed Consent,1,2026-01-01
TF-201-106-020,106,1,Screening,Laboratory,1,2025-12-27
TF-201-106-020,106,2,Baseline,Vital Signs,1,2026-01-30
TF-201-106-020,106,2,Baseline,PASI Score,1,2026-01-30
TF-201-106-020,106,2,Baseline,Laboratory,1,2026-01-31
TF-201-106-020,106,2,Baseline,Randomisation,1,2026-02-03
TF-201-106-020,106,3,Week 4,Vital Signs,1,2026-02-25
TF-201-106-020,106,3,Week 4,PASI Score,1,2026-03-02
TF-201-106-020,106,3,Week 4,Adverse Events,1,2026-03-02
TF-201-106-020,106,4,Week 8,Vital Signs,1,2026-03-25
TF-201-106-020,106,4,Week 8,PASI Score,1,2026-03-19
TF-201-106-020,106,4,Week 8,Laboratory,0,
TF-201-106-020,106,4,Week 8,Adverse Events,1,2026-03-20
TF-201-106-020,106,5,Week 12,Vital Signs,1,2026-05-03
TF-201-106-020,106,5,Week 12,PASI Score,1,2026-04-27
TF-201-106-020,106,5,Week 12,Adverse Events,1,2026-05-03
TF-201-106-020,106,6,Week 16 EOT,Vital Signs,1,2026-05-20
TF-201-106-020,106,6,Week 16 EOT,PASI Score,1,2026-05-15
TF-201-106-020,106,6,Week 16 EOT,Laboratory,1,2026-05-18
TF-201-106-020,106,6,Week 16 EOT,Adverse Events,1,2026-05-20
TF-201-106-020,106,6,Week 16 EOT,End of Treatment,0,
TF-201-106-021,106,1,Screening,Demographics,1,2026-08-08
TF-201-106-021,106,1,Screening,Inclusion/Exclusion,1,2026-08-05
TF-201-106-021,106,1,Screening,Medical History,1,2026-08-07
TF-201-106-021,106,1,Screening,Informed Consent,1,2026-08-08
TF-201-106-021,106,1,Screening,Laboratory,1,2026-08-03
TF-201-106-021,106,2,Baseline,Vital Signs,1,2026-08-23
TF-201-106-021,106,2,Baseline,PASI Score,1,2026-08-21
TF-201-106-021,106,2,Baseline,Laboratory,1,2026-08-19
TF-201-106-021,106,2,Baseline,Randomisation,1,2026-08-18
TF-201-106-022,106,1,Screening,Demographics,1,2026-07-04
TF-201-106-022,106,1,Screening,Inclusion/Exclusion,1,2026-07-06
TF-201-106-022,106,1,Screening,Medical History,1,2026-07-07
TF-201-106-022,106,1,Screening,Informed Consent,1,2026-07-06
TF-201-106-022,106,1,Screening,Laboratory,1,2026-07-13
TF-201-106-022,106,2,Baseline,Vital Signs,1,2026-08-16
TF-201-106-022,106,2,Baseline,PASI Score,1,2026-08-17
TF-201-106-022,106,2,Baseline,Laboratory,1,2026-08-16
TF-201-106-022,106,2,Baseline,Randomisation,1,2026-08-15
TF-201-106-022,106,3,Week 4,Vital Signs,1,2026-09-12
TF-201-106-022,106,3,Week 4,PASI Score,1,2026-09-08
TF-201-106-022,106,3,Week 4,Adverse Events,1,2026-09-01
TF-201-106-023,106,1,Screening,Demographics,1,2026-06-13
TF-201-106-023,106,1,Screening,Inclusion/Exclusion,1,2026-06-08
TF-201-106-023,106,1,Screening,Medical History,1,2026-06-15
TF-201-106-023,106,1,Screening,Informed Consent,1,2026-06-09
TF-201-106-023,106,1,Screening,Laboratory,1,2026-06-13
TF-201-106-023,106,2,Baseline,Vital Signs,1,2026-07-01
TF-201-106-023,106,2,Baseline,PASI Score,1,2026-06-29
TF-201-106-023,106,2,Baseline,Laboratory,1,2026-06-27
TF-201-106-023,106,2,Baseline,Randomisation,1,2026-06-28
TF-201-106-023,106,3,Week 4,Vital Signs,1,2026-07-29
TF-201-106-023,106,3,Week 4,PASI Score,1,2026-07-23
TF-201-106-023,106,3,Week 4,Adverse Events,1,2026-07-21
TF-201-106-023,106,4,Week 8,Vital Signs,1,2026-08-26
TF-201-106-023,106,4,Week 8,PASI Score,1,2026-08-20
TF-201-106-023,106,4,Week 8,Laboratory,1,2026-08-31
TF-201-106-023,106,4,Week 8,Adverse Events,1,2026-08-20
TF-201-107-001,107,1,Screening,Demographics,1,2026-08-06
TF-201-107-001,107,1,Screening,Inclusion/Exclusion,1,2026-08-07
TF-201-107-001,107,1,Screening,Medical History,1,2026-08-11
TF-201-107-001,107,1,Screening,Informed Consent,1,2026-08-14
TF-201-107-001,107,1,Screening,Laboratory,1,2026-08-15
TF-201-107-001,107,2,Baseline,Vital Signs,1,2026-09-06
TF-201-107-001,107,2,Baseline,PASI Score,1,2026-08-29
TF-201-107-001,107,2,Baseline,Laboratory,1,2026-09-07
TF-201-107-001,107,2,Baseline,Randomisation,1,2026-09-04
TF-201-107-002,107,1,Screening,Demographics,1,2025-10-30
TF-201-107-002,107,1,Screening,Inclusion/Exclusion,1,2025-10-28
TF-201-107-002,107,1,Screening,Medical History,1,2025-10-30
TF-201-107-002,107,1,Screening,Informed Consent,1,2025-10-29
TF-201-107-002,107,1,Screening,Laboratory,1,2025-10-27
TF-201-107-002,107,2,Baseline,Vital Signs,1,2025-12-03
TF-201-107-002,107,2,Baseline,PASI Score,1,2025-12-04
TF-201-107-002,107,2,Baseline,Laboratory,1,2025-12-05
TF-201-107-002,107,2,Baseline,Randomisation,1,2025-12-05
TF-201-107-002,107,3,Week 4,Vital Signs,1,2026-01-01
TF-201-107-002,107,3,Week 4,PASI Score,1,2026-01-04
TF-201-107-002,107,3,Week 4,Adverse Events,1,2026-01-06
TF-201-107-002,107,4,Week 8,Vital Signs,1,2026-01-24
TF-201-107-002,107,4,Week 8,PASI Score,1,2026-01-27
TF-201-107-002,107,4,Week 8,Laboratory,1,2026-01-30
TF-201-107-002,107,4,Week 8,Adverse Events,1,2026-01-26
TF-201-107-002,107,5,Week 12,Vital Signs,1,2026-02-16
TF-201-107-002,107,5,Week 12,PASI Score,1,2026-02-26
TF-201-107-002,107,5,Week 12,Adverse Events,1,2026-02-18
TF-201-107-002,107,6,Week 16 EOT,Vital Signs,1,2026-03-16
TF-201-107-002,107,6,Week 16 EOT,PASI Score,1,2026-03-13
TF-201-107-002,107,6,Week 16 EOT,Laboratory,1,2026-03-17
TF-201-107-002,107,6,Week 16 EOT,Adverse Events,1,2026-03-14
TF-201-107-002,107,6,Week 16 EOT,End of Treatment,0,
TF-201-107-003,107,1,Screening,Demographics,1,2026-07-17
TF-201-107-003,107,1,Screening,Inclusion/Exclusion,1,2026-07-14
TF-201-107-003,107,1,Screening,Medical History,1,2026-07-13
TF-201-107-003,107,1,Screening,Informed Consent,0,
TF-201-107-003,107,1,Screening,Laboratory,1,2026-07-09
TF-201-107-003,107,2,Baseline,Vital Signs,1,2026-08-11
TF-201-107-003,107,2,Baseline,PASI Score,1,2026-08-10
TF-201-107-003,107,2,Baseline,Laboratory,1,2026-08-06
TF-201-107-003,107,2,Baseline,Randomisation,1,2026-08-12
TF-201-107-003,107,3,Week 4,Vital Signs,1,2026-09-16
TF-201-107-003,107,3,Week 4,PASI Score,1,2026-09-14
TF-201-107-003,107,3,Week 4,Adverse Events,1,2026-09-07
TF-201-107-004,107,1,Screening,Demographics,1,2026-01-17
TF-201-107-004,107,1,Screening,Inclusion/Exclusion,1,2026-01-18
TF-201-107-004,107,1,Screening,Medical History,1,2026-01-18
TF-201-107-004,107,1,Screening,Informed Consent,1,2026-01-16
TF-201-107-004,107,1,Screening,Laboratory,1,2026-01-23
TF-201-107-004,107,2,Baseline,Vital Signs,1,2026-02-16
TF-201-107-004,107,2,Baseline,PASI Score,1,2026-02-09
TF-201-107-004,107,2,Baseline,Laboratory,1,2026-02-08
TF-201-107-004,107,2,Baseline,Randomisation,1,2026-02-08
TF-201-107-004,107,3,Week 4,Vital Signs,1,2026-03-07
TF-201-107-004,107,3,Week 4,PASI Score,1,2026-03-10
TF-201-107-004,107,3,Week 4,Adverse Events,1,2026-03-14
TF-201-107-004,107,4,Week 8,Vital Signs,1,2026-04-12
TF-201-107-004,107,4,Week 8,PASI Score,1,2026-04-18
TF-201-107-004,107,4,Week 8,Laboratory,1,2026-04-09
TF-201-107-004,107,4,Week 8,Adverse Events,1,2026-04-16
TF-201-107-004,107,5,Week 12,Vital Signs,1,2026-05-02
TF-201-107-004,107,5,Week 12,PASI Score,1,2026-05-08
TF-201-107-004,107,5,Week 12,Adverse Events,1,2026-05-07
TF-201-107-004,107,6,Week 16 EOT,Vital Signs,1,2026-06-08
TF-201-107-004,107,6,Week 16 EOT,PASI Score,1,2026-06-12
TF-201-107-004,107,6,Week 16 EOT,Laboratory,1,2026-06-07
TF-201-107-004,107,6,Week 16 EOT,Adverse Events,1,2026-06-12
TF-201-107-004,107,6,Week 16 EOT,End of Treatment,1,2026-06-07
TF-201-107-005,107,1,Screening,Demographics,1,2026-01-31
TF-201-107-005,107,1,Screening,Inclusion/Exclusion,1,2026-01-29
TF-201-107-005,107,1,Screening,Medical History,0,
TF-201-107-005,107,1,Screening,Informed Consent,1,2026-02-03
TF-201-107-005,107,1,Screening,Laboratory,1,2026-01-28
TF-201-107-005,107,2,Baseline,Vital Signs,1,2026-03-10
TF-201-107-005,107,2,Baseline,PASI Score,1,2026-03-11
TF-201-107-005,107,2,Baseline,Laboratory,1,2026-03-08
TF-201-107-005,107,2,Baseline,Randomisation,1,2026-03-11
TF-201-107-005,107,3,Week 4,Vital Signs,1,2026-04-12
TF-201-107-005,107,3,Week 4,PASI Score,1,2026-04-12
TF-201-107-005,107,3,Week 4,Adverse Events,1,2026-04-08
TF-201-107-005,107,4,Week 8,Vital Signs,1,2026-05-03
TF-201-107-005,107,4,Week 8,PASI Score,1,2026-05-01
TF-201-107-005,107,4,Week 8,Laboratory,1,2026-05-07
TF-201-107-005,107,4,Week 8,Adverse Events,1,2026-05-04
TF-201-107-005,107,5,Week 12,Vital Signs,1,2026-06-02
TF-201-107-005,107,5,Week 12,PASI Score,1,2026-05-29
TF-201-107-005,107,5,Week 12,Adverse Events,1,2026-05-26
TF-201-107-005,107,6,Week 16 EOT,Vital Signs,1,2026-06-29
TF-201-107-005,107,6,Week 16 EOT,PASI Score,0,
TF-201-107-005,107,6,Week 16 EOT,Laboratory,1,2026-07-07
TF-201-107-005,107,6,Week 16 EOT,Adverse Events,1,2026-07-06
TF-201-107-005,107,6,Week 16 EOT,End of Treatment,1,2026-07-10
TF-201-107-006,107,1,Screening,Demographics,1,2026-06-08
TF-201-107-006,107,1,Screening,Inclusion/Exclusion,1,2026-06-05
TF-201-107-006,107,1,Screening,Medical History,1,2026-06-10
TF-201-107-006,107,1,Screening,Informed Consent,1,2026-06-12
TF-201-107-006,107,1,Screening,Laboratory,1,2026-06-08
TF-201-107-006,107,2,Baseline,Vital Signs,1,2026-07-04
TF-201-107-006,107,2,Baseline,PASI Score,1,2026-07-10
TF-201-107-006,107,2,Baseline,Laboratory,1,2026-07-14
TF-201-107-006,107,2,Baseline,Randomisation,1,2026-07-03
TF-201-107-006,107,3,Week 4,Vital Signs,1,2026-08-04
TF-201-107-006,107,3,Week 4,PASI Score,0,
TF-201-107-006,107,3,Week 4,Adverse Events,1,2026-08-05
TF-201-107-006,107,4,Week 8,Vital Signs,1,2026-09-02
TF-201-107-006,107,4,Week 8,PASI Score,1,2026-08-31
TF-201-107-006,107,4,Week 8,Laboratory,1,2026-09-06
TF-201-107-006,107,4,Week 8,Adverse Events,1,2026-09-08
TF-201-107-007,107,1,Screening,Demographics,1,2026-03-25
TF-201-107-007,107,1,Screening,Inclusion/Exclusion,1,2026-04-02
TF-201-107-007,107,1,Screening,Medical History,1,2026-03-27
TF-201-107-007,107,1,Screening,Informed Consent,1,2026-03-24
TF-201-107-007,107,1,Screening,Laboratory,1,2026-03-30
TF-201-107-007,107,2,Baseline,Vital Signs,1,2026-04-19
TF-201-107-007,107,2,Baseline,PASI Score,1,2026-04-10
TF-201-107-007,107,2,Baseline,Laboratory,1,2026-04-15
TF-201-107-007,107,2,Baseline,Randomisation,1,2026-04-11
TF-201-107-007,107,3,Week 4,Vital Signs,1,2026-05-14
TF-201-107-007,107,3,Week 4,PASI Score,1,2026-05-16
TF-201-107-007,107,3,Week 4,Adverse Events,1,2026-05-16
TF-201-107-007,107,4,Week 8,Vital Signs,1,2026-06-10
TF-201-107-007,107,4,Week 8,PASI Score,1,2026-06-15
TF-201-107-007,107,4,Week 8,Laboratory,1,2026-06-07
TF-201-107-007,107,4,Week 8,Adverse Events,1,2026-06-15
TF-201-107-007,107,5,Week 12,Vital Signs,1,2026-07-04
TF-201-107-007,107,5,Week 12,PASI Score,1,2026-07-06
TF-201-107-007,107,5,Week 12,Adverse Events,1,2026-07-08
TF-201-107-007,107,6,Week 16 EOT,Vital Signs,1,2026-08-13
TF-201-107-007,107,6,Week 16 EOT,PASI Score,1,2026-08-10
TF-201-107-007,107,6,Week 16 EOT,Laboratory,1,2026-08-12
TF-201-107-007,107,6,Week 16 EOT,Adverse Events,1,2026-08-12
TF-201-107-007,107,6,Week 16 EOT,End of Treatment,1,2026-08-10
TF-201-107-008,107,1,Screening,Demographics,1,2026-02-15
TF-201-107-008,107,1,Screening,Inclusion/Exclusion,1,2026-02-20
TF-201-107-008,107,1,Screening,Medical History,1,2026-02-19
TF-201-107-008,107,1,Screening,Informed Consent,1,2026-02-21
TF-201-107-008,107,1,Screening,Laboratory,1,2026-02-23
TF-201-107-008,107,2,Baseline,Vital Signs,1,2026-03-15
TF-201-107-008,107,2,Baseline,PASI Score,1,2026-03-08
TF-201-107-008,107,2,Baseline,Laboratory,1,2026-03-15
TF-201-107-008,107,2,Baseline,Randomisation,1,2026-03-06
TF-201-107-008,107,3,Week 4,Vital Signs,1,2026-03-31
TF-201-107-008,107,3,Week 4,PASI Score,1,2026-04-07
TF-201-107-008,107,3,Week 4,Adverse Events,1,2026-04-03
TF-201-107-008,107,4,Week 8,Vital Signs,1,2026-05-11
TF-201-107-008,107,4,Week 8,PASI Score,1,2026-05-08
TF-201-107-008,107,4,Week 8,Laboratory,1,2026-05-06
TF-201-107-008,107,4,Week 8,Adverse Events,1,2026-05-02
TF-201-107-008,107,5,Week 12,Vital Signs,1,2026-06-03
TF-201-107-008,107,5,Week 12,PASI Score,1,2026-06-07
TF-201-107-008,107,5,Week 12,Adverse Events,1,2026-05-31
TF-201-107-008,107,6,Week 16 EOT,Vital Signs,1,2026-06-27
TF-201-107-008,107,6,Week 16 EOT,PASI Score,1,2026-07-03
TF-201-107-008,107,6,Week 16 EOT,Laboratory,1,2026-07-01
TF-201-107-008,107,6,Week 16 EOT,Adverse Events,1,2026-06-25
TF-201-107-008,107,6,Week 16 EOT,End of Treatment,1,2026-07-03
TF-201-107-009,107,1,Screening,Demographics,1,2026-05-29
TF-201-107-009,107,1,Screening,Inclusion/Exclusion,1,2026-05-24
TF-201-107-009,107,1,Screening,Medical History,1,2026-05-26
TF-201-107-009,107,1,Screening,Informed Consent,1,2026-05-26
TF-201-107-009,107,1,Screening,Laboratory,1,2026-05-30
TF-201-107-009,107,2,Baseline,Vital Signs,1,2026-06-30
TF-201-107-009,107,2,Baseline,PASI Score,1,2026-06-29
TF-201-107-009,107,2,Baseline,Laboratory,1,2026-06-25
TF-201-107-009,107,2,Baseline,Randomisation,1,2026-06-24
TF-201-107-009,107,3,Week 4,Vital Signs,1,2026-07-20
TF-201-107-009,107,3,Week 4,PASI Score,1,2026-07-24
TF-201-107-009,107,3,Week 4,Adverse Events,1,2026-07-22
TF-201-107-009,107,4,Week 8,Vital Signs,1,2026-08-17
TF-201-107-009,107,4,Week 8,PASI Score,1,2026-08-26
TF-201-107-009,107,4,Week 8,Laboratory,0,
TF-201-107-009,107,4,Week 8,Adverse Events,1,2026-08-26
TF-201-107-010,107,1,Screening,Demographics,1,2026-05-02
TF-201-107-010,107,1,Screening,Inclusion/Exclusion,1,2026-05-10
TF-201-107-010,107,1,Screening,Medical History,1,2026-05-10
TF-201-107-010,107,1,Screening,Informed Consent,1,2026-05-05
TF-201-107-010,107,1,Screening,Laboratory,0,
TF-201-107-010,107,2,Baseline,Vital Signs,1,2026-06-04
TF-201-107-010,107,2,Baseline,PASI Score,1,2026-06-08
TF-201-107-010,107,2,Baseline,Laboratory,1,2026-06-14
TF-201-107-010,107,2,Baseline,Randomisation,1,2026-06-11
TF-201-107-010,107,3,Week 4,Vital Signs,1,2026-07-08
TF-201-107-010,107,3,Week 4,PASI Score,1,2026-07-07
TF-201-107-010,107,3,Week 4,Adverse Events,1,2026-07-04
TF-201-107-010,107,4,Week 8,Vital Signs,1,2026-08-02
TF-201-107-010,107,4,Week 8,PASI Score,1,2026-08-04
TF-201-107-010,107,4,Week 8,Laboratory,1,2026-08-02
TF-201-107-010,107,4,Week 8,Adverse Events,1,2026-07-30
TF-201-107-010,107,5,Week 12,Vital Signs,1,2026-08-28
TF-201-107-010,107,5,Week 12,PASI Score,1,2026-08-29
TF-201-107-010,107,5,Week 12,Adverse Events,1,2026-09-02
TF-201-107-011,107,1,Screening,Demographics,1,2026-07-11
TF-201-107-011,107,1,Screening,Inclusion/Exclusion,1,2026-07-18
TF-201-107-011,107,1,Screening,Medical History,1,2026-07-11
TF-201-107-011,107,1,Screening,Informed Consent,1,2026-07-15
TF-201-107-011,107,1,Screening,Laboratory,1,2026-07-11
TF-201-107-011,107,2,Baseline,Vital Signs,1,2026-08-25
TF-201-107-011,107,2,Baseline,PASI Score,1,2026-08-19
TF-201-107-011,107,2,Baseline,Laboratory,1,2026-08-17
TF-201-107-011,107,2,Baseline,Randomisation,1,2026-08-16
TF-201-107-012,107,1,Screening,Demographics,1,2026-04-28
TF-201-107-012,107,1,Screening,Inclusion/Exclusion,1,2026-05-01
TF-201-107-012,107,1,Screening,Medical History,1,2026-04-25
TF-201-107-012,107,1,Screening,Informed Consent,1,2026-04-30
TF-201-107-012,107,1,Screening,Laboratory,1,2026-04-21
TF-201-107-012,107,2,Baseline,Vital Signs,1,2026-05-15
TF-201-107-012,107,2,Baseline,PASI Score,1,2026-05-20
TF-201-107-012,107,2,Baseline,Laboratory,1,2026-05-14
TF-201-107-012,107,2,Baseline,Randomisation,1,2026-05-20
TF-201-107-012,107,3,Week 4,Vital Signs,1,2026-06-19
TF-201-107-012,107,3,Week 4,PASI Score,1,2026-06-20
TF-201-107-012,107,3,Week 4,Adverse Events,1,2026-06-11
TF-201-107-012,107,4,Week 8,Vital Signs,1,2026-07-10
TF-201-107-012,107,4,Week 8,PASI Score,1,2026-07-18
TF-201-107-012,107,4,Week 8,Laboratory,1,2026-07-16
TF-201-107-012,107,4,Week 8,Adverse Events,1,2026-07-17
TF-201-107-012,107,5,Week 12,Vital Signs,1,2026-08-19
TF-201-107-012,107,5,Week 12,PASI Score,1,2026-08-11
TF-201-107-012,107,5,Week 12,Adverse Events,1,2026-08-16
TF-201-107-012,107,6,Week 16 EOT,Vital Signs,1,2026-09-04
TF-201-107-012,107,6,Week 16 EOT,PASI Score,1,2026-08-30
TF-201-107-012,107,6,Week 16 EOT,Laboratory,1,2026-08-29
TF-201-107-012,107,6,Week 16 EOT,Adverse Events,1,2026-08-31
TF-201-107-012,107,6,Week 16 EOT,End of Treatment,1,2026-09-06
TF-201-108-001,108,1,Screening,Demographics,1,2025-08-05
TF-201-108-001,108,1,Screening,Inclusion/Exclusion,1,2025-08-07
TF-201-108-001,108,1,Screening,Medical History,1,2025-08-13
TF-201-108-001,108,1,Screening,Informed Consent,1,2025-08-06
TF-201-108-001,108,1,Screening,Laboratory,1,2025-08-15
TF-201-108-001,108,2,Baseline,Vital Signs,1,2025-09-15
TF-201-108-001,108,2,Baseline,PASI Score,0,
TF-201-108-001,108,2,Baseline,Laboratory,1,2025-09-12
TF-201-108-001,108,2,Baseline,Randomisation,1,2025-09-19
TF-201-108-001,108,3,Week 4,Vital Signs,1,2025-10-11
TF-201-108-001,108,3,Week 4,PASI Score,0,
TF-201-108-001,108,3,Week 4,Adverse Events,1,2025-10-15
TF-201-108-001,108,4,Week 8,Vital Signs,1,2025-11-12
TF-201-108-001,108,4,Week 8,PASI Score,1,2025-11-13
TF-201-108-001,108,4,Week 8,Laboratory,1,2025-11-14
TF-201-108-001,108,4,Week 8,Adverse Events,1,2025-11-08
TF-201-108-001,108,5,Week 12,Vital Signs,1,2025-11-30
TF-201-108-001,108,5,Week 12,PASI Score,1,2025-12-10
TF-201-108-001,108,5,Week 12,Adverse Events,1,2025-12-07
TF-201-108-001,108,6,Week 16 EOT,Vital Signs,1,2026-01-12
TF-201-108-001,108,6,Week 16 EOT,PASI Score,1,2026-01-12
TF-201-108-001,108,6,Week 16 EOT,Laboratory,1,2026-01-22
TF-201-108-001,108,6,Week 16 EOT,Adverse Events,0,
TF-201-108-001,108,6,Week 16 EOT,End of Treatment,1,2026-01-13
TF-201-108-002,108,1,Screening,Demographics,1,2025-08-12
TF-201-108-002,108,1,Screening,Inclusion/Exclusion,1,2025-08-16
TF-201-108-002,108,1,Screening,Medical History,1,2025-08-15
TF-201-108-002,108,1,Screening,Informed Consent,1,2025-08-19
TF-201-108-002,108,1,Screening,Laboratory,0,
TF-201-108-002,108,2,Baseline,Vital Signs,1,2025-09-11
TF-201-108-002,108,2,Baseline,PASI Score,1,2025-09-13
TF-201-108-002,108,2,Baseline,Laboratory,1,2025-09-07
TF-201-108-002,108,2,Baseline,Randomisation,1,2025-09-11
TF-201-108-002,108,3,Week 4,Vital Signs,1,2025-10-05
TF-201-108-002,108,3,Week 4,PASI Score,1,2025-10-07
TF-201-108-002,108,3,Week 4,Adverse Events,1,2025-10-04
TF-201-108-002,108,4,Week 8,Vital Signs,1,2025-10-26
TF-201-108-002,108,4,Week 8,PASI Score,1,2025-10-26
TF-201-108-002,108,4,Week 8,Laboratory,1,2025-11-02
TF-201-108-002,108,4,Week 8,Adverse Events,1,2025-11-05
TF-201-108-002,108,5,Week 12,Vital Signs,1,2025-11-29
TF-201-108-002,108,5,Week 12,PASI Score,0,
TF-201-108-002,108,5,Week 12,Adverse Events,1,2025-12-04
TF-201-108-002,108,6,Week 16 EOT,Vital Signs,1,2025-12-25
TF-201-108-002,108,6,Week 16 EOT,PASI Score,1,2025-12-27
TF-201-108-002,108,6,Week 16 EOT,Laboratory,1,2025-12-27
TF-201-108-002,108,6,Week 16 EOT,Adverse Events,1,2025-12-20
TF-201-108-002,108,6,Week 16 EOT,End of Treatment,1,2025-12-23
TF-201-108-003,108,1,Screening,Demographics,1,2025-07-22
TF-201-108-003,108,1,Screening,Inclusion/Exclusion,1,2025-07-20
TF-201-108-003,108,1,Screening,Medical History,1,2025-07-22
TF-201-108-003,108,1,Screening,Informed Consent,1,2025-07-26
TF-201-108-003,108,1,Screening,Laboratory,1,2025-07-28
TF-201-108-003,108,2,Baseline,Vital Signs,1,2025-08-12
TF-201-108-003,108,2,Baseline,PASI Score,1,2025-08-15
TF-201-108-003,108,2,Baseline,Laboratory,1,2025-08-08
TF-201-108-003,108,2,Baseline,Randomisation,1,2025-08-12
TF-201-108-003,108,3,Week 4,Vital Signs,0,
TF-201-108-003,108,3,Week 4,PASI Score,1,2025-09-10
TF-201-108-003,108,3,Week 4,Adverse Events,1,2025-09-04
TF-201-108-003,108,4,Week 8,Vital Signs,1,2025-10-05
TF-201-108-003,108,4,Week 8,PASI Score,1,2025-10-03
TF-201-108-003,108,4,Week 8,Laboratory,1,2025-10-06
TF-201-108-003,108,4,Week 8,Adverse Events,1,2025-09-27
TF-201-108-003,108,5,Week 12,Vital Signs,1,2025-11-07
TF-201-108-003,108,5,Week 12,PASI Score,1,2025-11-07
TF-201-108-003,108,5,Week 12,Adverse Events,1,2025-11-08
TF-201-108-003,108,6,Week 16 EOT,Vital Signs,1,2025-11-24
TF-201-108-003,108,6,Week 16 EOT,PASI Score,1,2025-11-20
TF-201-108-003,108,6,Week 16 EOT,Laboratory,1,2025-11-27
TF-201-108-003,108,6,Week 16 EOT,Adverse Events,1,2025-11-30
TF-201-108-003,108,6,Week 16 EOT,End of Treatment,1,2025-11-29
TF-201-108-004,108,1,Screening,Demographics,1,2026-04-16
TF-201-108-004,108,1,Screening,Inclusion/Exclusion,1,2026-04-20
TF-201-108-004,108,1,Screening,Medical History,1,2026-04-27
TF-201-108-004,108,1,Screening,Informed Consent,1,2026-04-22
TF-201-108-004,108,1,Screening,Laboratory,1,2026-04-18
TF-201-108-004,108,2,Baseline,Vital Signs,1,2026-05-29
TF-201-108-004,108,2,Baseline,PASI Score,1,2026-05-29
TF-201-108-004,108,2,Baseline,Laboratory,1,2026-06-01
TF-201-108-004,108,2,Baseline,Randomisation,1,2026-05-28
TF-201-108-004,108,3,Week 4,Vital Signs,1,2026-06-29
TF-201-108-004,108,3,Week 4,PASI Score,1,2026-06-23
TF-201-108-004,108,3,Week 4,Adverse Events,1,2026-06-30
TF-201-108-004,108,4,Week 8,Vital Signs,1,2026-07-23
TF-201-108-004,108,4,Week 8,PASI Score,1,2026-07-25
TF-201-108-004,108,4,Week 8,Laboratory,1,2026-07-25
TF-201-108-004,108,4,Week 8,Adverse Events,1,2026-07-22
TF-201-108-004,108,5,Week 12,Vital Signs,1,2026-08-26
TF-201-108-004,108,5,Week 12,PASI Score,1,2026-08-20
TF-201-108-004,108,5,Week 12,Adverse Events,1,2026-08-27
TF-201-108-005,108,1,Screening,Demographics,1,2025-07-13
TF-201-108-005,108,1,Screening,Inclusion/Exclusion,1,2025-07-18
TF-201-108-005,108,1,Screening,Medical History,1,2025-07-12
TF-201-108-005,108,1,Screening,Informed Consent,1,2025-07-11
TF-201-108-005,108,1,Screening,Laboratory,1,2025-07-17
TF-201-108-005,108,2,Baseline,Vital Signs,1,2025-08-22
TF-201-108-005,108,2,Baseline,PASI Score,1,2025-08-13
TF-201-108-005,108,2,Baseline,Laboratory,1,2025-08-21
TF-201-108-005,108,2,Baseline,Randomisation,1,2025-08-15
TF-201-108-005,108,4,Week 8,Vital Signs,1,2025-10-09
TF-201-108-005,108,4,Week 8,PASI Score,1,2025-10-13
TF-201-108-005,108,4,Week 8,Laboratory,1,2025-10-16
TF-201-108-005,108,4,Week 8,Adverse Events,0,
TF-201-108-005,108,5,Week 12,Vital Signs,1,2025-11-15
TF-201-108-005,108,5,Week 12,PASI Score,1,2025-11-16
TF-201-108-005,108,5,Week 12,Adverse Events,1,2025-11-08
TF-201-108-005,108,6,Week 16 EOT,Vital Signs,1,2025-12-09
TF-201-108-005,108,6,Week 16 EOT,PASI Score,1,2025-12-10
TF-201-108-005,108,6,Week 16 EOT,Laboratory,1,2025-12-06
TF-201-108-005,108,6,Week 16 EOT,Adverse Events,1,2025-12-01
TF-201-108-005,108,6,Week 16 EOT,End of Treatment,1,2025-12-03
TF-201-108-006,108,1,Screening,Demographics,1,2025-07-08
TF-201-108-006,108,1,Screening,Inclusion/Exclusion,1,2025-07-06
TF-201-108-006,108,1,Screening,Medical History,1,2025-07-06
TF-201-108-006,108,1,Screening,Informed Consent,1,2025-07-05
TF-201-108-006,108,1,Screening,Laboratory,1,2025-07-06
TF-201-108-006,108,2,Baseline,Vital Signs,1,2025-08-06
TF-201-108-006,108,2,Baseline,PASI Score,0,
TF-201-108-006,108,2,Baseline,Laboratory,1,2025-08-14
TF-201-108-006,108,2,Baseline,Randomisation,1,2025-08-08
TF-201-108-006,108,3,Week 4,Vital Signs,1,2025-08-31
TF-201-108-006,108,3,Week 4,PASI Score,1,2025-08-30
TF-201-108-006,108,3,Week 4,Adverse Events,1,2025-09-07
TF-201-108-006,108,4,Week 8,Vital Signs,0,
TF-201-108-006,108,4,Week 8,PASI Score,1,2025-10-07
TF-201-108-006,108,4,Week 8,Laboratory,1,2025-10-01
TF-201-108-006,108,4,Week 8,Adverse Events,1,2025-10-07
TF-201-108-006,108,5,Week 12,Vital Signs,1,2025-10-31
TF-201-108-006,108,5,Week 12,PASI Score,1,2025-11-08
TF-201-108-006,108,5,Week 12,Adverse Events,1,2025-11-05
TF-201-108-006,108,6,Week 16 EOT,Vital Signs,1,2025-12-08
TF-201-108-006,108,6,Week 16 EOT,PASI Score,1,2025-12-03
TF-201-108-006,108,6,Week 16 EOT,Laboratory,1,2025-12-03
TF-201-108-006,108,6,Week 16 EOT,Adverse Events,0,
TF-201-108-006,108,6,Week 16 EOT,End of Treatment,1,2025-12-05
TF-201-108-007,108,1,Screening,Demographics,1,2025-09-18
TF-201-108-007,108,1,Screening,Inclusion/Exclusion,1,2025-09-19
TF-201-108-007,108,1,Screening,Medical History,1,2025-09-19
TF-201-108-007,108,1,Screening,Informed Consent,1,2025-09-27
TF-201-108-007,108,1,Screening,Laboratory,1,2025-09-24
TF-201-108-007,108,2,Baseline,Vital Signs,1,2025-10-26
TF-201-108-007,108,2,Baseline,PASI Score,1,2025-10-28
TF-201-108-007,108,2,Baseline,Laboratory,1,2025-10-26
TF-201-108-007,108,2,Baseline,Randomisation,1,2025-10-21
TF-201-108-007,108,3,Week 4,Vital Signs,1,2025-11-28
TF-201-108-007,108,3,Week 4,PASI Score,1,2025-11-18
TF-201-108-007,108,3,Week 4,Adverse Events,1,2025-11-27
TF-201-108-007,108,4,Week 8,Vital Signs,1,2025-12-12
TF-201-108-007,108,4,Week 8,PASI Score,1,2025-12-22
TF-201-108-007,108,4,Week 8,Laboratory,1,2025-12-19
TF-201-108-007,108,4,Week 8,Adverse Events,1,2025-12-12
TF-201-108-007,108,5,Week 12,Vital Signs,1,2026-01-23
TF-201-108-007,108,5,Week 12,PASI Score,1,2026-01-23
TF-201-108-007,108,5,Week 12,Adverse Events,0,
TF-201-108-007,108,6,Week 16 EOT,Vital Signs,1,2026-02-09
TF-201-108-007,108,6,Week 16 EOT,PASI Score,0,
TF-201-108-007,108,6,Week 16 EOT,Laboratory,1,2026-02-07
TF-201-108-007,108,6,Week 16 EOT,Adverse Events,1,2026-02-02
TF-201-108-007,108,6,Week 16 EOT,End of Treatment,1,2026-02-04
TF-201-108-008,108,1,Screening,Demographics,1,2026-04-23
TF-201-108-008,108,1,Screening,Inclusion/Exclusion,1,2026-04-25
TF-201-108-008,108,1,Screening,Medical History,1,2026-04-19
TF-201-108-008,108,1,Screening,Informed Consent,1,2026-04-19
TF-201-108-008,108,1,Screening,Laboratory,1,2026-04-25
TF-201-108-008,108,2,Baseline,Vital Signs,1,2026-06-02
TF-201-108-008,108,2,Baseline,PASI Score,1,2026-05-26
TF-201-108-008,108,2,Baseline,Laboratory,1,2026-05-29
TF-201-108-008,108,2,Baseline,Randomisation,1,2026-05-28
TF-201-108-008,108,3,Week 4,Vital Signs,1,2026-06-28
TF-201-108-008,108,3,Week 4,PASI Score,1,2026-07-01
TF-201-108-008,108,3,Week 4,Adverse Events,1,2026-07-06
TF-201-108-008,108,4,Week 8,Vital Signs,1,2026-07-31
TF-201-108-008,108,4,Week 8,PASI Score,1,2026-07-28
TF-201-108-008,108,4,Week 8,Laboratory,1,2026-07-30
TF-201-108-008,108,4,Week 8,Adverse Events,1,2026-08-03
TF-201-108-008,108,5,Week 12,Vital Signs,1,2026-08-23
TF-201-108-008,108,5,Week 12,PASI Score,0,
TF-201-108-008,108,5,Week 12,Adverse Events,1,2026-08-14
TF-201-108-009,108,1,Screening,Demographics,0,
TF-201-108-009,108,1,Screening,Inclusion/Exclusion,1,2025-04-27
TF-201-108-009,108,1,Screening,Medical History,1,2025-04-20
TF-201-108-009,108,1,Screening,Informed Consent,1,2025-04-26
TF-201-108-009,108,1,Screening,Laboratory,1,2025-04-23
TF-201-108-009,108,2,Baseline,Vital Signs,1,2025-05-12
TF-201-108-009,108,2,Baseline,PASI Score,1,2025-05-20
TF-201-108-009,108,2,Baseline,Laboratory,1,2025-05-13
TF-201-108-009,108,2,Baseline,Randomisation,1,2025-05-13
TF-201-108-009,108,3,Week 4,Vital Signs,1,2025-06-13
TF-201-108-009,108,3,Week 4,PASI Score,1,2025-06-13
TF-201-108-009,108,3,Week 4,Adverse Events,1,2025-06-18
TF-201-108-009,108,4,Week 8,Vital Signs,0,
TF-201-108-009,108,4,Week 8,PASI Score,1,2025-07-04
TF-201-108-009,108,4,Week 8,Laboratory,1,2025-07-03
TF-201-108-009,108,4,Week 8,Adverse Events,1,2025-07-09
TF-201-108-009,108,5,Week 12,Vital Signs,1,2025-08-09
TF-201-108-009,108,5,Week 12,PASI Score,1,2025-08-02
TF-201-108-009,108,5,Week 12,Adverse Events,1,2025-08-09
TF-201-108-009,108,6,Week 16 EOT,Vital Signs,1,2025-09-11
TF-201-108-009,108,6,Week 16 EOT,PASI Score,1,2025-09-01
TF-201-108-009,108,6,Week 16 EOT,Laboratory,1,2025-09-02
TF-201-108-009,108,6,Week 16 EOT,Adverse Events,1,2025-09-05
TF-201-108-009,108,6,Week 16 EOT,End of Treatment,1,2025-09-08
TF-201-109-001,109,1,Screening,Demographics,1,2025-09-30
TF-201-109-001,109,1,Screening,Inclusion/Exclusion,1,2025-09-27
TF-201-109-001,109,1,Screening,Medical History,1,2025-09-21
TF-201-109-001,109,1,Screening,Informed Consent,1,2025-09-22
TF-201-109-001,109,1,Screening,Laboratory,1,2025-09-26
TF-201-109-001,109,2,Baseline,Vital Signs,1,2025-10-28
TF-201-109-001,109,2,Baseline,PASI Score,1,2025-11-01
TF-201-109-001,109,2,Baseline,Laboratory,1,2025-10-29
TF-201-109-001,109,2,Baseline,Randomisation,1,2025-10-26
TF-201-109-001,109,3,Week 4,Vital Signs,1,2025-12-02
TF-201-109-001,109,3,Week 4,PASI Score,1,2025-11-23
TF-201-109-001,109,3,Week 4,Adverse Events,1,2025-11-26
TF-201-109-001,109,4,Week 8,Vital Signs,1,2025-12-18
TF-201-109-001,109,4,Week 8,PASI Score,1,2025-12-28
TF-201-109-001,109,4,Week 8,Laboratory,1,2025-12-19
TF-201-109-001,109,4,Week 8,Adverse Events,1,2025-12-27
TF-201-109-001,109,5,Week 12,Vital Signs,1,2026-01-27
TF-201-109-001,109,5,Week 12,PASI Score,1,2026-01-24
TF-201-109-001,109,5,Week 12,Adverse Events,1,2026-01-26
TF-201-109-001,109,6,Week 16 EOT,Vital Signs,1,2026-02-28
TF-201-109-001,109,6,Week 16 EOT,PASI Score,1,2026-03-02
TF-201-109-001,109,6,Week 16 EOT,Laboratory,1,2026-03-02
TF-201-109-001,109,6,Week 16 EOT,Adverse Events,1,2026-02-27
TF-201-109-001,109,6,Week 16 EOT,End of Treatment,1,2026-02-23
TF-201-109-002,109,1,Screening,Demographics,1,2025-04-10
TF-201-109-002,109,1,Screening,Inclusion/Exclusion,1,2025-04-09
TF-201-109-002,109,1,Screening,Medical History,1,2025-04-04
TF-201-109-002,109,1,Screening,Informed Consent,1,2025-04-07
TF-201-109-002,109,1,Screening,Laboratory,1,2025-03-30
TF-201-109-002,109,2,Baseline,Vital Signs,1,2025-05-11
TF-201-109-002,109,2,Baseline,PASI Score,1,2025-05-12
TF-201-109-002,109,2,Baseline,Laboratory,1,2025-05-10
TF-201-109-002,109,2,Baseline,Randomisation,1,2025-05-07
TF-201-109-002,109,3,Week 4,Vital Signs,1,2025-06-02
TF-201-109-002,109,3,Week 4,PASI Score,1,2025-06-01
TF-201-109-002,109,3,Week 4,Adverse Events,1,2025-06-05
TF-201-109-002,109,4,Week 8,Vital Signs,1,2025-07-09
TF-201-109-002,109,4,Week 8,PASI Score,1,2025-07-06
TF-201-109-002,109,4,Week 8,Laboratory,1,2025-07-10
TF-201-109-002,109,4,Week 8,Adverse Events,1,2025-07-03
TF-201-109-002,109,5,Week 12,Vital Signs,1,2025-08-04
TF-201-109-002,109,5,Week 12,PASI Score,0,
TF-201-109-002,109,5,Week 12,Adverse Events,1,2025-08-05
TF-201-109-002,109,6,Week 16 EOT,Vital Signs,1,2025-09-08
TF-201-109-002,109,6,Week 16 EOT,PASI Score,1,2025-08-30
TF-201-109-002,109,6,Week 16 EOT,Laboratory,1,2025-09-06
TF-201-109-002,109,6,Week 16 EOT,Adverse Events,1,2025-08-30
TF-201-109-002,109,6,Week 16 EOT,End of Treatment,1,2025-08-28
TF-201-109-003,109,1,Screening,Demographics,1,2025-05-09
TF-201-109-003,109,1,Screening,Inclusion/Exclusion,1,2025-05-01
TF-201-109-003,109,1,Screening,Medical History,1,2025-05-04
TF-201-109-003,109,1,Screening,Informed Consent,1,2025-04-29
TF-201-109-003,109,1,Screening,Laboratory,1,2025-05-10
TF-201-109-003,109,2,Baseline,Vital Signs,1,2025-06-04
TF-201-109-003,109,2,Baseline,PASI Score,1,2025-06-02
TF-201-109-003,109,2,Baseline,Laboratory,1,2025-05-26
TF-201-109-003,109,2,Baseline,Randomisation,1,2025-06-02
TF-201-109-003,109,3,Week 4,Vital Signs,1,2025-06-23
TF-201-109-003,109,3,Week 4,PASI Score,1,2025-06-29
TF-201-109-003,109,3,Week 4,Adverse Events,1,2025-07-01
TF-201-109-003,109,4,Week 8,Vital Signs,1,2025-07-26
TF-201-109-003,109,4,Week 8,PASI Score,1,2025-07-26
TF-201-109-003,109,4,Week 8,Laboratory,1,2025-07-30
TF-201-109-003,109,4,Week 8,Adverse Events,1,2025-07-28
TF-201-109-003,109,5,Week 12,Vital Signs,1,2025-08-20
TF-201-109-003,109,5,Week 12,PASI Score,1,2025-08-28
TF-201-109-003,109,5,Week 12,Adverse Events,1,2025-08-20
TF-201-109-003,109,6,Week 16 EOT,Vital Signs,1,2025-09-23
TF-201-109-003,109,6,Week 16 EOT,PASI Score,1,2025-09-28
TF-201-109-003,109,6,Week 16 EOT,Laboratory,1,2025-09-22
TF-201-109-003,109,6,Week 16 EOT,Adverse Events,0,
TF-201-109-003,109,6,Week 16 EOT,End of Treatment,1,2025-09-26
TF-201-109-004,109,1,Screening,Demographics,1,2025-08-06
TF-201-109-004,109,1,Screening,Inclusion/Exclusion,1,2025-08-09
TF-201-109-004,109,1,Screening,Medical History,1,2025-08-08
TF-201-109-004,109,1,Screening,Informed Consent,1,2025-08-02
TF-201-109-004,109,1,Screening,Laboratory,1,2025-08-03
TF-201-109-004,109,2,Baseline,Vital Signs,1,2025-08-23
TF-201-109-004,109,2,Baseline,PASI Score,1,2025-09-01
TF-201-109-004,109,2,Baseline,Laboratory,0,
TF-201-109-004,109,2,Baseline,Randomisation,1,2025-08-26
TF-201-109-004,109,3,Week 4,Vital Signs,1,2025-09-28
TF-201-109-004,109,3,Week 4,PASI Score,1,2025-09-27
TF-201-109-004,109,3,Week 4,Adverse Events,1,2025-09-26
TF-201-109-004,109,4,Week 8,Vital Signs,1,2025-10-27
TF-201-109-004,109,4,Week 8,PASI Score,1,2025-10-21
TF-201-109-004,109,4,Week 8,Laboratory,1,2025-10-18
TF-201-109-004,109,4,Week 8,Adverse Events,1,2025-10-23
TF-201-109-004,109,5,Week 12,Vital Signs,1,2025-11-25
TF-201-109-004,109,5,Week 12,PASI Score,1,2025-11-19
TF-201-109-004,109,5,Week 12,Adverse Events,1,2025-11-20
TF-201-109-004,109,6,Week 16 EOT,Vital Signs,1,2025-12-30
TF-201-109-004,109,6,Week 16 EOT,PASI Score,1,2025-12-24
TF-201-109-004,109,6,Week 16 EOT,Laboratory,1,2025-12-30
TF-201-109-004,109,6,Week 16 EOT,Adverse Events,1,2025-12-26
TF-201-109-004,109,6,Week 16 EOT,End of Treatment,1,2025-12-30
TF-201-109-005,109,1,Screening,Demographics,1,2026-04-23
TF-201-109-005,109,1,Screening,Inclusion/Exclusion,1,2026-04-27
TF-201-109-005,109,1,Screening,Medical History,1,2026-05-02
TF-201-109-005,109,1,Screening,Informed Consent,1,2026-04-27
TF-201-109-005,109,1,Screening,Laboratory,1,2026-04-23
TF-201-109-005,109,2,Baseline,Vital Signs,1,2026-05-19
TF-201-109-005,109,2,Baseline,PASI Score,1,2026-05-18
TF-201-109-005,109,2,Baseline,Laboratory,1,2026-05-26
TF-201-109-005,109,2,Baseline,Randomisation,1,2026-05-24
TF-201-109-005,109,3,Week 4,Vital Signs,1,2026-06-22
TF-201-109-005,109,3,Week 4,PASI Score,1,2026-06-22
TF-201-109-005,109,3,Week 4,Adverse Events,1,2026-06-20
TF-201-109-005,109,4,Week 8,Vital Signs,1,2026-07-12
TF-201-109-005,109,4,Week 8,PASI Score,1,2026-07-22
TF-201-109-005,109,4,Week 8,Laboratory,1,2026-07-17
TF-201-109-005,109,4,Week 8,Adverse Events,1,2026-07-22
TF-201-109-005,109,5,Week 12,Vital Signs,1,2026-08-09
TF-201-109-005,109,5,Week 12,PASI Score,1,2026-08-14
TF-201-109-005,109,5,Week 12,Adverse Events,1,2026-08-11
TF-201-109-005,109,6,Week 16 EOT,Vital Signs,1,2026-09-12
TF-201-109-005,109,6,Week 16 EOT,PASI Score,1,2026-09-04
TF-201-109-005,109,6,Week 16 EOT,Laboratory,1,2026-09-08
TF-201-109-005,109,6,Week 16 EOT,Adverse Events,1,2026-09-05
TF-201-109-005,109,6,Week 16 EOT,End of Treatment,1,2026-09-08
TF-201-109-006,109,1,Screening,Demographics,1,2025-10-10
TF-201-109-006,109,1,Screening,Inclusion/Exclusion,1,2025-10-05
TF-201-109-006,109,1,Screening,Medical History,1,2025-10-08
TF-201-109-006,109,1,Screening,Informed Consent,1,2025-10-09
TF-201-109-006,109,1,Screening,Laboratory,1,2025-10-08
TF-201-109-006,109,2,Baseline,Vital Signs,1,2025-10-22
TF-201-109-006,109,2,Baseline,PASI Score,1,2025-11-02
TF-201-109-006,109,2,Baseline,Laboratory,1,2025-10-27
TF-201-109-006,109,2,Baseline,Randomisation,1,2025-10-26
TF-201-109-006,109,3,Week 4,Vital Signs,1,2025-11-28
TF-201-109-006,109,3,Week 4,PASI Score,1,2025-11-24
TF-201-109-006,109,3,Week 4,Adverse Events,1,2025-11-22
TF-201-109-006,109,4,Week 8,Vital Signs,1,2025-12-21
TF-201-109-006,109,4,Week 8,PASI Score,1,2025-12-23
TF-201-109-006,109,4,Week 8,Laboratory,1,2025-12-25
TF-201-109-006,109,4,Week 8,Adverse Events,1,2025-12-21
TF-201-109-006,109,5,Week 12,Vital Signs,1,2026-01-17
TF-201-109-006,109,5,Week 12,PASI Score,1,2026-01-21
TF-201-109-006,109,5,Week 12,Adverse Events,1,2026-01-11
TF-201-109-006,109,6,Week 16 EOT,Vital Signs,1,2026-02-28
TF-201-109-006,109,6,Week 16 EOT,PASI Score,1,2026-02-27
TF-201-109-006,109,6,Week 16 EOT,Laboratory,1,2026-02-23
TF-201-109-006,109,6,Week 16 EOT,Adverse Events,1,2026-02-23
TF-201-109-006,109,6,Week 16 EOT,End of Treatment,1,2026-02-21
TF-201-109-007,109,1,Screening,Demographics,1,2025-08-05
TF-201-109-007,109,1,Screening,Inclusion/Exclusion,1,2025-08-04
TF-201-109-007,109,1,Screening,Medical History,1,2025-08-03
TF-201-109-007,109,1,Screening,Informed Consent,1,2025-08-01
TF-201-109-007,109,1,Screening,Laboratory,1,2025-08-04
TF-201-109-007,109,2,Baseline,Vital Signs,1,2025-09-06
TF-201-109-007,109,2,Baseline,PASI Score,1,2025-09-07
TF-201-109-007,109,2,Baseline,Laboratory,1,2025-09-07
TF-201-109-007,109,2,Baseline,Randomisation,1,2025-09-07
TF-201-109-007,109,3,Week 4,Vital Signs,1,2025-10-10
TF-201-109-007,109,3,Week 4,PASI Score,1,2025-10-03
TF-201-109-007,109,3,Week 4,Adverse Events,1,2025-10-01
TF-201-109-007,109,4,Week 8,Vital Signs,1,2025-10-24
TF-201-109-007,109,4,Week 8,PASI Score,1,2025-11-01
TF-201-109-007,109,4,Week 8,Laboratory,1,2025-10-28
TF-201-109-007,109,4,Week 8,Adverse Events,1,2025-10-31
TF-201-109-007,109,5,Week 12,Vital Signs,1,2025-12-15
TF-201-109-007,109,5,Week 12,PASI Score,1,2025-12-07
TF-201-109-007,109,5,Week 12,Adverse Events,1,2025-12-05
TF-201-109-007,109,6,Week 16 EOT,Vital Signs,1,2025-12-27
TF-201-109-007,109,6,Week 16 EOT,PASI Score,1,2025-12-27
TF-201-109-007,109,6,Week 16 EOT,Laboratory,1,2025-12-29
TF-201-109-007,109,6,Week 16 EOT,Adverse Events,1,2026-01-01
TF-201-109-007,109,6,Week 16 EOT,End of Treatment,1,2026-01-02
TF-201-109-008,109,1,Screening,Demographics,1,2025-07-29
TF-201-109-008,109,1,Screening,Inclusion/Exclusion,1,2025-07-27
TF-201-109-008,109,1,Screening,Medical History,1,2025-07-30
TF-201-109-008,109,1,Screening,Informed Consent,1,2025-07-27
TF-201-109-008,109,1,Screening,Laboratory,1,2025-07-30
TF-201-109-008,109,2,Baseline,Vital Signs,1,2025-09-12
TF-201-109-008,109,2,Baseline,PASI Score,1,2025-09-05
TF-201-109-008,109,2,Baseline,Laboratory,1,2025-09-06
TF-201-109-008,109,2,Baseline,Randomisation,1,2025-09-12
TF-201-109-008,109,3,Week 4,Vital Signs,1,2025-10-07
TF-201-109-008,109,3,Week 4,PASI Score,1,2025-10-06
TF-201-109-008,109,3,Week 4,Adverse Events,1,2025-10-11
TF-201-109-008,109,4,Week 8,Vital Signs,1,2025-11-06
TF-201-109-008,109,4,Week 8,PASI Score,1,2025-11-03
TF-201-109-008,109,4,Week 8,Laboratory,1,2025-11-09
TF-201-109-008,109,4,Week 8,Adverse Events,1,2025-11-14
TF-201-109-008,109,5,Week 12,Vital Signs,1,2025-12-05
TF-201-109-008,109,5,Week 12,PASI Score,1,2025-12-09
TF-201-109-008,109,5,Week 12,Adverse Events,1,2025-12-10
TF-201-109-008,109,6,Week 16 EOT,Vital Signs,1,2025-12-25
TF-201-109-008,109,6,Week 16 EOT,PASI Score,1,2025-12-22
TF-201-109-008,109,6,Week 16 EOT,Laboratory,1,2026-01-01
TF-201-109-008,109,6,Week 16 EOT,Adverse Events,1,2025-12-29
TF-201-109-008,109,6,Week 16 EOT,End of Treatment,1,2025-12-28
TF-201-109-009,109,1,Screening,Demographics,1,2026-02-15
TF-201-109-009,109,1,Screening,Inclusion/Exclusion,1,2026-02-07
TF-201-109-009,109,1,Screening,Medical History,1,2026-02-12
TF-201-109-009,109,1,Screening,Informed Consent,1,2026-02-13
TF-201-109-009,109,1,Screening,Laboratory,1,2026-02-11
TF-201-109-009,109,2,Baseline,Vital Signs,1,2026-03-09
TF-201-109-009,109,2,Baseline,PASI Score,1,2026-03-12
TF-201-109-009,109,2,Baseline,Laboratory,1,2026-03-15
TF-201-109-009,109,2,Baseline,Randomisation,1,2026-03-08
TF-201-109-009,109,3,Week 4,Vital Signs,1,2026-04-02
TF-201-109-009,109,3,Week 4,PASI Score,1,2026-04-06
TF-201-109-009,109,3,Week 4,Adverse Events,1,2026-04-05
TF-201-109-009,109,4,Week 8,Vital Signs,1,2026-04-26
TF-201-109-009,109,4,Week 8,PASI Score,1,2026-04-27
TF-201-109-009,109,4,Week 8,Laboratory,1,2026-04-30
TF-201-109-009,109,4,Week 8,Adverse Events,1,2026-05-07
TF-201-109-009,109,5,Week 12,Vital Signs,1,2026-05-26
TF-201-109-009,109,5,Week 12,PASI Score,1,2026-05-31
TF-201-109-009,109,5,Week 12,Adverse Events,1,2026-05-31
TF-201-109-009,109,6,Week 16 EOT,Vital Signs,1,2026-07-04
TF-201-109-009,109,6,Week 16 EOT,PASI Score,1,2026-07-08
TF-201-109-009,109,6,Week 16 EOT,Laboratory,1,2026-07-04
TF-201-109-009,109,6,Week 16 EOT,Adverse Events,1,2026-07-06
TF-201-109-009,109,6,Week 16 EOT,End of Treatment,1,2026-06-29
TF-201-109-010,109,1,Screening,Demographics,1,2025-02-23
TF-201-109-010,109,1,Screening,Inclusion/Exclusion,1,2025-02-27
TF-201-109-010,109,1,Screening,Medical History,1,2025-02-23
TF-201-109-010,109,1,Screening,Informed Consent,1,2025-03-05
TF-201-109-010,109,1,Screening,Laboratory,1,2025-02-23
TF-201-109-010,109,2,Baseline,Vital Signs,1,2025-04-14
TF-201-109-010,109,2,Baseline,PASI Score,1,2025-04-08
TF-201-109-010,109,2,Baseline,Laboratory,1,2025-04-11
TF-201-109-010,109,2,Baseline,Randomisation,1,2025-04-05
TF-201-109-010,109,3,Week 4,Vital Signs,1,2025-05-07
TF-201-109-010,109,3,Week 4,PASI Score,1,2025-05-13
TF-201-109-010,109,3,Week 4,Adverse Events,1,2025-05-08
TF-201-109-010,109,4,Week 8,Vital Signs,1,2025-06-06
TF-201-109-010,109,4,Week 8,PASI Score,1,2025-06-02
TF-201-109-010,109,4,Week 8,Laboratory,1,2025-06-07
TF-201-109-010,109,4,Week 8,Adverse Events,1,2025-06-09
TF-201-109-010,109,5,Week 12,Vital Signs,1,2025-07-07
TF-201-109-010,109,5,Week 12,PASI Score,1,2025-07-10
TF-201-109-010,109,5,Week 12,Adverse Events,1,2025-07-11
TF-201-109-010,109,6,Week 16 EOT,Vital Signs,1,2025-08-03
TF-201-109-010,109,6,Week 16 EOT,PASI Score,1,2025-07-26
TF-201-109-010,109,6,Week 16 EOT,Laboratory,1,2025-07-26
TF-201-109-010,109,6,Week 16 EOT,Adverse Events,1,2025-07-27
TF-201-109-010,109,6,Week 16 EOT,End of Treatment,1,2025-08-03
TF-201-109-011,109,1,Screening,Demographics,1,2025-06-28
TF-201-109-011,109,1,Screening,Inclusion/Exclusion,1,2025-07-03
TF-201-109-011,109,1,Screening,Medical History,1,2025-07-02
TF-201-109-011,109,1,Screening,Informed Consent,1,2025-06-29
TF-201-109-011,109,1,Screening,Laboratory,1,2025-07-03
TF-201-109-011,109,2,Baseline,Vital Signs,1,2025-08-02
TF-201-109-011,109,2,Baseline,PASI Score,1,2025-07-29
TF-201-109-011,109,2,Baseline,Laboratory,1,2025-07-29
TF-201-109-011,109,2,Baseline,Randomisation,1,2025-08-03
TF-201-109-011,109,3,Week 4,Vital Signs,1,2025-08-18
TF-201-109-011,109,3,Week 4,PASI Score,1,2025-08-20
TF-201-109-011,109,3,Week 4,Adverse Events,1,2025-08-22
TF-201-109-011,109,4,Week 8,Vital Signs,1,2025-09-21
TF-201-109-011,109,4,Week 8,PASI Score,1,2025-09-24
TF-201-109-011,109,4,Week 8,Laboratory,1,2025-09-18
TF-201-109-011,109,4,Week 8,Adverse Events,1,2025-09-23
TF-201-109-011,109,5,Week 12,Vital Signs,1,2025-10-28
TF-201-109-011,109,5,Week 12,PASI Score,1,2025-11-02
TF-201-109-011,109,5,Week 12,Adverse Events,1,2025-11-02
TF-201-109-011,109,6,Week 16 EOT,Vital Signs,1,2025-11-18
TF-201-109-011,109,6,Week 16 EOT,PASI Score,1,2025-11-09
TF-201-109-011,109,6,Week 16 EOT,Laboratory,1,2025-11-10
TF-201-109-011,109,6,Week 16 EOT,Adverse Events,1,2025-11-15
TF-201-109-011,109,6,Week 16 EOT,End of Treatment,1,2025-11-18
TF-201-109-012,109,1,Screening,Demographics,1,2025-03-03
TF-201-109-012,109,1,Screening,Inclusion/Exclusion,1,2025-03-08
TF-201-109-012,109,1,Screening,Medical History,1,2025-03-10
TF-201-109-012,109,1,Screening,Informed Consent,1,2025-03-10
TF-201-109-012,109,1,Screening,Laboratory,1,2025-03-10
TF-201-109-012,109,2,Baseline,Vital Signs,1,2025-04-03
TF-201-109-012,109,2,Baseline,PASI Score,1,2025-04-05
TF-201-109-012,109,2,Baseline,Laboratory,1,2025-04-14
TF-201-109-012,109,2,Baseline,Randomisation,1,2025-04-10
TF-201-109-012,109,3,Week 4,Vital Signs,1,2025-05-09
TF-201-109-012,109,3,Week 4,PASI Score,1,2025-05-03
TF-201-109-012,109,3,Week 4,Adverse Events,1,2025-05-07
TF-201-109-012,109,4,Week 8,Vital Signs,1,2025-06-03
TF-201-109-012,109,4,Week 8,PASI Score,1,2025-05-24
TF-201-109-012,109,4,Week 8,Laboratory,1,2025-05-26
TF-201-109-012,109,4,Week 8,Adverse Events,1,2025-05-31
TF-201-109-012,109,6,Week 16 EOT,Vital Signs,1,2025-07-27
TF-201-109-012,109,6,Week 16 EOT,PASI Score,1,2025-07-31
TF-201-109-012,109,6,Week 16 EOT,Laboratory,1,2025-07-22
TF-201-109-012,109,6,Week 16 EOT,Adverse Events,1,2025-07-25
TF-201-109-012,109,6,Week 16 EOT,End of Treatment,1,2025-07-26
TF-201-109-013,109,1,Screening,Demographics,1,2026-03-10
TF-201-109-013,109,1,Screening,Inclusion/Exclusion,1,2026-03-20
TF-201-109-013,109,1,Screening,Medical History,1,2026-03-12
TF-201-109-013,109,1,Screening,Informed Consent,1,2026-03-11
TF-201-109-013,109,1,Screening,Laboratory,1,2026-03-10
TF-201-109-013,109,2,Baseline,Vital Signs,1,2026-04-03
TF-201-109-013,109,2,Baseline,PASI Score,1,2026-04-10
TF-201-109-013,109,2,Baseline,Laboratory,1,2026-04-07
TF-201-109-013,109,2,Baseline,Randomisation,1,2026-04-11
TF-201-109-013,109,3,Week 4,Vital Signs,1,2026-05-09
TF-201-109-013,109,3,Week 4,PASI Score,1,2026-05-08
TF-201-109-013,109,3,Week 4,Adverse Events,1,2026-05-06
TF-201-109-013,109,4,Week 8,Vital Signs,1,2026-05-31
TF-201-109-013,109,4,Week 8,PASI Score,1,2026-06-05
TF-201-109-013,109,4,Week 8,Laboratory,1,2026-06-04
TF-201-109-013,109,4,Week 8,Adverse Events,1,2026-05-31
TF-201-109-013,109,5,Week 12,Vital Signs,1,2026-07-05
TF-201-109-013,109,5,Week 12,PASI Score,1,2026-07-11
TF-201-109-013,109,5,Week 12,Adverse Events,1,2026-07-07
TF-201-109-013,109,6,Week 16 EOT,Vital Signs,1,2026-07-29
TF-201-109-013,109,6,Week 16 EOT,PASI Score,1,2026-07-25
TF-201-109-013,109,6,Week 16 EOT,Laboratory,1,2026-07-22
TF-201-109-013,109,6,Week 16 EOT,Adverse Events,1,2026-07-23
TF-201-109-013,109,6,Week 16 EOT,End of Treatment,1,2026-07-25
TF-201-109-014,109,1,Screening,Demographics,1,2025-09-29
TF-201-109-014,109,1,Screening,Inclusion/Exclusion,1,2025-10-09
TF-201-109-014,109,1,Screening,Medical History,1,2025-10-04
TF-201-109-014,109,1,Screening,Informed Consent,1,2025-10-02
TF-201-109-014,109,1,Screening,Laboratory,1,2025-10-06
TF-201-109-014,109,2,Baseline,Vital Signs,1,2025-11-10
TF-201-109-014,109,2,Baseline,PASI Score,1,2025-11-09
TF-201-109-014,109,2,Baseline,Laboratory,1,2025-11-06
TF-201-109-014,109,2,Baseline,Randomisation,1,2025-11-04
TF-201-109-014,109,3,Week 4,Vital Signs,1,2025-12-03
TF-201-109-014,109,3,Week 4,PASI Score,1,2025-12-07
TF-201-109-014,109,3,Week 4,Adverse Events,1,2025-11-28
TF-201-109-014,109,4,Week 8,Vital Signs,1,2026-01-04
TF-201-109-014,109,4,Week 8,PASI Score,1,2026-01-05
TF-201-109-014,109,4,Week 8,Laboratory,1,2025-12-30
TF-201-109-014,109,4,Week 8,Adverse Events,1,2026-01-03
TF-201-109-014,109,5,Week 12,Vital Signs,1,2026-02-01
TF-201-109-014,109,5,Week 12,PASI Score,1,2026-01-28
TF-201-109-014,109,5,Week 12,Adverse Events,1,2026-01-21
TF-201-109-014,109,6,Week 16 EOT,Vital Signs,1,2026-02-25
TF-201-109-014,109,6,Week 16 EOT,PASI Score,1,2026-02-22
TF-201-109-014,109,6,Week 16 EOT,Laboratory,1,2026-02-27
TF-201-109-014,109,6,Week 16 EOT,Adverse Events,1,2026-03-05
TF-201-109-014,109,6,Week 16 EOT,End of Treatment,1,2026-03-02
TF-201-109-015,109,1,Screening,Demographics,1,2026-04-12
TF-201-109-015,109,1,Screening,Inclusion/Exclusion,1,2026-04-11
TF-201-109-015,109,1,Screening,Medical History,1,2026-04-13
TF-201-109-015,109,1,Screening,Informed Consent,1,2026-04-13
TF-201-109-015,109,1,Screening,Laboratory,1,2026-04-05
TF-201-109-015,109,2,Baseline,Vital Signs,1,2026-04-29
TF-201-109-015,109,2,Baseline,PASI Score,1,2026-04-30
TF-201-109-015,109,2,Baseline,Laboratory,1,2026-04-24
TF-201-109-015,109,2,Baseline,Randomisation,1,2026-04-23
TF-201-109-015,109,3,Week 4,Vital Signs,1,2026-05-23
TF-201-109-015,109,3,Week 4,PASI Score,1,2026-05-28
TF-201-109-015,109,3,Week 4,Adverse Events,1,2026-05-30
TF-201-109-015,109,4,Week 8,Vital Signs,1,2026-06-21
TF-201-109-015,109,4,Week 8,PASI Score,1,2026-06-15
TF-201-109-015,109,4,Week 8,Laboratory,1,2026-06-24
TF-201-109-015,109,4,Week 8,Adverse Events,1,2026-06-20
TF-201-109-015,109,5,Week 12,Vital Signs,1,2026-07-18
TF-201-109-015,109,5,Week 12,PASI Score,1,2026-07-13
TF-201-109-015,109,5,Week 12,Adverse Events,1,2026-07-15
TF-201-109-015,109,6,Week 16 EOT,Vital Signs,1,2026-08-21
TF-201-109-015,109,6,Week 16 EOT,PASI Score,1,2026-08-28
TF-201-109-015,109,6,Week 16 EOT,Laboratory,1,2026-08-28
TF-201-109-015,109,6,Week 16 EOT,Adverse Events,1,2026-08-24
TF-201-109-015,109,6,Week 16 EOT,End of Treatment,1,2026-08-22
TF-201-109-016,109,1,Screening,Demographics,1,2025-09-21
TF-201-109-016,109,1,Screening,Inclusion/Exclusion,1,2025-09-13
TF-201-109-016,109,1,Screening,Medical History,0,
TF-201-109-016,109,1,Screening,Informed Consent,1,2025-09-15
TF-201-109-016,109,1,Screening,Laboratory,1,2025-09-17
TF-201-109-016,109,2,Baseline,Vital Signs,1,2025-10-16
TF-201-109-016,109,2,Baseline,PASI Score,1,2025-10-19
TF-201-109-016,109,2,Baseline,Laboratory,1,2025-10-21
TF-201-109-016,109,2,Baseline,Randomisation,1,2025-10-18
TF-201-109-016,109,3,Week 4,Vital Signs,1,2025-11-20
TF-201-109-016,109,3,Week 4,PASI Score,1,2025-11-19
TF-201-109-016,109,3,Week 4,Adverse Events,1,2025-11-12
TF-201-109-016,109,4,Week 8,Vital Signs,1,2025-12-16
TF-201-109-016,109,4,Week 8,PASI Score,1,2025-12-15
TF-201-109-016,109,4,Week 8,Laboratory,1,2025-12-08
TF-201-109-016,109,4,Week 8,Adverse Events,1,2025-12-11
TF-201-109-016,109,5,Week 12,Vital Signs,0,
TF-201-109-016,109,5,Week 12,PASI Score,1,2026-01-09
TF-201-109-016,109,5,Week 12,Adverse Events,1,2026-01-11
TF-201-109-016,109,6,Week 16 EOT,Vital Signs,1,2026-02-07
TF-201-109-016,109,6,Week 16 EOT,PASI Score,1,2026-02-08
TF-201-109-016,109,6,Week 16 EOT,Laboratory,1,2026-02-01
TF-201-109-016,109,6,Week 16 EOT,Adverse Events,1,2026-02-01
TF-201-109-016,109,6,Week 16 EOT,End of Treatment,1,2026-02-04
TF-201-109-017,109,1,Screening,Demographics,1,2025-03-19
TF-201-109-017,109,1,Screening,Inclusion/Exclusion,1,2025-03-25
TF-201-109-017,109,1,Screening,Medical History,1,2025-03-23
TF-201-109-017,109,1,Screening,Informed Consent,1,2025-03-24
TF-201-109-017,109,1,Screening,Laboratory,1,2025-03-28
TF-201-109-017,109,2,Baseline,Vital Signs,1,2025-04-12
TF-201-109-017,109,2,Baseline,PASI Score,1,2025-04-13
TF-201-109-017,109,2,Baseline,Laboratory,1,2025-04-21
TF-201-109-017,109,2,Baseline,Randomisation,1,2025-04-20
TF-201-109-017,109,3,Week 4,Vital Signs,1,2025-05-20
TF-201-109-017,109,3,Week 4,PASI Score,1,2025-05-15
TF-201-109-017,109,3,Week 4,Adverse Events,1,2025-05-15
TF-201-109-017,109,4,Week 8,Vital Signs,1,2025-06-07
TF-201-109-017,109,4,Week 8,PASI Score,1,2025-06-17
TF-201-109-017,109,4,Week 8,Laboratory,1,2025-06-12
TF-201-109-017,109,4,Week 8,Adverse Events,1,2025-06-14
TF-201-109-017,109,5,Week 12,Vital Signs,1,2025-07-16
TF-201-109-017,109,5,Week 12,PASI Score,1,2025-07-15
TF-201-109-017,109,5,Week 12,Adverse Events,1,2025-07-08
TF-201-109-017,109,6,Week 16 EOT,Vital Signs,1,2025-08-08
TF-201-109-017,109,6,Week 16 EOT,PASI Score,1,2025-08-08
TF-201-109-017,109,6,Week 16 EOT,Laboratory,1,2025-08-04
TF-201-109-017,109,6,Week 16 EOT,Adverse Events,1,2025-08-06
TF-201-109-017,109,6,Week 16 EOT,End of Treatment,1,2025-08-08
TF-201-109-018,109,1,Screening,Demographics,1,2025-08-09
TF-201-109-018,109,1,Screening,Inclusion/Exclusion,1,2025-08-03
TF-201-109-018,109,1,Screening,Medical History,1,2025-08-03
TF-201-109-018,109,1,Screening,Informed Consent,1,2025-08-04
TF-201-109-018,109,1,Screening,Laboratory,1,2025-08-10
TF-201-109-018,109,2,Baseline,Vital Signs,1,2025-09-05
TF-201-109-018,109,2,Baseline,PASI Score,1,2025-09-03
TF-201-109-018,109,2,Baseline,Laboratory,1,2025-08-31
TF-201-109-018,109,2,Baseline,Randomisation,1,2025-09-09
TF-201-109-018,109,3,Week 4,Vital Signs,1,2025-10-04
TF-201-109-018,109,3,Week 4,PASI Score,1,2025-09-27
TF-201-109-018,109,3,Week 4,Adverse Events,1,2025-10-05
TF-201-109-018,109,4,Week 8,Vital Signs,1,2025-10-29
TF-201-109-018,109,4,Week 8,PASI Score,1,2025-10-21
TF-201-109-018,109,4,Week 8,Laboratory,1,2025-10-29
TF-201-109-018,109,4,Week 8,Adverse Events,1,2025-10-31
TF-201-109-018,109,5,Week 12,Vital Signs,1,2025-11-26
TF-201-109-018,109,5,Week 12,PASI Score,1,2025-12-04
TF-201-109-018,109,5,Week 12,Adverse Events,1,2025-12-02
TF-201-109-018,109,6,Week 16 EOT,Vital Signs,1,2025-12-21
TF-201-109-018,109,6,Week 16 EOT,PASI Score,1,2025-12-18
TF-201-109-018,109,6,Week 16 EOT,Laboratory,1,2025-12-15
TF-201-109-018,109,6,Week 16 EOT,Adverse Events,1,2025-12-20
TF-201-109-018,109,6,Week 16 EOT,End of Treatment,1,2025-12-24
TF-201-109-019,109,1,Screening,Demographics,1,2025-05-20
TF-201-109-019,109,1,Screening,Inclusion/Exclusion,1,2025-05-13
TF-201-109-019,109,1,Screening,Medical History,1,2025-05-18
TF-201-109-019,109,1,Screening,Informed Consent,1,2025-05-20
TF-201-109-019,109,1,Screening,Laboratory,1,2025-05-17
TF-201-109-019,109,2,Baseline,Vital Signs,1,2025-06-15
TF-201-109-019,109,2,Baseline,PASI Score,1,2025-06-12
TF-201-109-019,109,2,Baseline,Laboratory,1,2025-06-14
TF-201-109-019,109,2,Baseline,Randomisation,1,2025-06-10
TF-201-109-019,109,3,Week 4,Vital Signs,1,2025-07-09
TF-201-109-019,109,3,Week 4,PASI Score,1,2025-07-09
TF-201-109-019,109,3,Week 4,Adverse Events,1,2025-07-10
TF-201-109-019,109,4,Week 8,Vital Signs,1,2025-08-02
TF-201-109-019,109,4,Week 8,PASI Score,1,2025-08-06
TF-201-109-019,109,4,Week 8,Laboratory,1,2025-08-10
TF-201-109-019,109,4,Week 8,Adverse Events,1,2025-08-06
TF-201-109-019,109,5,Week 12,Vital Signs,1,2025-09-02
TF-201-109-019,109,5,Week 12,PASI Score,1,2025-09-06
TF-201-109-019,109,5,Week 12,Adverse Events,1,2025-09-08
TF-201-109-020,109,1,Screening,Demographics,1,2026-06-28
TF-201-109-020,109,1,Screening,Inclusion/Exclusion,1,2026-07-03
TF-201-109-020,109,1,Screening,Medical History,1,2026-07-01
TF-201-109-020,109,1,Screening,Informed Consent,1,2026-06-30
TF-201-109-020,109,1,Screening,Laboratory,1,2026-06-30
TF-201-109-020,109,2,Baseline,Vital Signs,1,2026-07-27
TF-201-109-020,109,2,Baseline,PASI Score,1,2026-07-16
TF-201-109-020,109,2,Baseline,Laboratory,1,2026-07-18
TF-201-109-020,109,2,Baseline,Randomisation,1,2026-07-26
TF-201-109-020,109,3,Week 4,Vital Signs,1,2026-08-20
TF-201-109-020,109,3,Week 4,PASI Score,1,2026-08-23
TF-201-109-020,109,3,Week 4,Adverse Events,1,2026-08-16
TF-201-109-021,109,1,Screening,Demographics,1,2025-05-01
TF-201-109-021,109,1,Screening,Inclusion/Exclusion,1,2025-04-23
TF-201-109-021,109,1,Screening,Medical History,1,2025-04-24
TF-201-109-021,109,1,Screening,Informed Consent,1,2025-04-27
TF-201-109-021,109,1,Screening,Laboratory,1,2025-05-01
TF-201-109-021,109,2,Baseline,Vital Signs,1,2025-06-07
TF-201-109-021,109,2,Baseline,PASI Score,1,2025-06-05
TF-201-109-021,109,2,Baseline,Laboratory,1,2025-06-04
TF-201-109-021,109,2,Baseline,Randomisation,1,2025-06-03
TF-201-109-021,109,3,Week 4,Vital Signs,1,2025-06-28
TF-201-109-021,109,3,Week 4,PASI Score,1,2025-07-02
TF-201-109-021,109,3,Week 4,Adverse Events,1,2025-07-07
TF-201-109-021,109,5,Week 12,Vital Signs,0,
TF-201-109-021,109,5,Week 12,PASI Score,0,
TF-201-109-021,109,5,Week 12,Adverse Events,1,2025-08-26
TF-201-109-021,109,6,Week 16 EOT,Vital Signs,1,2025-10-02
TF-201-109-021,109,6,Week 16 EOT,PASI Score,1,2025-09-27
TF-201-109-021,109,6,Week 16 EOT,Laboratory,1,2025-09-24
TF-201-109-021,109,6,Week 16 EOT,Adverse Events,1,2025-09-30
TF-201-109-021,109,6,Week 16 EOT,End of Treatment,1,2025-09-30
TF-201-109-022,109,1,Screening,Demographics,1,2026-01-05
TF-201-109-022,109,1,Screening,Inclusion/Exclusion,1,2026-01-11
TF-201-109-022,109,1,Screening,Medical History,1,2026-01-16
TF-201-109-022,109,1,Screening,Informed Consent,1,2026-01-12
TF-201-109-022,109,1,Screening,Laboratory,1,2026-01-15
TF-201-109-022,109,2,Baseline,Vital Signs,1,2026-01-29
TF-201-109-022,109,2,Baseline,PASI Score,1,2026-01-22
TF-201-109-022,109,2,Baseline,Laboratory,1,2026-01-27
TF-201-109-022,109,2,Baseline,Randomisation,1,2026-01-30
TF-201-109-022,109,3,Week 4,Vital Signs,1,2026-02-21
TF-201-109-022,109,3,Week 4,PASI Score,1,2026-02-27
TF-201-109-022,109,3,Week 4,Adverse Events,1,2026-02-22
TF-201-109-022,109,4,Week 8,Vital Signs,1,2026-03-20
TF-201-109-022,109,4,Week 8,PASI Score,1,2026-03-22
TF-201-109-022,109,4,Week 8,Laboratory,1,2026-03-30
TF-201-109-022,109,4,Week 8,Adverse Events,1,2026-03-23
TF-201-109-022,109,5,Week 12,Vital Signs,1,2026-04-24
TF-201-109-022,109,5,Week 12,PASI Score,1,2026-04-29
TF-201-109-022,109,5,Week 12,Adverse Events,1,2026-04-19
TF-201-109-022,109,6,Week 16 EOT,Vital Signs,1,2026-05-21
TF-201-109-022,109,6,Week 16 EOT,PASI Score,1,2026-05-27
TF-201-109-022,109,6,Week 16 EOT,Laboratory,1,2026-05-19
TF-201-109-022,109,6,Week 16 EOT,Adverse Events,1,2026-05-24
TF-201-109-022,109,6,Week 16 EOT,End of Treatment,1,2026-05-27
TF-201-109-023,109,1,Screening,Demographics,1,2026-01-16
TF-201-109-023,109,1,Screening,Inclusion/Exclusion,1,2026-01-05
TF-201-109-023,109,1,Screening,Medical History,1,2026-01-05
TF-201-109-023,109,1,Screening,Informed Consent,1,2026-01-16
TF-201-109-023,109,1,Screening,Laboratory,1,2026-01-15
TF-201-109-023,109,2,Baseline,Vital Signs,1,2026-02-13
TF-201-109-023,109,2,Baseline,PASI Score,1,2026-02-20
TF-201-109-023,109,2,Baseline,Laboratory,1,2026-02-12
TF-201-109-023,109,2,Baseline,Randomisation,1,2026-02-18
TF-201-109-023,109,3,Week 4,Vital Signs,1,2026-03-16
TF-201-109-023,109,3,Week 4,PASI Score,1,2026-03-10
TF-201-109-023,109,3,Week 4,Adverse Events,1,2026-03-12
TF-201-109-023,109,4,Week 8,Vital Signs,1,2026-04-13
TF-201-109-023,109,4,Week 8,PASI Score,1,2026-04-12
TF-201-109-023,109,4,Week 8,Laboratory,1,2026-04-07
TF-201-109-023,109,4,Week 8,Adverse Events,1,2026-04-15
TF-201-109-023,109,5,Week 12,Vital Signs,1,2026-05-09
TF-201-109-023,109,5,Week 12,PASI Score,1,2026-05-18
TF-201-109-023,109,5,Week 12,Adverse Events,1,2026-05-19
TF-201-109-023,109,6,Week 16 EOT,Vital Signs,1,2026-06-08
TF-201-109-023,109,6,Week 16 EOT,PASI Score,1,2026-05-30
TF-201-109-023,109,6,Week 16 EOT,Laboratory,1,2026-06-03
TF-201-109-023,109,6,Week 16 EOT,Adverse Events,1,2026-05-31
TF-201-109-023,109,6,Week 16 EOT,End of Treatment,1,2026-06-04
TF-201-110-001,110,1,Screening,Demographics,1,2025-07-04
TF-201-110-001,110,1,Screening,Inclusion/Exclusion,1,2025-07-02
TF-201-110-001,110,1,Screening,Medical History,1,2025-07-13
TF-201-110-001,110,1,Screening,Informed Consent,1,2025-07-07
TF-201-110-001,110,1,Screening,Laboratory,1,2025-07-03
TF-201-110-001,110,2,Baseline,Vital Signs,1,2025-08-13
TF-201-110-001,110,2,Baseline,PASI Score,1,2025-08-11
TF-201-110-001,110,2,Baseline,Laboratory,1,2025-08-14
TF-201-110-001,110,2,Baseline,Randomisation,1,2025-08-17
TF-201-110-001,110,3,Week 4,Vital Signs,1,2025-09-16
TF-201-110-001,110,3,Week 4,PASI Score,1,2025-09-16
TF-201-110-001,110,3,Week 4,Adverse Events,1,2025-09-17
TF-201-110-001,110,4,Week 8,Vital Signs,1,2025-10-08
TF-201-110-001,110,4,Week 8,PASI Score,1,2025-10-09
TF-201-110-001,110,4,Week 8,Laboratory,1,2025-10-14
TF-201-110-001,110,4,Week 8,Adverse Events,1,2025-10-18
TF-201-110-001,110,5,Week 12,Vital Signs,1,2025-11-12
TF-201-110-001,110,5,Week 12,PASI Score,1,2025-11-07
TF-201-110-001,110,5,Week 12,Adverse Events,1,2025-11-05
TF-201-110-001,110,6,Week 16 EOT,Vital Signs,1,2025-12-15
TF-201-110-001,110,6,Week 16 EOT,PASI Score,1,2025-12-09
TF-201-110-001,110,6,Week 16 EOT,Laboratory,1,2025-12-13
TF-201-110-001,110,6,Week 16 EOT,Adverse Events,1,2025-12-11
TF-201-110-001,110,6,Week 16 EOT,End of Treatment,1,2025-12-15
TF-201-110-002,110,1,Screening,Demographics,1,2025-09-20
TF-201-110-002,110,1,Screening,Inclusion/Exclusion,1,2025-09-20
TF-201-110-002,110,1,Screening,Medical History,1,2025-09-30
TF-201-110-002,110,1,Screening,Informed Consent,1,2025-09-28
TF-201-110-002,110,1,Screening,Laboratory,1,2025-09-26
TF-201-110-002,110,2,Baseline,Vital Signs,1,2025-11-03
TF-201-110-002,110,2,Baseline,PASI Score,1,2025-11-06
TF-201-110-002,110,2,Baseline,Laboratory,1,2025-11-07
TF-201-110-002,110,2,Baseline,Randomisation,1,2025-11-03
TF-201-110-002,110,3,Week 4,Vital Signs,1,2025-11-27
TF-201-110-002,110,3,Week 4,PASI Score,1,2025-11-26
TF-201-110-002,110,3,Week 4,Adverse Events,1,2025-11-27
TF-201-110-002,110,4,Week 8,Vital Signs,1,2025-12-29
TF-201-110-002,110,4,Week 8,PASI Score,1,2025-12-22
TF-201-110-002,110,4,Week 8,Laboratory,1,2025-12-29
TF-201-110-002,110,4,Week 8,Adverse Events,1,2025-12-19
TF-201-110-002,110,5,Week 12,Vital Signs,1,2026-01-29
TF-201-110-002,110,5,Week 12,PASI Score,1,2026-01-23
TF-201-110-002,110,5,Week 12,Adverse Events,1,2026-01-24
TF-201-110-002,110,6,Week 16 EOT,Vital Signs,1,2026-02-18
TF-201-110-002,110,6,Week 16 EOT,PASI Score,1,2026-02-19
TF-201-110-002,110,6,Week 16 EOT,Laboratory,1,2026-02-16
TF-201-110-002,110,6,Week 16 EOT,Adverse Events,1,2026-02-20
TF-201-110-002,110,6,Week 16 EOT,End of Treatment,1,2026-02-19
TF-201-110-003,110,1,Screening,Demographics,1,2026-04-03
TF-201-110-003,110,1,Screening,Inclusion/Exclusion,1,2026-04-05
TF-201-110-003,110,1,Screening,Medical History,1,2026-04-06
TF-201-110-003,110,1,Screening,Informed Consent,1,2026-04-01
TF-201-110-003,110,1,Screening,Laboratory,1,2026-03-31
TF-201-110-003,110,2,Baseline,Vital Signs,1,2026-04-17
TF-201-110-003,110,2,Baseline,PASI Score,1,2026-04-20
TF-201-110-003,110,2,Baseline,Laboratory,1,2026-04-20
TF-201-110-003,110,2,Baseline,Randomisation,1,2026-04-21
TF-201-110-003,110,3,Week 4,Vital Signs,1,2026-05-25
TF-201-110-003,110,3,Week 4,PASI Score,1,2026-05-24
TF-201-110-003,110,3,Week 4,Adverse Events,1,2026-05-20
TF-201-110-003,110,4,Week 8,Vital Signs,1,2026-06-17
TF-201-110-003,110,4,Week 8,PASI Score,1,2026-06-14
TF-201-110-003,110,4,Week 8,Laboratory,1,2026-06-12
TF-201-110-003,110,4,Week 8,Adverse Events,1,2026-06-23
TF-201-110-003,110,5,Week 12,Vital Signs,1,2026-07-20
TF-201-110-003,110,5,Week 12,PASI Score,1,2026-07-22
TF-201-110-003,110,5,Week 12,Adverse Events,1,2026-07-19
TF-201-110-003,110,6,Week 16 EOT,Vital Signs,1,2026-08-04
TF-201-110-003,110,6,Week 16 EOT,PASI Score,1,2026-08-07
TF-201-110-003,110,6,Week 16 EOT,Laboratory,1,2026-08-07
TF-201-110-003,110,6,Week 16 EOT,Adverse Events,1,2026-08-13
TF-201-110-003,110,6,Week 16 EOT,End of Treatment,1,2026-08-10
TF-201-110-004,110,1,Screening,Demographics,1,2025-03-25
TF-201-110-004,110,1,Screening,Inclusion/Exclusion,1,2025-03-16
TF-201-110-004,110,1,Screening,Medical History,1,2025-03-27
TF-201-110-004,110,1,Screening,Informed Consent,1,2025-03-16
TF-201-110-004,110,1,Screening,Laboratory,1,2025-03-24
TF-201-110-004,110,2,Baseline,Vital Signs,1,2025-05-01
TF-201-110-004,110,2,Baseline,PASI Score,1,2025-04-27
TF-201-110-004,110,2,Baseline,Laboratory,1,2025-05-03
TF-201-110-004,110,2,Baseline,Randomisation,1,2025-05-06
TF-201-110-004,110,3,Week 4,Vital Signs,1,2025-06-02
TF-201-110-004,110,3,Week 4,PASI Score,1,2025-05-29
TF-201-110-004,110,3,Week 4,Adverse Events,1,2025-06-01
TF-201-110-004,110,4,Week 8,Vital Signs,1,2025-06-24
TF-201-110-004,110,4,Week 8,PASI Score,1,2025-06-19
TF-201-110-004,110,4,Week 8,Laboratory,1,2025-06-22
TF-201-110-004,110,4,Week 8,Adverse Events,1,2025-06-27
TF-201-110-004,110,5,Week 12,Vital Signs,1,2025-07-17
TF-201-110-004,110,5,Week 12,PASI Score,1,2025-07-19
TF-201-110-004,110,5,Week 12,Adverse Events,1,2025-07-17
TF-201-110-004,110,6,Week 16 EOT,Vital Signs,1,2025-08-30
TF-201-110-004,110,6,Week 16 EOT,PASI Score,0,
TF-201-110-004,110,6,Week 16 EOT,Laboratory,1,2025-08-31
TF-201-110-004,110,6,Week 16 EOT,Adverse Events,1,2025-08-24
TF-201-110-004,110,6,Week 16 EOT,End of Treatment,1,2025-09-02
TF-201-110-005,110,1,Screening,Demographics,1,2025-05-18
TF-201-110-005,110,1,Screening,Inclusion/Exclusion,1,2025-05-26
TF-201-110-005,110,1,Screening,Medical History,1,2025-05-20
TF-201-110-005,110,1,Screening,Informed Consent,1,2025-05-22
TF-201-110-005,110,1,Screening,Laboratory,0,
TF-201-110-005,110,2,Baseline,Vital Signs,1,2025-06-15
TF-201-110-005,110,2,Baseline,PASI Score,1,2025-06-07
TF-201-110-005,110,2,Baseline,Laboratory,1,2025-06-12
TF-201-110-005,110,2,Baseline,Randomisation,1,2025-06-06
TF-201-110-005,110,3,Week 4,Vital Signs,1,2025-07-13
TF-201-110-005,110,3,Week 4,PASI Score,1,2025-07-10
TF-201-110-005,110,3,Week 4,Adverse Events,1,2025-07-06
TF-201-110-005,110,4,Week 8,Vital Signs,1,2025-08-02
TF-201-110-005,110,4,Week 8,PASI Score,1,2025-08-06
TF-201-110-005,110,4,Week 8,Laboratory,1,2025-08-12
TF-201-110-005,110,4,Week 8,Adverse Events,1,2025-08-13
TF-201-110-005,110,5,Week 12,Vital Signs,1,2025-08-28
TF-201-110-005,110,5,Week 12,PASI Score,1,2025-09-02
TF-201-110-005,110,5,Week 12,Adverse Events,1,2025-08-27
TF-201-110-005,110,6,Week 16 EOT,Vital Signs,1,2025-09-29
TF-201-110-005,110,6,Week 16 EOT,PASI Score,1,2025-09-24
TF-201-110-005,110,6,Week 16 EOT,Laboratory,1,2025-09-25
TF-201-110-005,110,6,Week 16 EOT,Adverse Events,1,2025-09-27
TF-201-110-005,110,6,Week 16 EOT,End of Treatment,1,2025-09-27
TF-201-110-006,110,1,Screening,Demographics,1,2025-06-21
TF-201-110-006,110,1,Screening,Inclusion/Exclusion,1,2025-06-23
TF-201-110-006,110,1,Screening,Medical History,1,2025-06-23
TF-201-110-006,110,1,Screening,Informed Consent,1,2025-06-19
TF-201-110-006,110,1,Screening,Laboratory,1,2025-06-21
TF-201-110-006,110,2,Baseline,Vital Signs,1,2025-07-12
TF-201-110-006,110,2,Baseline,PASI Score,1,2025-07-03
TF-201-110-006,110,2,Baseline,Laboratory,1,2025-07-07
TF-201-110-006,110,2,Baseline,Randomisation,0,
TF-201-110-006,110,3,Week 4,Vital Signs,1,2025-08-06
TF-201-110-006,110,3,Week 4,PASI Score,1,2025-07-27
TF-201-110-006,110,3,Week 4,Adverse Events,1,2025-08-01
TF-201-110-006,110,4,Week 8,Vital Signs,1,2025-08-29
TF-201-110-006,110,4,Week 8,PASI Score,1,2025-08-29
TF-201-110-006,110,4,Week 8,Laboratory,1,2025-09-06
TF-201-110-006,110,4,Week 8,Adverse Events,1,2025-09-03
TF-201-110-006,110,5,Week 12,Vital Signs,1,2025-09-26
TF-201-110-006,110,5,Week 12,PASI Score,1,2025-09-20
TF-201-110-006,110,5,Week 12,Adverse Events,1,2025-09-26
TF-201-110-007,110,1,Screening,Demographics,1,2026-05-19
TF-201-110-007,110,1,Screening,Inclusion/Exclusion,1,2026-05-15
TF-201-110-007,110,1,Screening,Medical History,1,2026-05-20
TF-201-110-007,110,1,Screening,Informed Consent,1,2026-05-17
TF-201-110-007,110,1,Screening,Laboratory,1,2026-05-20
TF-201-110-007,110,2,Baseline,Vital Signs,1,2026-06-12
TF-201-110-007,110,2,Baseline,PASI Score,1,2026-06-10
TF-201-110-007,110,2,Baseline,Laboratory,1,2026-06-12
TF-201-110-007,110,2,Baseline,Randomisation,1,2026-06-15
TF-201-110-007,110,3,Week 4,Vital Signs,1,2026-07-08
TF-201-110-007,110,3,Week 4,PASI Score,1,2026-07-13
TF-201-110-007,110,3,Week 4,Adverse Events,1,2026-07-16
TF-201-110-007,110,4,Week 8,Vital Signs,1,2026-08-02
TF-201-110-007,110,4,Week 8,PASI Score,1,2026-08-02
TF-201-110-007,110,4,Week 8,Laboratory,1,2026-07-27
TF-201-110-007,110,4,Week 8,Adverse Events,1,2026-08-01
TF-201-110-007,110,5,Week 12,Vital Signs,1,2026-09-09
TF-201-110-007,110,5,Week 12,PASI Score,1,2026-09-08
TF-201-110-007,110,5,Week 12,Adverse Events,1,2026-09-12
TF-201-110-008,110,1,Screening,Demographics,1,2026-03-03
TF-201-110-008,110,1,Screening,Inclusion/Exclusion,1,2026-03-06
TF-201-110-008,110,1,Screening,Medical History,1,2026-03-07
TF-201-110-008,110,1,Screening,Informed Consent,1,2026-03-04
TF-201-110-008,110,1,Screening,Laboratory,1,2026-03-09
TF-201-110-008,110,2,Baseline,Vital Signs,1,2026-04-15
TF-201-110-008,110,2,Baseline,PASI Score,1,2026-04-10
TF-201-110-008,110,2,Baseline,Laboratory,1,2026-04-05
TF-201-110-008,110,2,Baseline,Randomisation,1,2026-04-14
TF-201-110-008,110,3,Week 4,Vital Signs,1,2026-05-15
TF-201-110-008,110,3,Week 4,PASI Score,1,2026-05-11
TF-201-110-008,110,3,Week 4,Adverse Events,1,2026-05-06
TF-201-110-008,110,4,Week 8,Vital Signs,1,2026-06-08
TF-201-110-008,110,4,Week 8,PASI Score,1,2026-06-09
TF-201-110-008,110,4,Week 8,Laboratory,1,2026-06-02
TF-201-110-008,110,4,Week 8,Adverse Events,1,2026-06-02
TF-201-110-008,110,5,Week 12,Vital Signs,1,2026-07-02
TF-201-110-008,110,5,Week 12,PASI Score,1,2026-07-12
TF-201-110-008,110,5,Week 12,Adverse Events,1,2026-07-11
TF-201-110-008,110,6,Week 16 EOT,Vital Signs,1,2026-08-05
TF-201-110-008,110,6,Week 16 EOT,PASI Score,1,2026-08-05
TF-201-110-008,110,6,Week 16 EOT,Laboratory,1,2026-08-05
TF-201-110-008,110,6,Week 16 EOT,Adverse Events,1,2026-08-05
TF-201-110-008,110,6,Week 16 EOT,End of Treatment,1,2026-07-31
TF-201-110-009,110,1,Screening,Demographics,1,2026-04-04
TF-201-110-009,110,1,Screening,Inclusion/Exclusion,1,2026-03-29
TF-201-110-009,110,1,Screening,Medical History,1,2026-03-30
TF-201-110-009,110,1,Screening,Informed Consent,1,2026-04-05
TF-201-110-009,110,1,Screening,Laboratory,1,2026-03-25
TF-201-110-009,110,2,Baseline,Vital Signs,1,2026-04-12
TF-201-110-009,110,2,Baseline,PASI Score,1,2026-04-14
TF-201-110-009,110,2,Baseline,Laboratory,1,2026-04-09
TF-201-110-009,110,2,Baseline,Randomisation,1,2026-04-16
TF-201-110-009,110,3,Week 4,Vital Signs,1,2026-05-18
TF-201-110-009,110,3,Week 4,PASI Score,1,2026-05-15
TF-201-110-009,110,3,Week 4,Adverse Events,1,2026-05-16
TF-201-110-009,110,4,Week 8,Vital Signs,1,2026-06-05
TF-201-110-009,110,4,Week 8,PASI Score,1,2026-06-12
TF-201-110-009,110,4,Week 8,Laboratory,1,2026-06-05
TF-201-110-009,110,4,Week 8,Adverse Events,1,2026-06-15
TF-201-110-009,110,5,Week 12,Vital Signs,1,2026-07-03
TF-201-110-009,110,5,Week 12,PASI Score,1,2026-06-30
TF-201-110-009,110,5,Week 12,Adverse Events,1,2026-07-01
TF-201-110-009,110,6,Week 16 EOT,Vital Signs,1,2026-08-03
TF-201-110-009,110,6,Week 16 EOT,PASI Score,1,2026-08-07
TF-201-110-009,110,6,Week 16 EOT,Laboratory,1,2026-08-14
TF-201-110-009,110,6,Week 16 EOT,Adverse Events,1,2026-08-14
TF-201-110-009,110,6,Week 16 EOT,End of Treatment,1,2026-08-14
TF-201-110-010,110,1,Screening,Demographics,1,2025-05-11
TF-201-110-010,110,1,Screening,Inclusion/Exclusion,1,2025-05-12
TF-201-110-010,110,1,Screening,Medical History,1,2025-05-19
TF-201-110-010,110,1,Screening,Informed Consent,1,2025-05-13
TF-201-110-010,110,1,Screening,Laboratory,1,2025-05-17
TF-201-110-010,110,2,Baseline,Vital Signs,1,2025-06-11
TF-201-110-010,110,2,Baseline,PASI Score,1,2025-06-17
TF-201-110-010,110,2,Baseline,Laboratory,1,2025-06-12
TF-201-110-010,110,2,Baseline,Randomisation,1,2025-06-18
TF-201-110-010,110,3,Week 4,Vital Signs,1,2025-07-10
TF-201-110-010,110,3,Week 4,PASI Score,1,2025-07-12
TF-201-110-010,110,3,Week 4,Adverse Events,1,2025-07-14
TF-201-110-010,110,4,Week 8,Vital Signs,1,2025-08-17
TF-201-110-010,110,4,Week 8,PASI Score,1,2025-08-17
TF-201-110-010,110,4,Week 8,Laboratory,1,2025-08-14
TF-201-110-010,110,4,Week 8,Adverse Events,1,2025-08-10
TF-201-110-010,110,5,Week 12,Vital Signs,1,2025-09-07
TF-201-110-010,110,5,Week 12,PASI Score,1,2025-09-04
TF-201-110-010,110,5,Week 12,Adverse Events,1,2025-09-04
TF-201-110-010,110,6,Week 16 EOT,Vital Signs,1,2025-10-05
TF-201-110-010,110,6,Week 16 EOT,PASI Score,1,2025-10-03
TF-201-110-010,110,6,Week 16 EOT,Laboratory,1,2025-09-28
TF-201-110-010,110,6,Week 16 EOT,Adverse Events,1,2025-10-07
TF-201-110-010,110,6,Week 16 EOT,End of Treatment,1,2025-10-05
TF-201-110-011,110,1,Screening,Demographics,1,2025-05-11
TF-201-110-011,110,1,Screening,Inclusion/Exclusion,1,2025-05-14
TF-201-110-011,110,1,Screening,Medical History,1,2025-05-12
TF-201-110-011,110,1,Screening,Informed Consent,1,2025-05-13
TF-201-110-011,110,1,Screening,Laboratory,1,2025-05-13
TF-201-110-011,110,2,Baseline,Vital Signs,1,2025-06-17
TF-201-110-011,110,2,Baseline,PASI Score,1,2025-06-12
TF-201-110-011,110,2,Baseline,Laboratory,0,
TF-201-110-011,110,2,Baseline,Randomisation,1,2025-06-12
TF-201-110-011,110,3,Week 4,Vital Signs,1,2025-07-11
TF-201-110-011,110,3,Week 4,PASI Score,1,2025-07-16
TF-201-110-011,110,3,Week 4,Adverse Events,1,2025-07-14
TF-201-110-011,110,4,Week 8,Vital Signs,1,2025-08-11
TF-201-110-011,110,4,Week 8,PASI Score,1,2025-08-08
TF-201-110-011,110,4,Week 8,Laboratory,1,2025-08-03
TF-201-110-011,110,4,Week 8,Adverse Events,1,2025-08-08
TF-201-110-011,110,5,Week 12,Vital Signs,1,2025-09-04
TF-201-110-011,110,5,Week 12,PASI Score,1,2025-09-07
TF-201-110-011,110,5,Week 12,Adverse Events,1,2025-09-09
TF-201-110-011,110,6,Week 16 EOT,Vital Signs,1,2025-10-09
TF-201-110-011,110,6,Week 16 EOT,PASI Score,1,2025-10-06
TF-201-110-011,110,6,Week 16 EOT,Laboratory,1,2025-10-04
TF-201-110-011,110,6,Week 16 EOT,Adverse Events,1,2025-10-10
TF-201-110-011,110,6,Week 16 EOT,End of Treatment,1,2025-10-04
TF-201-110-012,110,1,Screening,Demographics,1,2025-09-27
TF-201-110-012,110,1,Screening,Inclusion/Exclusion,1,2025-09-28
TF-201-110-012,110,1,Screening,Medical History,1,2025-09-25
TF-201-110-012,110,1,Screening,Informed Consent,1,2025-09-24
TF-201-110-012,110,1,Screening,Laboratory,1,2025-09-23
TF-201-110-012,110,2,Baseline,Vital Signs,1,2025-10-22
TF-201-110-012,110,2,Baseline,PASI Score,1,2025-10-24
TF-201-110-012,110,2,Baseline,Laboratory,0,
TF-201-110-012,110,2,Baseline,Randomisation,1,2025-10-21
TF-201-110-012,110,3,Week 4,Vital Signs,1,2025-11-26
TF-201-110-012,110,3,Week 4,PASI Score,1,2025-11-25
TF-201-110-012,110,3,Week 4,Adverse Events,1,2025-11-25
TF-201-110-012,110,4,Week 8,Vital Signs,1,2025-12-19
TF-201-110-012,110,4,Week 8,PASI Score,1,2025-12-15
TF-201-110-012,110,4,Week 8,Laboratory,1,2025-12-14
TF-201-110-012,110,4,Week 8,Adverse Events,1,2025-12-24
TF-201-110-012,110,5,Week 12,Vital Signs,1,2026-01-22
TF-201-110-012,110,5,Week 12,PASI Score,1,2026-01-13
TF-201-110-012,110,5,Week 12,Adverse Events,1,2026-01-13
TF-201-110-012,110,6,Week 16 EOT,Vital Signs,1,2026-02-12
TF-201-110-012,110,6,Week 16 EOT,PASI Score,1,2026-02-13
TF-201-110-012,110,6,Week 16 EOT,Laboratory,1,2026-02-20
TF-201-110-012,110,6,Week 16 EOT,Adverse Events,1,2026-02-20
TF-201-110-012,110,6,Week 16 EOT,End of Treatment,1,2026-02-20
TF-201-110-013,110,1,Screening,Demographics,1,2025-08-29
TF-201-110-013,110,1,Screening,Inclusion/Exclusion,1,2025-08-30
TF-201-110-013,110,1,Screening,Medical History,1,2025-08-26
TF-201-110-013,110,1,Screening,Informed Consent,1,2025-08-28
TF-201-110-013,110,1,Screening,Laboratory,1,2025-08-21
TF-201-110-013,110,2,Baseline,Vital Signs,1,2025-09-21
TF-201-110-013,110,2,Baseline,PASI Score,1,2025-09-23
TF-201-110-013,110,2,Baseline,Laboratory,1,2025-09-27
TF-201-110-013,110,2,Baseline,Randomisation,1,2025-09-22
TF-201-110-013,110,3,Week 4,Vital Signs,1,2025-10-23
TF-201-110-013,110,3,Week 4,PASI Score,1,2025-10-22
TF-201-110-013,110,3,Week 4,Adverse Events,1,2025-10-25
TF-201-110-013,110,4,Week 8,Vital Signs,1,2025-11-23
TF-201-110-013,110,4,Week 8,PASI Score,1,2025-11-19
TF-201-110-013,110,4,Week 8,Laboratory,1,2025-11-22
TF-201-110-013,110,4,Week 8,Adverse Events,1,2025-11-23
TF-201-110-013,110,5,Week 12,Vital Signs,1,2025-12-19
TF-201-110-013,110,5,Week 12,PASI Score,1,2025-12-14
TF-201-110-013,110,5,Week 12,Adverse Events,1,2025-12-20
TF-201-110-013,110,6,Week 16 EOT,Vital Signs,1,2026-01-13
TF-201-110-013,110,6,Week 16 EOT,PASI Score,1,2026-01-11
TF-201-110-013,110,6,Week 16 EOT,Laboratory,1,2026-01-11
TF-201-110-013,110,6,Week 16 EOT,Adverse Events,1,2026-01-13
TF-201-110-013,110,6,Week 16 EOT,End of Treatment,1,2026-01-14
TF-201-110-014,110,1,Screening,Demographics,1,2026-01-03
TF-201-110-014,110,1,Screening,Inclusion/Exclusion,1,2026-01-12
TF-201-110-014,110,1,Screening,Medical History,1,2026-01-14
TF-201-110-014,110,1,Screening,Informed Consent,1,2026-01-07
TF-201-110-014,110,1,Screening,Laboratory,1,2026-01-03
TF-201-110-014,110,2,Baseline,Vital Signs,1,2026-02-01
TF-201-110-014,110,2,Baseline,PASI Score,1,2026-02-11
TF-201-110-014,110,2,Baseline,Laboratory,1,2026-02-07
TF-201-110-014,110,2,Baseline,Randomisation,1,2026-02-07
TF-201-110-014,110,3,Week 4,Vital Signs,1,2026-03-12
TF-201-110-014,110,3,Week 4,PASI Score,1,2026-03-03
TF-201-110-014,110,3,Week 4,Adverse Events,1,2026-03-06
TF-201-110-014,110,4,Week 8,Vital Signs,1,2026-03-30
TF-201-110-014,110,4,Week 8,PASI Score,1,2026-03-25
TF-201-110-014,110,4,Week 8,Laboratory,0,
TF-201-110-014,110,4,Week 8,Adverse Events,1,2026-03-20
TF-201-110-014,110,5,Week 12,Vital Signs,1,2026-04-22
TF-201-110-014,110,5,Week 12,PASI Score,1,2026-04-21
TF-201-110-014,110,5,Week 12,Adverse Events,1,2026-04-30
TF-201-110-014,110,6,Week 16 EOT,Vital Signs,1,2026-06-01
TF-201-110-014,110,6,Week 16 EOT,PASI Score,1,2026-05-28
TF-201-110-014,110,6,Week 16 EOT,Laboratory,1,2026-05-31
TF-201-110-014,110,6,Week 16 EOT,Adverse Events,1,2026-06-06
TF-201-110-014,110,6,Week 16 EOT,End of Treatment,1,2026-06-01
TF-201-110-015,110,1,Screening,Demographics,1,2025-09-22
TF-201-110-015,110,1,Screening,Inclusion/Exclusion,1,2025-09-24
TF-201-110-015,110,1,Screening,Medical History,1,2025-09-20
TF-201-110-015,110,1,Screening,Informed Consent,1,2025-09-25
TF-201-110-015,110,1,Screening,Laboratory,1,2025-09-22
TF-201-110-015,110,2,Baseline,Vital Signs,1,2025-10-29
TF-201-110-015,110,2,Baseline,PASI Score,1,2025-10-25
TF-201-110-015,110,2,Baseline,Laboratory,1,2025-10-26
TF-201-110-015,110,2,Baseline,Randomisation,1,2025-10-22
TF-201-110-015,110,3,Week 4,Vital Signs,1,2025-11-25
TF-201-110-015,110,3,Week 4,PASI Score,1,2025-11-20
TF-201-110-015,110,3,Week 4,Adverse Events,1,2025-11-28
TF-201-110-015,110,4,Week 8,Vital Signs,1,2025-12-26
TF-201-110-015,110,4,Week 8,PASI Score,1,2025-12-20
TF-201-110-015,110,4,Week 8,Laboratory,1,2025-12-20
TF-201-110-015,110,4,Week 8,Adverse Events,1,2025-12-17
TF-201-110-015,110,5,Week 12,Vital Signs,1,2026-01-12
TF-201-110-015,110,5,Week 12,PASI Score,1,2026-01-16
TF-201-110-015,110,5,Week 12,Adverse Events,1,2026-01-13
TF-201-110-015,110,6,Week 16 EOT,Vital Signs,1,2026-02-25
TF-201-110-015,110,6,Week 16 EOT,PASI Score,1,2026-02-14
TF-201-110-015,110,6,Week 16 EOT,Laboratory,1,2026-02-16
TF-201-110-015,110,6,Week 16 EOT,Adverse Events,1,2026-02-24
TF-201-110-015,110,6,Week 16 EOT,End of Treatment,1,2026-02-24
TF-201-110-016,110,1,Screening,Demographics,1,2025-09-02
TF-201-110-016,110,1,Screening,Inclusion/Exclusion,1,2025-08-31
TF-201-110-016,110,1,Screening,Medical History,1,2025-08-29
TF-201-110-016,110,1,Screening,Informed Consent,1,2025-09-02
TF-201-110-016,110,1,Screening,Laboratory,1,2025-08-31
TF-201-110-016,110,2,Baseline,Vital Signs,1,2025-10-04
TF-201-110-016,110,2,Baseline,PASI Score,1,2025-10-04
TF-201-110-016,110,2,Baseline,Laboratory,1,2025-09-30
TF-201-110-016,110,2,Baseline,Randomisation,1,2025-10-10
TF-201-110-016,110,3,Week 4,Vital Signs,1,2025-10-28
TF-201-110-016,110,3,Week 4,PASI Score,1,2025-11-03
TF-201-110-016,110,3,Week 4,Adverse Events,1,2025-10-28
TF-201-110-016,110,4,Week 8,Vital Signs,1,2025-11-28
TF-201-110-016,110,4,Week 8,PASI Score,1,2025-12-03
TF-201-110-016,110,4,Week 8,Laboratory,1,2025-11-27
TF-201-110-016,110,4,Week 8,Adverse Events,1,2025-11-30
TF-201-110-016,110,5,Week 12,Vital Signs,1,2025-12-30
TF-201-110-016,110,5,Week 12,PASI Score,1,2025-12-29
TF-201-110-016,110,5,Week 12,Adverse Events,1,2026-01-05
TF-201-110-016,110,6,Week 16 EOT,Vital Signs,1,2026-01-16
TF-201-110-016,110,6,Week 16 EOT,PASI Score,1,2026-01-23
TF-201-110-016,110,6,Week 16 EOT,Laboratory,1,2026-01-20
TF-201-110-016,110,6,Week 16 EOT,Adverse Events,1,2026-01-24
TF-201-110-016,110,6,Week 16 EOT,End of Treatment,1,2026-01-20
TF-201-111-001,111,1,Screening,Demographics,1,2026-01-22
TF-201-111-001,111,1,Screening,Inclusion/Exclusion,1,2026-01-25
TF-201-111-001,111,1,Screening,Medical History,1,2026-01-24
TF-201-111-001,111,1,Screening,Informed Consent,1,2026-01-29
TF-201-111-001,111,1,Screening,Laboratory,1,2026-01-31
TF-201-111-001,111,2,Baseline,Vital Signs,1,2026-02-24
TF-201-111-001,111,2,Baseline,PASI Score,1,2026-02-21
TF-201-111-001,111,2,Baseline,Laboratory,1,2026-02-17
TF-201-111-001,111,2,Baseline,Randomisation,1,2026-02-19
TF-201-111-001,111,3,Week 4,Vital Signs,1,2026-03-22
TF-201-111-001,111,3,Week 4,PASI Score,1,2026-03-20
TF-201-111-001,111,3,Week 4,Adverse Events,1,2026-03-20
TF-201-111-001,111,4,Week 8,Vital Signs,1,2026-04-19
TF-201-111-001,111,4,Week 8,PASI Score,1,2026-04-25
TF-201-111-001,111,4,Week 8,Laboratory,1,2026-04-22
TF-201-111-001,111,4,Week 8,Adverse Events,1,2026-04-29
TF-201-111-001,111,5,Week 12,Vital Signs,1,2026-05-11
TF-201-111-001,111,5,Week 12,PASI Score,1,2026-05-12
TF-201-111-001,111,5,Week 12,Adverse Events,1,2026-05-08
TF-201-111-001,111,6,Week 16 EOT,Vital Signs,1,2026-06-15
TF-201-111-001,111,6,Week 16 EOT,PASI Score,1,2026-06-12
TF-201-111-001,111,6,Week 16 EOT,Laboratory,1,2026-06-11
TF-201-111-001,111,6,Week 16 EOT,Adverse Events,1,2026-06-08
TF-201-111-001,111,6,Week 16 EOT,End of Treatment,1,2026-06-12
TF-201-111-002,111,1,Screening,Demographics,1,2025-10-19
TF-201-111-002,111,1,Screening,Inclusion/Exclusion,1,2025-10-19
TF-201-111-002,111,1,Screening,Medical History,1,2025-10-10
TF-201-111-002,111,1,Screening,Informed Consent,1,2025-10-19
TF-201-111-002,111,1,Screening,Laboratory,1,2025-10-09
TF-201-111-002,111,2,Baseline,Vital Signs,1,2025-11-06
TF-201-111-002,111,2,Baseline,PASI Score,1,2025-10-29
TF-201-111-002,111,2,Baseline,Laboratory,1,2025-11-04
TF-201-111-002,111,2,Baseline,Randomisation,1,2025-11-01
TF-201-111-002,111,3,Week 4,Vital Signs,1,2025-11-30
TF-201-111-002,111,3,Week 4,PASI Score,1,2025-11-29
TF-201-111-002,111,3,Week 4,Adverse Events,1,2025-11-30
TF-201-111-002,111,4,Week 8,Vital Signs,1,2025-12-26
TF-201-111-002,111,4,Week 8,PASI Score,1,2025-12-25
TF-201-111-002,111,4,Week 8,Laboratory,1,2025-12-25
TF-201-111-002,111,4,Week 8,Adverse Events,1,2026-01-04
TF-201-111-002,111,5,Week 12,Vital Signs,1,2026-01-17
TF-201-111-002,111,5,Week 12,PASI Score,1,2026-01-26
TF-201-111-002,111,5,Week 12,Adverse Events,1,2026-01-16
TF-201-111-002,111,6,Week 16 EOT,Vital Signs,1,2026-02-06
TF-201-111-002,111,6,Week 16 EOT,PASI Score,1,2026-02-10
TF-201-111-002,111,6,Week 16 EOT,Laboratory,1,2026-02-13
TF-201-111-002,111,6,Week 16 EOT,Adverse Events,1,2026-02-08
TF-201-111-002,111,6,Week 16 EOT,End of Treatment,1,2026-02-12
TF-201-111-003,111,1,Screening,Demographics,1,2026-04-17
TF-201-111-003,111,1,Screening,Inclusion/Exclusion,1,2026-04-21
TF-201-111-003,111,1,Screening,Medical History,1,2026-04-19
TF-201-111-003,111,1,Screening,Informed Consent,1,2026-04-16
TF-201-111-003,111,1,Screening,Laboratory,1,2026-04-24
TF-201-111-003,111,2,Baseline,Vital Signs,1,2026-05-26
TF-201-111-003,111,2,Baseline,PASI Score,1,2026-05-28
TF-201-111-003,111,2,Baseline,Laboratory,1,2026-06-02
TF-201-111-003,111,2,Baseline,Randomisation,1,2026-06-03
TF-201-111-003,111,3,Week 4,Vital Signs,1,2026-06-24
TF-201-111-003,111,3,Week 4,PASI Score,1,2026-07-01
TF-201-111-003,111,3,Week 4,Adverse Events,1,2026-06-27
TF-201-111-003,111,4,Week 8,Vital Signs,1,2026-07-25
TF-201-111-003,111,4,Week 8,PASI Score,1,2026-07-28
TF-201-111-003,111,4,Week 8,Laboratory,1,2026-07-19
TF-201-111-003,111,4,Week 8,Adverse Events,1,2026-07-28
TF-201-111-003,111,5,Week 12,Vital Signs,1,2026-08-25
TF-201-111-003,111,5,Week 12,PASI Score,1,2026-08-27
TF-201-111-003,111,5,Week 12,Adverse Events,1,2026-08-27
TF-201-111-004,111,1,Screening,Demographics,1,2025-05-19
TF-201-111-004,111,1,Screening,Inclusion/Exclusion,1,2025-05-21
TF-201-111-004,111,1,Screening,Medical History,1,2025-05-29
TF-201-111-004,111,1,Screening,Informed Consent,1,2025-05-22
TF-201-111-004,111,1,Screening,Laboratory,1,2025-05-18
TF-201-111-004,111,2,Baseline,Vital Signs,1,2025-06-25
TF-201-111-004,111,2,Baseline,PASI Score,1,2025-06-25
TF-201-111-004,111,2,Baseline,Laboratory,1,2025-07-02
TF-201-111-004,111,2,Baseline,Randomisation,1,2025-06-25
TF-201-111-004,111,3,Week 4,Vital Signs,1,2025-07-20
TF-201-111-004,111,3,Week 4,PASI Score,1,2025-07-20
TF-201-111-004,111,3,Week 4,Adverse Events,1,2025-07-29
TF-201-111-004,111,4,Week 8,Vital Signs,1,2025-08-17
TF-201-111-004,111,4,Week 8,PASI Score,1,2025-08-19
TF-201-111-004,111,4,Week 8,Laboratory,1,2025-08-23
TF-201-111-004,111,4,Week 8,Adverse Events,1,2025-08-24
TF-201-111-004,111,5,Week 12,Vital Signs,1,2025-09-18
TF-201-111-004,111,5,Week 12,PASI Score,1,2025-09-21
TF-201-111-004,111,5,Week 12,Adverse Events,1,2025-09-17
TF-201-111-004,111,6,Week 16 EOT,Vital Signs,1,2025-10-17
TF-201-111-004,111,6,Week 16 EOT,PASI Score,1,2025-10-22
TF-201-111-004,111,6,Week 16 EOT,Laboratory,1,2025-10-18
TF-201-111-004,111,6,Week 16 EOT,Adverse Events,1,2025-10-24
TF-201-111-004,111,6,Week 16 EOT,End of Treatment,1,2025-10-24
TF-201-111-005,111,1,Screening,Demographics,1,2026-05-17
TF-201-111-005,111,1,Screening,Inclusion/Exclusion,1,2026-05-07
TF-201-111-005,111,1,Screening,Medical History,1,2026-05-11
TF-201-111-005,111,1,Screening,Informed Consent,1,2026-05-17
TF-201-111-005,111,1,Screening,Laboratory,1,2026-05-17
TF-201-111-006,111,1,Screening,Demographics,1,2025-03-24
TF-201-111-006,111,1,Screening,Inclusion/Exclusion,1,2025-03-27
TF-201-111-006,111,1,Screening,Medical History,1,2025-03-24
TF-201-111-006,111,1,Screening,Informed Consent,1,2025-03-25
TF-201-111-006,111,1,Screening,Laboratory,1,2025-03-25
TF-201-111-006,111,2,Baseline,Vital Signs,1,2025-04-30
TF-201-111-006,111,2,Baseline,PASI Score,1,2025-05-05
TF-201-111-006,111,2,Baseline,Laboratory,1,2025-04-30
TF-201-111-006,111,2,Baseline,Randomisation,1,2025-04-29
TF-201-111-006,111,3,Week 4,Vital Signs,1,2025-06-08
TF-201-111-006,111,3,Week 4,PASI Score,1,2025-06-05
TF-201-111-006,111,3,Week 4,Adverse Events,1,2025-06-02
TF-201-111-006,111,4,Week 8,Vital Signs,1,2025-06-28
TF-201-111-006,111,4,Week 8,PASI Score,1,2025-06-21
TF-201-111-006,111,4,Week 8,Laboratory,1,2025-06-29
TF-201-111-006,111,4,Week 8,Adverse Events,1,2025-06-21
TF-201-111-006,111,5,Week 12,Vital Signs,1,2025-07-23
TF-201-111-006,111,5,Week 12,PASI Score,1,2025-07-30
TF-201-111-006,111,5,Week 12,Adverse Events,1,2025-07-24
TF-201-111-006,111,6,Week 16 EOT,Vital Signs,1,2025-08-26
TF-201-111-006,111,6,Week 16 EOT,PASI Score,0,
TF-201-111-006,111,6,Week 16 EOT,Laboratory,1,2025-08-28
TF-201-111-006,111,6,Week 16 EOT,Adverse Events,1,2025-08-20
TF-201-111-006,111,6,Week 16 EOT,End of Treatment,1,2025-08-25
TF-201-111-007,111,1,Screening,Demographics,1,2025-11-04
TF-201-111-007,111,1,Screening,Inclusion/Exclusion,1,2025-11-11
TF-201-111-007,111,1,Screening,Medical History,1,2025-11-14
TF-201-111-007,111,1,Screening,Informed Consent,1,2025-11-12
TF-201-111-007,111,1,Screening,Laboratory,1,2025-11-05
TF-201-111-007,111,2,Baseline,Vital Signs,1,2025-12-17
TF-201-111-007,111,2,Baseline,PASI Score,1,2025-12-14
TF-201-111-007,111,2,Baseline,Laboratory,1,2025-12-18
TF-201-111-007,111,2,Baseline,Randomisation,1,2025-12-16
TF-201-111-007,111,3,Week 4,Vital Signs,1,2026-01-17
TF-201-111-007,111,3,Week 4,PASI Score,1,2026-01-18
TF-201-111-007,111,3,Week 4,Adverse Events,1,2026-01-15
TF-201-111-007,111,4,Week 8,Vital Signs,1,2026-02-05
TF-201-111-007,111,4,Week 8,PASI Score,1,2026-02-06
TF-201-111-007,111,4,Week 8,Laboratory,1,2026-02-06
TF-201-111-007,111,4,Week 8,Adverse Events,1,2026-02-04
TF-201-111-007,111,5,Week 12,Vital Signs,1,2026-03-07
TF-201-111-007,111,5,Week 12,PASI Score,1,2026-03-07
TF-201-111-007,111,5,Week 12,Adverse Events,1,2026-03-06
TF-201-111-007,111,6,Week 16 EOT,Vital Signs,1,2026-04-03
TF-201-111-007,111,6,Week 16 EOT,PASI Score,1,2026-04-12
TF-201-111-007,111,6,Week 16 EOT,Laboratory,1,2026-04-14
TF-201-111-007,111,6,Week 16 EOT,Adverse Events,1,2026-04-07
TF-201-111-007,111,6,Week 16 EOT,End of Treatment,1,2026-04-09
TF-201-111-008,111,1,Screening,Demographics,1,2025-04-10
TF-201-111-008,111,1,Screening,Inclusion/Exclusion,1,2025-04-15
TF-201-111-008,111,1,Screening,Medical History,1,2025-04-10
TF-201-111-008,111,1,Screening,Informed Consent,1,2025-04-12
TF-201-111-008,111,1,Screening,Laboratory,1,2025-04-13
TF-201-111-008,111,2,Baseline,Vital Signs,1,2025-05-20
TF-201-111-008,111,2,Baseline,PASI Score,1,2025-05-18
TF-201-111-008,111,2,Baseline,Laboratory,1,2025-05-20
TF-201-111-008,111,2,Baseline,Randomisation,1,2025-05-13
TF-201-111-008,111,3,Week 4,Vital Signs,1,2025-06-19
TF-201-111-008,111,3,Week 4,PASI Score,1,2025-06-10
TF-201-111-008,111,3,Week 4,Adverse Events,1,2025-06-18
TF-201-111-008,111,4,Week 8,Vital Signs,1,2025-06-30
TF-201-111-008,111,4,Week 8,PASI Score,1,2025-07-04
TF-201-111-008,111,4,Week 8,Laboratory,1,2025-07-05
TF-201-111-008,111,4,Week 8,Adverse Events,1,2025-06-28
TF-201-111-008,111,5,Week 12,Vital Signs,1,2025-08-03
TF-201-111-008,111,5,Week 12,PASI Score,1,2025-08-04
TF-201-111-008,111,5,Week 12,Adverse Events,1,2025-08-09
TF-201-111-008,111,6,Week 16 EOT,Vital Signs,1,2025-08-31
TF-201-111-008,111,6,Week 16 EOT,PASI Score,1,2025-09-03
TF-201-111-008,111,6,Week 16 EOT,Laboratory,1,2025-09-01
TF-201-111-008,111,6,Week 16 EOT,Adverse Events,1,2025-09-01
TF-201-111-008,111,6,Week 16 EOT,End of Treatment,1,2025-08-29
TF-201-111-009,111,1,Screening,Demographics,1,2025-06-14
TF-201-111-009,111,1,Screening,Inclusion/Exclusion,1,2025-06-09
TF-201-111-009,111,1,Screening,Medical History,1,2025-06-08
TF-201-111-009,111,1,Screening,Informed Consent,1,2025-06-08
TF-201-111-009,111,1,Screening,Laboratory,1,2025-06-12
TF-201-111-009,111,2,Baseline,Vital Signs,1,2025-07-13
TF-201-111-009,111,2,Baseline,PASI Score,1,2025-07-20
TF-201-111-009,111,2,Baseline,Laboratory,1,2025-07-21
TF-201-111-009,111,2,Baseline,Randomisation,1,2025-07-12
TF-201-111-009,111,3,Week 4,Vital Signs,1,2025-08-14
TF-201-111-009,111,3,Week 4,PASI Score,1,2025-08-17
TF-201-111-009,111,3,Week 4,Adverse Events,1,2025-08-18
TF-201-111-009,111,4,Week 8,Vital Signs,1,2025-09-14
TF-201-111-009,111,4,Week 8,PASI Score,1,2025-09-03
TF-201-111-009,111,4,Week 8,Laboratory,1,2025-09-10
TF-201-111-009,111,4,Week 8,Adverse Events,1,2025-09-09
TF-201-111-009,111,5,Week 12,Vital Signs,1,2025-10-11
TF-201-111-009,111,5,Week 12,PASI Score,1,2025-10-04
TF-201-111-009,111,5,Week 12,Adverse Events,1,2025-10-02
TF-201-111-009,111,6,Week 16 EOT,Vital Signs,1,2025-11-09
TF-201-111-009,111,6,Week 16 EOT,PASI Score,1,2025-11-10
TF-201-111-009,111,6,Week 16 EOT,Laboratory,1,2025-11-09
TF-201-111-009,111,6,Week 16 EOT,Adverse Events,1,2025-11-07
TF-201-111-009,111,6,Week 16 EOT,End of Treatment,1,2025-11-17
TF-201-111-010,111,1,Screening,Demographics,1,2025-04-23
TF-201-111-010,111,1,Screening,Inclusion/Exclusion,1,2025-04-27
TF-201-111-010,111,1,Screening,Medical History,1,2025-04-22
TF-201-111-010,111,1,Screening,Informed Consent,1,2025-04-29
TF-201-111-010,111,1,Screening,Laboratory,1,2025-04-26
TF-201-111-010,111,2,Baseline,Vital Signs,1,2025-06-03
TF-201-111-010,111,2,Baseline,PASI Score,1,2025-06-02
TF-201-111-010,111,2,Baseline,Laboratory,1,2025-06-07
TF-201-111-010,111,2,Baseline,Randomisation,1,2025-06-06
TF-201-111-010,111,3,Week 4,Vital Signs,1,2025-07-09
TF-201-111-010,111,3,Week 4,PASI Score,1,2025-06-29
TF-201-111-010,111,3,Week 4,Adverse Events,1,2025-07-01
TF-201-111-010,111,4,Week 8,Vital Signs,1,2025-07-31
TF-201-111-010,111,4,Week 8,PASI Score,1,2025-08-03
TF-201-111-010,111,4,Week 8,Laboratory,1,2025-07-27
TF-201-111-010,111,4,Week 8,Adverse Events,1,2025-08-06
TF-201-111-010,111,5,Week 12,Vital Signs,1,2025-08-28
TF-201-111-010,111,5,Week 12,PASI Score,1,2025-08-27
TF-201-111-010,111,5,Week 12,Adverse Events,1,2025-08-18
TF-201-111-010,111,6,Week 16 EOT,Vital Signs,1,2025-09-24
TF-201-111-010,111,6,Week 16 EOT,PASI Score,1,2025-09-23
TF-201-111-010,111,6,Week 16 EOT,Laboratory,1,2025-10-01
TF-201-111-010,111,6,Week 16 EOT,Adverse Events,1,2025-09-27
TF-201-111-010,111,6,Week 16 EOT,End of Treatment,1,2025-10-02
TF-201-111-011,111,1,Screening,Demographics,1,2025-03-09
TF-201-111-011,111,1,Screening,Inclusion/Exclusion,1,2025-03-11
TF-201-111-011,111,1,Screening,Medical History,1,2025-03-09
TF-201-111-011,111,1,Screening,Informed Consent,1,2025-03-08
TF-201-111-011,111,1,Screening,Laboratory,1,2025-03-15
TF-201-111-011,111,2,Baseline,Vital Signs,1,2025-04-17
TF-201-111-011,111,2,Baseline,PASI Score,1,2025-04-21
TF-201-111-011,111,2,Baseline,Laboratory,1,2025-04-19
TF-201-111-011,111,2,Baseline,Randomisation,1,2025-04-14
TF-201-111-011,111,3,Week 4,Vital Signs,1,2025-05-07
TF-201-111-011,111,3,Week 4,PASI Score,1,2025-05-16
TF-201-111-011,111,3,Week 4,Adverse Events,1,2025-05-13
TF-201-111-011,111,4,Week 8,Vital Signs,1,2025-06-11
TF-201-111-011,111,4,Week 8,PASI Score,1,2025-06-15
TF-201-111-011,111,4,Week 8,Laboratory,0,
TF-201-111-011,111,4,Week 8,Adverse Events,1,2025-06-11
TF-201-111-011,111,5,Week 12,Vital Signs,1,2025-07-17
TF-201-111-011,111,5,Week 12,PASI Score,1,2025-07-14
TF-201-111-011,111,5,Week 12,Adverse Events,1,2025-07-09
TF-201-111-011,111,6,Week 16 EOT,Vital Signs,1,2025-08-05
TF-201-111-011,111,6,Week 16 EOT,PASI Score,1,2025-08-10
TF-201-111-011,111,6,Week 16 EOT,Laboratory,1,2025-08-03
TF-201-111-011,111,6,Week 16 EOT,Adverse Events,1,2025-08-04
TF-201-111-011,111,6,Week 16 EOT,End of Treatment,1,2025-08-13
TF-201-111-012,111,1,Screening,Demographics,1,2025-08-26
TF-201-111-012,111,1,Screening,Inclusion/Exclusion,1,2025-08-21
TF-201-111-012,111,1,Screening,Medical History,1,2025-08-18
TF-201-111-012,111,1,Screening,Informed Consent,1,2025-08-23
TF-201-111-012,111,1,Screening,Laboratory,1,2025-08-26
TF-201-111-012,111,2,Baseline,Vital Signs,1,2025-09-24
TF-201-111-012,111,2,Baseline,PASI Score,1,2025-09-24
TF-201-111-012,111,2,Baseline,Laboratory,1,2025-09-27
TF-201-111-012,111,2,Baseline,Randomisation,1,2025-10-01
TF-201-111-012,111,3,Week 4,Vital Signs,1,2025-10-21
TF-201-111-012,111,3,Week 4,PASI Score,1,2025-10-20
TF-201-111-012,111,3,Week 4,Adverse Events,1,2025-10-28
TF-201-111-012,111,4,Week 8,Vital Signs,1,2025-11-15
TF-201-111-012,111,4,Week 8,PASI Score,1,2025-11-24
TF-201-111-012,111,4,Week 8,Laboratory,1,2025-11-22
TF-201-111-012,111,4,Week 8,Adverse Events,1,2025-11-24
TF-201-111-012,111,5,Week 12,Vital Signs,1,2025-12-24
TF-201-111-012,111,5,Week 12,PASI Score,1,2025-12-28
TF-201-111-012,111,5,Week 12,Adverse Events,1,2025-12-22
TF-201-111-012,111,6,Week 16 EOT,Vital Signs,1,2026-01-23
TF-201-111-012,111,6,Week 16 EOT,PASI Score,1,2026-01-24
TF-201-111-012,111,6,Week 16 EOT,Laboratory,1,2026-01-26
TF-201-111-012,111,6,Week 16 EOT,Adverse Events,1,2026-01-26
TF-201-111-012,111,6,Week 16 EOT,End of Treatment,1,2026-01-23
TF-201-111-013,111,1,Screening,Demographics,1,2025-07-14
TF-201-111-013,111,1,Screening,Inclusion/Exclusion,1,2025-07-20
TF-201-111-013,111,1,Screening,Medical History,1,2025-07-10
TF-201-111-013,111,1,Screening,Informed Consent,1,2025-07-10
TF-201-111-013,111,1,Screening,Laboratory,1,2025-07-09
TF-201-111-013,111,2,Baseline,Vital Signs,1,2025-08-04
TF-201-111-013,111,2,Baseline,PASI Score,1,2025-08-12
TF-201-111-013,111,2,Baseline,Laboratory,1,2025-08-03
TF-201-111-013,111,2,Baseline,Randomisation,1,2025-08-11
TF-201-111-013,111,3,Week 4,Vital Signs,1,2025-08-27
TF-201-111-013,111,3,Week 4,PASI Score,1,2025-09-03
TF-201-111-013,111,3,Week 4,Adverse Events,1,2025-08-27
TF-201-111-013,111,4,Week 8,Vital Signs,1,2025-10-02
TF-201-111-013,111,4,Week 8,PASI Score,1,2025-09-28
TF-201-111-013,111,4,Week 8,Laboratory,1,2025-10-01
TF-201-111-013,111,4,Week 8,Adverse Events,1,2025-10-05
TF-201-111-013,111,5,Week 12,Vital Signs,1,2025-10-24
TF-201-111-013,111,5,Week 12,PASI Score,1,2025-10-25
TF-201-111-013,111,5,Week 12,Adverse Events,1,2025-10-24
TF-201-111-013,111,6,Week 16 EOT,Vital Signs,1,2025-12-02
TF-201-111-013,111,6,Week 16 EOT,PASI Score,1,2025-11-26
TF-201-111-013,111,6,Week 16 EOT,Laboratory,1,2025-12-01
TF-201-111-013,111,6,Week 16 EOT,Adverse Events,1,2025-11-27
TF-201-111-013,111,6,Week 16 EOT,End of Treatment,1,2025-12-01
TF-201-111-014,111,1,Screening,Demographics,1,2026-04-26
TF-201-111-014,111,1,Screening,Inclusion/Exclusion,1,2026-04-20
TF-201-111-014,111,1,Screening,Medical History,1,2026-04-23
TF-201-111-014,111,1,Screening,Informed Consent,1,2026-04-21
TF-201-111-014,111,1,Screening,Laboratory,1,2026-04-16
TF-201-111-014,111,2,Baseline,Vital Signs,1,2026-05-15
TF-201-111-014,111,2,Baseline,PASI Score,1,2026-05-20
TF-201-111-014,111,2,Baseline,Laboratory,1,2026-05-24
TF-201-111-014,111,2,Baseline,Randomisation,1,2026-05-16
TF-201-111-014,111,3,Week 4,Vital Signs,1,2026-06-17
TF-201-111-014,111,3,Week 4,PASI Score,1,2026-06-10
TF-201-111-014,111,3,Week 4,Adverse Events,1,2026-06-12
TF-201-111-014,111,4,Week 8,Vital Signs,1,2026-07-16
TF-201-111-014,111,4,Week 8,PASI Score,1,2026-07-10
TF-201-111-014,111,4,Week 8,Laboratory,1,2026-07-12
TF-201-111-014,111,4,Week 8,Adverse Events,1,2026-07-16
TF-201-111-014,111,5,Week 12,Vital Signs,1,2026-08-11
TF-201-111-014,111,5,Week 12,PASI Score,1,2026-08-12
TF-201-111-014,111,5,Week 12,Adverse Events,1,2026-08-13
TF-201-111-014,111,6,Week 16 EOT,Vital Signs,1,2026-08-31
TF-201-111-014,111,6,Week 16 EOT,PASI Score,1,2026-09-03
TF-201-111-014,111,6,Week 16 EOT,Laboratory,1,2026-09-08
TF-201-111-014,111,6,Week 16 EOT,Adverse Events,1,2026-08-31
TF-201-111-014,111,6,Week 16 EOT,End of Treatment,1,2026-09-06
TF-201-111-015,111,1,Screening,Demographics,1,2025-09-07
TF-201-111-015,111,1,Screening,Inclusion/Exclusion,1,2025-09-04
TF-201-111-015,111,1,Screening,Medical History,1,2025-09-06
TF-201-111-015,111,1,Screening,Informed Consent,1,2025-09-06
TF-201-111-015,111,1,Screening,Laboratory,1,2025-09-12
TF-201-111-015,111,2,Baseline,Vital Signs,1,2025-10-22
TF-201-111-015,111,2,Baseline,PASI Score,1,2025-10-18
TF-201-111-015,111,2,Baseline,Laboratory,1,2025-10-20
TF-201-111-015,111,2,Baseline,Randomisation,1,2025-10-14
TF-201-111-015,111,3,Week 4,Vital Signs,1,2025-11-18
TF-201-111-015,111,3,Week 4,PASI Score,1,2025-11-20
TF-201-111-015,111,3,Week 4,Adverse Events,1,2025-11-14
TF-201-111-015,111,4,Week 8,Vital Signs,1,2025-12-21
TF-201-111-015,111,4,Week 8,PASI Score,1,2025-12-14
TF-201-111-015,111,4,Week 8,Laboratory,1,2025-12-10
TF-201-111-015,111,4,Week 8,Adverse Events,1,2025-12-16
TF-201-111-015,111,5,Week 12,Vital Signs,1,2026-01-12
TF-201-111-015,111,5,Week 12,PASI Score,1,2026-01-16
TF-201-111-015,111,5,Week 12,Adverse Events,1,2026-01-07
TF-201-111-015,111,6,Week 16 EOT,Vital Signs,1,2026-02-09
TF-201-111-015,111,6,Week 16 EOT,PASI Score,1,2026-01-31
TF-201-111-015,111,6,Week 16 EOT,Laboratory,1,2026-02-05
TF-201-111-015,111,6,Week 16 EOT,Adverse Events,1,2026-02-05
TF-201-111-015,111,6,Week 16 EOT,End of Treatment,1,2026-01-29
TF-201-111-016,111,1,Screening,Demographics,1,2025-03-20
TF-201-111-016,111,1,Screening,Inclusion/Exclusion,1,2025-03-28
TF-201-111-016,111,1,Screening,Medical History,1,2025-03-19
TF-201-111-016,111,1,Screening,Informed Consent,1,2025-03-24
TF-201-111-016,111,1,Screening,Laboratory,1,2025-03-18
TF-201-111-016,111,2,Baseline,Vital Signs,1,2025-05-01
TF-201-111-016,111,2,Baseline,PASI Score,1,2025-04-26
TF-201-111-016,111,2,Baseline,Laboratory,1,2025-04-27
TF-201-111-016,111,2,Baseline,Randomisation,1,2025-04-22
TF-201-111-016,111,3,Week 4,Vital Signs,1,2025-05-23
TF-201-111-016,111,3,Week 4,PASI Score,1,2025-05-27
TF-201-111-016,111,3,Week 4,Adverse Events,1,2025-05-24
TF-201-111-016,111,4,Week 8,Vital Signs,1,2025-06-18
TF-201-111-016,111,4,Week 8,PASI Score,1,2025-06-21
TF-201-111-016,111,4,Week 8,Laboratory,1,2025-06-29
TF-201-111-016,111,4,Week 8,Adverse Events,1,2025-06-26
TF-201-111-016,111,5,Week 12,Vital Signs,1,2025-07-30
TF-201-111-016,111,5,Week 12,PASI Score,1,2025-07-31
TF-201-111-016,111,5,Week 12,Adverse Events,1,2025-08-04
TF-201-111-016,111,6,Week 16 EOT,Vital Signs,1,2025-08-12
TF-201-111-016,111,6,Week 16 EOT,PASI Score,1,2025-08-17
TF-201-111-016,111,6,Week 16 EOT,Laboratory,1,2025-08-13
TF-201-111-016,111,6,Week 16 EOT,Adverse Events,1,2025-08-17
TF-201-111-016,111,6,Week 16 EOT,End of Treatment,1,2025-08-16
TF-201-111-017,111,1,Screening,Demographics,1,2025-04-08
TF-201-111-017,111,1,Screening,Inclusion/Exclusion,1,2025-04-07
TF-201-111-017,111,1,Screening,Medical History,1,2025-04-08
TF-201-111-017,111,1,Screening,Informed Consent,1,2025-04-02
TF-201-111-017,111,1,Screening,Laboratory,1,2025-04-07
TF-201-111-017,111,2,Baseline,Vital Signs,1,2025-05-14
TF-201-111-017,111,2,Baseline,PASI Score,1,2025-05-19
TF-201-111-017,111,2,Baseline,Laboratory,1,2025-05-18
TF-201-111-017,111,2,Baseline,Randomisation,1,2025-05-16
TF-201-111-017,111,3,Week 4,Vital Signs,1,2025-06-17
TF-201-111-017,111,3,Week 4,PASI Score,1,2025-06-18
TF-201-111-017,111,3,Week 4,Adverse Events,1,2025-06-09
TF-201-111-017,111,4,Week 8,Vital Signs,1,2025-07-13
TF-201-111-017,111,4,Week 8,PASI Score,1,2025-07-06
TF-201-111-017,111,4,Week 8,Laboratory,1,2025-07-08
TF-201-111-017,111,4,Week 8,Adverse Events,1,2025-07-04
TF-201-111-017,111,5,Week 12,Vital Signs,1,2025-08-17
TF-201-111-017,111,5,Week 12,PASI Score,1,2025-08-15
TF-201-111-017,111,5,Week 12,Adverse Events,1,2025-08-07
TF-201-111-017,111,6,Week 16 EOT,Vital Signs,1,2025-09-17
TF-201-111-017,111,6,Week 16 EOT,PASI Score,1,2025-09-19
TF-201-111-017,111,6,Week 16 EOT,Laboratory,1,2025-09-12
TF-201-111-017,111,6,Week 16 EOT,Adverse Events,1,2025-09-11
TF-201-111-017,111,6,Week 16 EOT,End of Treatment,1,2025-09-16
TF-201-111-018,111,1,Screening,Demographics,1,2025-02-21
TF-201-111-018,111,1,Screening,Inclusion/Exclusion,1,2025-02-10
TF-201-111-018,111,1,Screening,Medical History,1,2025-02-14
TF-201-111-018,111,1,Screening,Informed Consent,1,2025-02-17
TF-201-111-018,111,1,Screening,Laboratory,1,2025-02-13
TF-201-111-018,111,2,Baseline,Vital Signs,1,2025-03-11
TF-201-111-018,111,2,Baseline,PASI Score,1,2025-03-09
TF-201-111-018,111,2,Baseline,Laboratory,1,2025-03-16
TF-201-111-018,111,2,Baseline,Randomisation,1,2025-03-19
TF-201-111-018,111,3,Week 4,Vital Signs,1,2025-04-17
TF-201-111-018,111,3,Week 4,PASI Score,1,2025-04-15
TF-201-111-018,111,3,Week 4,Adverse Events,1,2025-04-15
TF-201-111-018,111,4,Week 8,Vital Signs,1,2025-05-11
TF-201-111-018,111,4,Week 8,PASI Score,1,2025-05-12
TF-201-111-018,111,4,Week 8,Laboratory,1,2025-05-07
TF-201-111-018,111,4,Week 8,Adverse Events,1,2025-05-08
TF-201-111-018,111,5,Week 12,Vital Signs,1,2025-06-07
TF-201-111-018,111,5,Week 12,PASI Score,1,2025-06-02
TF-201-111-018,111,5,Week 12,Adverse Events,1,2025-06-09
TF-201-111-018,111,6,Week 16 EOT,Vital Signs,1,2025-07-08
TF-201-111-018,111,6,Week 16 EOT,PASI Score,1,2025-07-07
TF-201-111-018,111,6,Week 16 EOT,Laboratory,1,2025-07-10
TF-201-111-018,111,6,Week 16 EOT,Adverse Events,1,2025-07-13
TF-201-111-018,111,6,Week 16 EOT,End of Treatment,1,2025-07-13
TF-201-111-019,111,1,Screening,Demographics,1,2025-08-26
TF-201-111-019,111,1,Screening,Inclusion/Exclusion,1,2025-09-02
TF-201-111-019,111,1,Screening,Medical History,1,2025-08-24
TF-201-111-019,111,1,Screening,Informed Consent,1,2025-08-29
TF-201-111-019,111,1,Screening,Laboratory,1,2025-09-02
TF-201-111-019,111,2,Baseline,Vital Signs,1,2025-10-03
TF-201-111-019,111,2,Baseline,PASI Score,1,2025-10-10
TF-201-111-019,111,2,Baseline,Laboratory,1,2025-10-03
TF-201-111-019,111,2,Baseline,Randomisation,1,2025-10-04
TF-201-111-019,111,4,Week 8,Vital Signs,1,2025-11-28
TF-201-111-019,111,4,Week 8,PASI Score,1,2025-11-24
TF-201-111-019,111,4,Week 8,Laboratory,1,2025-11-30
TF-201-111-019,111,4,Week 8,Adverse Events,1,2025-11-23
TF-201-111-019,111,5,Week 12,Vital Signs,1,2025-12-27
TF-201-111-019,111,5,Week 12,PASI Score,1,2025-12-29
TF-201-111-019,111,5,Week 12,Adverse Events,1,2026-01-02
TF-201-111-019,111,6,Week 16 EOT,Vital Signs,1,2026-01-29
TF-201-111-019,111,6,Week 16 EOT,PASI Score,1,2026-02-04
TF-201-111-019,111,6,Week 16 EOT,Laboratory,1,2026-02-02
TF-201-111-019,111,6,Week 16 EOT,Adverse Events,1,2026-02-02
TF-201-111-019,111,6,Week 16 EOT,End of Treatment,1,2026-01-30
TF-201-111-020,111,1,Screening,Demographics,1,2026-02-21
TF-201-111-020,111,1,Screening,Inclusion/Exclusion,1,2026-02-18
TF-201-111-020,111,1,Screening,Medical History,1,2026-02-19
TF-201-111-020,111,1,Screening,Informed Consent,1,2026-02-15
TF-201-111-020,111,1,Screening,Laboratory,1,2026-02-16
TF-201-111-020,111,2,Baseline,Vital Signs,1,2026-03-19
TF-201-111-020,111,2,Baseline,PASI Score,1,2026-03-22
TF-201-111-020,111,2,Baseline,Laboratory,1,2026-03-20
TF-201-111-020,111,2,Baseline,Randomisation,1,2026-03-20
TF-201-111-020,111,3,Week 4,Vital Signs,1,2026-04-28
TF-201-111-020,111,3,Week 4,PASI Score,1,2026-05-02
TF-201-111-020,111,3,Week 4,Adverse Events,1,2026-05-05
TF-201-111-020,111,4,Week 8,Vital Signs,1,2026-05-15
TF-201-111-020,111,4,Week 8,PASI Score,1,2026-05-20
TF-201-111-020,111,4,Week 8,Laboratory,1,2026-05-16
TF-201-111-020,111,4,Week 8,Adverse Events,1,2026-05-14
TF-201-111-020,111,5,Week 12,Vital Signs,1,2026-06-18
TF-201-111-020,111,5,Week 12,PASI Score,1,2026-06-13
TF-201-111-020,111,5,Week 12,Adverse Events,1,2026-06-17
TF-201-111-020,111,6,Week 16 EOT,Vital Signs,1,2026-07-12
TF-201-111-020,111,6,Week 16 EOT,PASI Score,1,2026-07-19
TF-201-111-020,111,6,Week 16 EOT,Laboratory,1,2026-07-13
TF-201-111-020,111,6,Week 16 EOT,Adverse Events,1,2026-07-14
TF-201-111-020,111,6,Week 16 EOT,End of Treatment,1,2026-07-21
TF-201-111-021,111,1,Screening,Demographics,1,2026-04-06
TF-201-111-021,111,1,Screening,Inclusion/Exclusion,1,2026-04-01
TF-201-111-021,111,1,Screening,Medical History,1,2026-04-05
TF-201-111-021,111,1,Screening,Informed Consent,1,2026-04-06
TF-201-111-021,111,1,Screening,Laboratory,1,2026-04-02
TF-201-111-021,111,2,Baseline,Vital Signs,1,2026-05-11
TF-201-111-021,111,2,Baseline,PASI Score,1,2026-05-10
TF-201-111-021,111,2,Baseline,Laboratory,1,2026-05-12
TF-201-111-021,111,2,Baseline,Randomisation,1,2026-05-12
TF-201-111-021,111,3,Week 4,Vital Signs,1,2026-06-07
TF-201-111-021,111,3,Week 4,PASI Score,1,2026-06-04
TF-201-111-021,111,3,Week 4,Adverse Events,1,2026-06-11
TF-201-111-021,111,4,Week 8,Vital Signs,1,2026-07-05
TF-201-111-021,111,4,Week 8,PASI Score,1,2026-07-11
TF-201-111-021,111,4,Week 8,Laboratory,1,2026-06-30
TF-201-111-021,111,4,Week 8,Adverse Events,1,2026-07-09
TF-201-111-021,111,5,Week 12,Vital Signs,1,2026-07-29
TF-201-111-021,111,5,Week 12,PASI Score,1,2026-07-29
TF-201-111-021,111,5,Week 12,Adverse Events,1,2026-08-06
TF-201-111-021,111,6,Week 16 EOT,Vital Signs,1,2026-08-26
TF-201-111-021,111,6,Week 16 EOT,PASI Score,1,2026-08-31
TF-201-111-021,111,6,Week 16 EOT,Laboratory,1,2026-09-03
TF-201-111-021,111,6,Week 16 EOT,Adverse Events,1,2026-08-23
TF-201-111-021,111,6,Week 16 EOT,End of Treatment,1,2026-08-23
TF-201-111-022,111,1,Screening,Demographics,1,2025-11-03
TF-201-111-022,111,1,Screening,Inclusion/Exclusion,1,2025-11-10
TF-201-111-022,111,1,Screening,Medical History,1,2025-11-13
TF-201-111-022,111,1,Screening,Informed Consent,1,2025-11-13
TF-201-111-022,111,1,Screening,Laboratory,1,2025-11-02
TF-201-111-022,111,2,Baseline,Vital Signs,1,2025-12-15
TF-201-111-022,111,2,Baseline,PASI Score,1,2025-12-15
TF-201-111-022,111,2,Baseline,Laboratory,1,2025-12-15
TF-201-111-022,111,2,Baseline,Randomisation,1,2025-12-22
TF-201-111-022,111,3,Week 4,Vital Signs,1,2026-01-12
TF-201-111-022,111,3,Week 4,PASI Score,1,2026-01-10
TF-201-111-022,111,3,Week 4,Adverse Events,1,2026-01-15
TF-201-111-022,111,4,Week 8,Vital Signs,1,2026-02-09
TF-201-111-022,111,4,Week 8,PASI Score,1,2026-02-09
TF-201-111-022,111,4,Week 8,Laboratory,1,2026-02-10
TF-201-111-022,111,4,Week 8,Adverse Events,1,2026-02-08
TF-201-111-022,111,5,Week 12,Vital Signs,1,2026-03-10
TF-201-111-022,111,5,Week 12,PASI Score,1,2026-03-16
TF-201-111-022,111,5,Week 12,Adverse Events,1,2026-03-19
TF-201-111-022,111,6,Week 16 EOT,Vital Signs,1,2026-04-17
TF-201-111-022,111,6,Week 16 EOT,PASI Score,1,2026-04-17
TF-201-111-022,111,6,Week 16 EOT,Laboratory,1,2026-04-15
TF-201-111-022,111,6,Week 16 EOT,Adverse Events,1,2026-04-16
TF-201-111-022,111,6,Week 16 EOT,End of Treatment,1,2026-04-15
TF-201-112-001,112,1,Screening,Demographics,1,2026-04-11
TF-201-112-001,112,1,Screening,Inclusion/Exclusion,1,2026-04-11
TF-201-112-001,112,1,Screening,Medical History,1,2026-04-11
TF-201-112-001,112,1,Screening,Informed Consent,1,2026-04-05
TF-201-112-001,112,1,Screening,Laboratory,1,2026-04-07
TF-201-112-001,112,2,Baseline,Vital Signs,1,2026-04-27
TF-201-112-001,112,2,Baseline,PASI Score,0,
TF-201-112-001,112,2,Baseline,Laboratory,1,2026-04-27
TF-201-112-001,112,2,Baseline,Randomisation,1,2026-04-30
TF-201-112-001,112,3,Week 4,Vital Signs,1,2026-05-28
TF-201-112-001,112,3,Week 4,PASI Score,1,2026-05-28
TF-201-112-001,112,3,Week 4,Adverse Events,1,2026-05-29
TF-201-112-001,112,4,Week 8,Vital Signs,1,2026-07-01
TF-201-112-001,112,4,Week 8,PASI Score,1,2026-06-23
TF-201-112-001,112,4,Week 8,Laboratory,1,2026-07-01
TF-201-112-001,112,4,Week 8,Adverse Events,1,2026-06-26
TF-201-112-001,112,5,Week 12,Vital Signs,1,2026-07-26
TF-201-112-001,112,5,Week 12,PASI Score,1,2026-07-22
TF-201-112-001,112,5,Week 12,Adverse Events,1,2026-07-25
TF-201-112-001,112,6,Week 16 EOT,Vital Signs,1,2026-08-25
TF-201-112-001,112,6,Week 16 EOT,PASI Score,1,2026-08-19
TF-201-112-001,112,6,Week 16 EOT,Laboratory,1,2026-08-26
TF-201-112-001,112,6,Week 16 EOT,Adverse Events,1,2026-08-19
TF-201-112-001,112,6,Week 16 EOT,End of Treatment,1,2026-08-25
TF-201-112-002,112,1,Screening,Demographics,1,2025-02-07
TF-201-112-002,112,1,Screening,Inclusion/Exclusion,1,2025-02-11
TF-201-112-002,112,1,Screening,Medical History,0,
TF-201-112-002,112,1,Screening,Informed Consent,1,2025-02-09
TF-201-112-002,112,1,Screening,Laboratory,1,2025-02-03
TF-201-112-002,112,2,Baseline,Vital Signs,1,2025-03-12
TF-201-112-002,112,2,Baseline,PASI Score,1,2025-03-16
TF-201-112-002,112,2,Baseline,Laboratory,1,2025-03-11
TF-201-112-002,112,2,Baseline,Randomisation,1,2025-03-16
TF-201-112-002,112,3,Week 4,Vital Signs,1,2025-04-11
TF-201-112-002,112,3,Week 4,PASI Score,1,2025-04-12
TF-201-112-002,112,3,Week 4,Adverse Events,1,2025-04-12
TF-201-112-002,112,4,Week 8,Vital Signs,1,2025-05-17
TF-201-112-002,112,4,Week 8,PASI Score,1,2025-05-12
TF-201-112-002,112,4,Week 8,Laboratory,1,2025-05-20
TF-201-112-002,112,4,Week 8,Adverse Events,1,2025-05-09
TF-201-112-002,112,5,Week 12,Vital Signs,1,2025-05-31
TF-201-112-002,112,5,Week 12,PASI Score,1,2025-06-10
TF-201-112-002,112,5,Week 12,Adverse Events,1,2025-05-30
TF-201-112-002,112,6,Week 16 EOT,Vital Signs,1,2025-07-06
TF-201-112-002,112,6,Week 16 EOT,PASI Score,1,2025-07-02
TF-201-112-002,112,6,Week 16 EOT,Laboratory,1,2025-07-06
TF-201-112-002,112,6,Week 16 EOT,Adverse Events,1,2025-07-06
TF-201-112-002,112,6,Week 16 EOT,End of Treatment,1,2025-06-30
TF-201-112-003,112,1,Screening,Demographics,1,2025-08-06
TF-201-112-003,112,1,Screening,Inclusion/Exclusion,1,2025-08-04
TF-201-112-003,112,1,Screening,Medical History,1,2025-08-02
TF-201-112-003,112,1,Screening,Informed Consent,1,2025-08-02
TF-201-112-003,112,1,Screening,Laboratory,1,2025-07-27
TF-201-112-003,112,2,Baseline,Vital Signs,1,2025-08-25
TF-201-112-003,112,2,Baseline,PASI Score,1,2025-08-25
TF-201-112-003,112,2,Baseline,Laboratory,1,2025-08-24
TF-201-112-003,112,2,Baseline,Randomisation,1,2025-08-20
TF-201-112-003,112,3,Week 4,Vital Signs,1,2025-09-15
TF-201-112-003,112,3,Week 4,PASI Score,0,
TF-201-112-003,112,3,Week 4,Adverse Events,1,2025-09-18
TF-201-112-003,112,4,Week 8,Vital Signs,1,2025-10-20
TF-201-112-003,112,4,Week 8,PASI Score,1,2025-10-21
TF-201-112-003,112,4,Week 8,Laboratory,1,2025-10-12
TF-201-112-003,112,4,Week 8,Adverse Events,1,2025-10-23
TF-201-112-003,112,5,Week 12,Vital Signs,1,2025-11-08
TF-201-112-003,112,5,Week 12,PASI Score,1,2025-11-10
TF-201-112-003,112,5,Week 12,Adverse Events,1,2025-11-14
TF-201-112-003,112,6,Week 16 EOT,Vital Signs,1,2025-12-10
TF-201-112-003,112,6,Week 16 EOT,PASI Score,0,
TF-201-112-003,112,6,Week 16 EOT,Laboratory,1,2025-12-06
TF-201-112-003,112,6,Week 16 EOT,Adverse Events,1,2025-12-09
TF-201-112-003,112,6,Week 16 EOT,End of Treatment,1,2025-12-09
TF-201-112-004,112,1,Screening,Demographics,1,2025-08-28
TF-201-112-004,112,1,Screening,Inclusion/Exclusion,1,2025-08-26
TF-201-112-004,112,1,Screening,Medical History,1,2025-08-21
TF-201-112-004,112,1,Screening,Informed Consent,1,2025-08-24
TF-201-112-004,112,1,Screening,Laboratory,1,2025-08-25
TF-201-112-004,112,2,Baseline,Vital Signs,1,2025-09-27
TF-201-112-004,112,2,Baseline,PASI Score,1,2025-09-27
TF-201-112-004,112,2,Baseline,Laboratory,1,2025-09-18
TF-201-112-004,112,2,Baseline,Randomisation,1,2025-09-21
TF-201-112-004,112,3,Week 4,Vital Signs,1,2025-10-19
TF-201-112-004,112,3,Week 4,PASI Score,1,2025-10-24
TF-201-112-004,112,3,Week 4,Adverse Events,1,2025-10-25
TF-201-112-004,112,4,Week 8,Vital Signs,1,2025-11-15
TF-201-112-004,112,4,Week 8,PASI Score,1,2025-11-17
TF-201-112-004,112,4,Week 8,Laboratory,1,2025-11-10
TF-201-112-004,112,4,Week 8,Adverse Events,1,2025-11-14
TF-201-112-004,112,5,Week 12,Vital Signs,1,2025-12-23
TF-201-112-004,112,5,Week 12,PASI Score,1,2025-12-23
TF-201-112-004,112,5,Week 12,Adverse Events,1,2025-12-20
TF-201-112-004,112,6,Week 16 EOT,Vital Signs,1,2026-01-19
TF-201-112-004,112,6,Week 16 EOT,PASI Score,1,2026-01-22
TF-201-112-004,112,6,Week 16 EOT,Laboratory,1,2026-01-15
TF-201-112-004,112,6,Week 16 EOT,Adverse Events,1,2026-01-15
TF-201-112-004,112,6,Week 16 EOT,End of Treatment,1,2026-01-19
TF-201-112-005,112,1,Screening,Demographics,1,2026-04-20
TF-201-112-005,112,1,Screening,Inclusion/Exclusion,1,2026-04-30
TF-201-112-005,112,1,Screening,Medical History,1,2026-04-19
TF-201-112-005,112,1,Screening,Informed Consent,1,2026-04-19
TF-201-112-005,112,1,Screening,Laboratory,1,2026-04-26
TF-201-112-005,112,2,Baseline,Vital Signs,1,2026-05-12
TF-201-112-005,112,2,Baseline,PASI Score,1,2026-05-14
TF-201-112-005,112,2,Baseline,Laboratory,1,2026-05-15
TF-201-112-005,112,2,Baseline,Randomisation,1,2026-05-17
TF-201-112-005,112,3,Week 4,Vital Signs,1,2026-06-14
TF-201-112-005,112,3,Week 4,PASI Score,1,2026-06-14
TF-201-112-005,112,3,Week 4,Adverse Events,1,2026-06-09
TF-201-112-005,112,4,Week 8,Vital Signs,1,2026-07-04
TF-201-112-005,112,4,Week 8,PASI Score,1,2026-07-14
TF-201-112-005,112,4,Week 8,Laboratory,1,2026-07-06
TF-201-112-005,112,4,Week 8,Adverse Events,1,2026-07-11
TF-201-112-005,112,5,Week 12,Vital Signs,1,2026-08-05
TF-201-112-005,112,5,Week 12,PASI Score,1,2026-08-02
TF-201-112-005,112,5,Week 12,Adverse Events,1,2026-08-09
TF-201-112-005,112,6,Week 16 EOT,Vital Signs,1,2026-08-24
TF-201-112-005,112,6,Week 16 EOT,PASI Score,1,2026-08-31
TF-201-112-005,112,6,Week 16 EOT,Laboratory,1,2026-08-26
TF-201-112-005,112,6,Week 16 EOT,Adverse Events,1,2026-08-26
TF-201-112-005,112,6,Week 16 EOT,End of Treatment,1,2026-08-27
TF-201-112-006,112,1,Screening,Demographics,1,2025-01-26
TF-201-112-006,112,1,Screening,Inclusion/Exclusion,1,2025-01-31
TF-201-112-006,112,1,Screening,Medical History,1,2025-01-24
TF-201-112-006,112,1,Screening,Informed Consent,1,2025-01-30
TF-201-112-006,112,1,Screening,Laboratory,1,2025-01-27
TF-201-112-006,112,2,Baseline,Vital Signs,1,2025-03-05
TF-201-112-006,112,2,Baseline,PASI Score,1,2025-03-01
TF-201-112-006,112,2,Baseline,Laboratory,1,2025-03-01
TF-201-112-006,112,2,Baseline,Randomisation,1,2025-03-06
TF-201-112-006,112,3,Week 4,Vital Signs,1,2025-04-05
TF-201-112-006,112,3,Week 4,PASI Score,1,2025-03-31
TF-201-112-006,112,3,Week 4,Adverse Events,1,2025-04-03
TF-201-112-006,112,4,Week 8,Vital Signs,1,2025-04-30
TF-201-112-006,112,4,Week 8,PASI Score,1,2025-05-04
TF-201-112-006,112,4,Week 8,Laboratory,1,2025-05-04
TF-201-112-006,112,4,Week 8,Adverse Events,1,2025-05-07
TF-201-112-006,112,5,Week 12,Vital Signs,1,2025-05-26
TF-201-112-006,112,5,Week 12,PASI Score,0,
TF-201-112-006,112,5,Week 12,Adverse Events,1,2025-05-28
TF-201-112-006,112,6,Week 16 EOT,Vital Signs,1,2025-06-21
TF-201-112-006,112,6,Week 16 EOT,PASI Score,1,2025-06-22
TF-201-112-006,112,6,Week 16 EOT,Laboratory,1,2025-06-29
TF-201-112-006,112,6,Week 16 EOT,Adverse Events,1,2025-06-29
TF-201-112-006,112,6,Week 16 EOT,End of Treatment,1,2025-06-24
TF-201-112-007,112,1,Screening,Demographics,1,2025-10-09
TF-201-112-007,112,1,Screening,Inclusion/Exclusion,1,2025-10-09
TF-201-112-007,112,1,Screening,Medical History,1,2025-10-13
TF-201-112-007,112,1,Screening,Informed Consent,1,2025-10-15
TF-201-112-007,112,1,Screening,Laboratory,1,2025-10-08
TF-201-112-007,112,2,Baseline,Vital Signs,1,2025-10-20
TF-201-112-007,112,2,Baseline,PASI Score,1,2025-10-25
TF-201-112-007,112,2,Baseline,Laboratory,1,2025-10-22
TF-201-112-007,112,2,Baseline,Randomisation,1,2025-10-26
TF-201-112-007,112,3,Week 4,Vital Signs,1,2025-11-28
TF-201-112-007,112,3,Week 4,PASI Score,1,2025-11-26
TF-201-112-007,112,3,Week 4,Adverse Events,1,2025-11-28
TF-201-112-007,112,4,Week 8,Vital Signs,1,2025-12-19
TF-201-112-007,112,4,Week 8,PASI Score,1,2025-12-21
TF-201-112-007,112,4,Week 8,Laboratory,1,2025-12-24
TF-201-112-007,112,4,Week 8,Adverse Events,1,2025-12-14
TF-201-112-007,112,5,Week 12,Vital Signs,1,2026-01-26
TF-201-112-007,112,5,Week 12,PASI Score,1,2026-01-16
TF-201-112-007,112,5,Week 12,Adverse Events,1,2026-01-22
TF-201-112-007,112,6,Week 16 EOT,Vital Signs,1,2026-02-15
TF-201-112-007,112,6,Week 16 EOT,PASI Score,1,2026-02-11
TF-201-112-007,112,6,Week 16 EOT,Laboratory,1,2026-02-12
TF-201-112-007,112,6,Week 16 EOT,Adverse Events,1,2026-02-11
TF-201-112-007,112,6,Week 16 EOT,End of Treatment,1,2026-02-14
TF-201-112-008,112,1,Screening,Demographics,1,2025-07-02
TF-201-112-008,112,1,Screening,Inclusion/Exclusion,1,2025-06-30
TF-201-112-008,112,1,Screening,Medical History,1,2025-07-05
TF-201-112-008,112,1,Screening,Informed Consent,1,2025-07-03
TF-201-112-008,112,1,Screening,Laboratory,1,2025-06-27
TF-201-112-008,112,2,Baseline,Vital Signs,1,2025-08-06
TF-201-112-008,112,2,Baseline,PASI Score,1,2025-08-14
TF-201-112-008,112,2,Baseline,Laboratory,1,2025-08-08
TF-201-112-008,112,2,Baseline,Randomisation,1,2025-08-11
TF-201-112-008,112,3,Week 4,Vital Signs,1,2025-09-04
TF-201-112-008,112,3,Week 4,PASI Score,1,2025-09-06
TF-201-112-008,112,3,Week 4,Adverse Events,1,2025-09-10
TF-201-112-008,112,4,Week 8,Vital Signs,1,2025-10-06
TF-201-112-008,112,4,Week 8,PASI Score,1,2025-10-04
TF-201-112-008,112,4,Week 8,Laboratory,1,2025-10-01
TF-201-112-008,112,4,Week 8,Adverse Events,1,2025-10-01
TF-201-112-008,112,5,Week 12,Vital Signs,1,2025-11-01
TF-201-112-008,112,5,Week 12,PASI Score,1,2025-10-30
TF-201-112-008,112,5,Week 12,Adverse Events,1,2025-10-25
TF-201-112-008,112,6,Week 16 EOT,Vital Signs,1,2025-11-19
TF-201-112-008,112,6,Week 16 EOT,PASI Score,1,2025-11-23
TF-201-112-008,112,6,Week 16 EOT,Laboratory,1,2025-11-25
TF-201-112-008,112,6,Week 16 EOT,Adverse Events,1,2025-11-29
TF-201-112-008,112,6,Week 16 EOT,End of Treatment,1,2025-11-22
TF-201-112-009,112,1,Screening,Demographics,1,2025-12-19
TF-201-112-009,112,1,Screening,Inclusion/Exclusion,1,2025-12-14
TF-201-112-009,112,1,Screening,Medical History,1,2025-12-09
TF-201-112-009,112,1,Screening,Informed Consent,1,2025-12-19
TF-201-112-009,112,1,Screening,Laboratory,1,2025-12-19
TF-201-112-009,112,2,Baseline,Vital Signs,1,2026-01-19
TF-201-112-009,112,2,Baseline,PASI Score,1,2026-01-19
TF-201-112-009,112,2,Baseline,Laboratory,1,2026-01-20
TF-201-112-009,112,2,Baseline,Randomisation,1,2026-01-28
TF-201-112-009,112,3,Week 4,Vital Signs,1,2026-02-20
TF-201-112-009,112,3,Week 4,PASI Score,1,2026-02-18
TF-201-112-009,112,3,Week 4,Adverse Events,1,2026-02-26
TF-201-112-009,112,4,Week 8,Vital Signs,1,2026-03-26
TF-201-112-009,112,4,Week 8,PASI Score,1,2026-03-20
TF-201-112-009,112,4,Week 8,Laboratory,1,2026-03-23
TF-201-112-009,112,4,Week 8,Adverse Events,1,2026-03-17
TF-201-112-009,112,5,Week 12,Vital Signs,1,2026-04-15
TF-201-112-009,112,5,Week 12,PASI Score,1,2026-04-13
TF-201-112-009,112,5,Week 12,Adverse Events,1,2026-04-12
TF-201-112-009,112,6,Week 16 EOT,Vital Signs,1,2026-05-16
TF-201-112-009,112,6,Week 16 EOT,PASI Score,1,2026-05-21
TF-201-112-009,112,6,Week 16 EOT,Laboratory,1,2026-05-21
TF-201-112-009,112,6,Week 16 EOT,Adverse Events,1,2026-05-17
TF-201-112-009,112,6,Week 16 EOT,End of Treatment,1,2026-05-18
TF-201-112-010,112,1,Screening,Demographics,1,2025-07-12
TF-201-112-010,112,1,Screening,Inclusion/Exclusion,1,2025-07-09
TF-201-112-010,112,1,Screening,Medical History,1,2025-07-10
TF-201-112-010,112,1,Screening,Informed Consent,1,2025-07-11
TF-201-112-010,112,1,Screening,Laboratory,1,2025-07-14
TF-201-112-010,112,2,Baseline,Vital Signs,1,2025-07-25
TF-201-112-010,112,2,Baseline,PASI Score,1,2025-07-26
TF-201-112-010,112,2,Baseline,Laboratory,1,2025-08-01
TF-201-112-010,112,2,Baseline,Randomisation,1,2025-07-31
TF-201-112-010,112,3,Week 4,Vital Signs,1,2025-08-20
TF-201-112-010,112,3,Week 4,PASI Score,1,2025-08-25
TF-201-112-010,112,3,Week 4,Adverse Events,1,2025-08-20
TF-201-112-010,112,4,Week 8,Vital Signs,1,2025-09-17
TF-201-112-010,112,4,Week 8,PASI Score,1,2025-09-14
TF-201-112-010,112,4,Week 8,Laboratory,1,2025-09-24
TF-201-112-010,112,4,Week 8,Adverse Events,1,2025-09-21
TF-201-112-010,112,5,Week 12,Vital Signs,1,2025-10-29
TF-201-112-010,112,5,Week 12,PASI Score,1,2025-10-28
TF-201-112-010,112,5,Week 12,Adverse Events,1,2025-10-28
TF-201-112-010,112,6,Week 16 EOT,Vital Signs,1,2025-11-13
TF-201-112-010,112,6,Week 16 EOT,PASI Score,1,2025-11-11
TF-201-112-010,112,6,Week 16 EOT,Laboratory,1,2025-11-18
TF-201-112-010,112,6,Week 16 EOT,Adverse Events,1,2025-11-15
TF-201-112-010,112,6,Week 16 EOT,End of Treatment,1,2025-11-21
TF-201-112-011,112,1,Screening,Demographics,1,2025-12-03
TF-201-112-011,112,1,Screening,Inclusion/Exclusion,1,2025-12-01
TF-201-112-011,112,1,Screening,Medical History,1,2025-12-06
TF-201-112-011,112,1,Screening,Informed Consent,1,2025-11-28
TF-201-112-011,112,1,Screening,Laboratory,1,2025-12-03
TF-201-112-011,112,2,Baseline,Vital Signs,1,2025-12-24
TF-201-112-011,112,2,Baseline,PASI Score,1,2026-01-02
TF-201-112-011,112,2,Baseline,Laboratory,1,2026-01-02
TF-201-112-011,112,2,Baseline,Randomisation,1,2025-12-31
TF-201-112-011,112,3,Week 4,Vital Signs,1,2026-01-29
TF-201-112-011,112,3,Week 4,PASI Score,1,2026-01-22
TF-201-112-011,112,3,Week 4,Adverse Events,1,2026-01-31
TF-201-112-011,112,4,Week 8,Vital Signs,1,2026-02-19
TF-201-112-011,112,4,Week 8,PASI Score,1,2026-02-18
TF-201-112-011,112,4,Week 8,Laboratory,1,2026-02-18
TF-201-112-011,112,4,Week 8,Adverse Events,1,2026-02-19
TF-201-112-011,112,5,Week 12,Vital Signs,1,2026-03-25
TF-201-112-011,112,5,Week 12,PASI Score,1,2026-04-03
TF-201-112-011,112,5,Week 12,Adverse Events,1,2026-03-26
TF-201-112-011,112,6,Week 16 EOT,Vital Signs,1,2026-04-23
TF-201-112-011,112,6,Week 16 EOT,PASI Score,1,2026-04-24
TF-201-112-011,112,6,Week 16 EOT,Laboratory,1,2026-04-28
TF-201-112-011,112,6,Week 16 EOT,Adverse Events,1,2026-04-21
TF-201-112-011,112,6,Week 16 EOT,End of Treatment,1,2026-04-19
TF-201-112-012,112,1,Screening,Demographics,1,2025-06-17
TF-201-112-012,112,1,Screening,Inclusion/Exclusion,1,2025-06-21
TF-201-112-012,112,1,Screening,Medical History,1,2025-06-14
TF-201-112-012,112,1,Screening,Informed Consent,1,2025-06-22
TF-201-112-012,112,1,Screening,Laboratory,1,2025-06-21
TF-201-112-012,112,2,Baseline,Vital Signs,1,2025-07-16
TF-201-112-012,112,2,Baseline,PASI Score,1,2025-07-24
TF-201-112-012,112,2,Baseline,Laboratory,1,2025-07-26
TF-201-112-012,112,2,Baseline,Randomisation,1,2025-07-19
TF-201-112-012,112,3,Week 4,Vital Signs,1,2025-08-15
TF-201-112-012,112,3,Week 4,PASI Score,1,2025-08-20
TF-201-112-012,112,3,Week 4,Adverse Events,1,2025-08-19
TF-201-112-012,112,4,Week 8,Vital Signs,1,2025-09-17
TF-201-112-012,112,4,Week 8,PASI Score,1,2025-09-15
TF-201-112-012,112,4,Week 8,Laboratory,1,2025-09-11
TF-201-112-012,112,4,Week 8,Adverse Events,1,2025-09-12
TF-201-112-012,112,5,Week 12,Vital Signs,1,2025-10-08
TF-201-112-012,112,5,Week 12,PASI Score,1,2025-10-16
TF-201-112-012,112,5,Week 12,Adverse Events,1,2025-10-10
TF-201-112-012,112,6,Week 16 EOT,Vital Signs,1,2025-11-19
TF-201-112-012,112,6,Week 16 EOT,PASI Score,0,
TF-201-112-012,112,6,Week 16 EOT,Laboratory,1,2025-11-10
TF-201-112-012,112,6,Week 16 EOT,Adverse Events,1,2025-11-14
TF-201-112-012,112,6,Week 16 EOT,End of Treatment,1,2025-11-13
TF-201-112-013,112,1,Screening,Demographics,1,2025-12-01
TF-201-112-013,112,1,Screening,Inclusion/Exclusion,1,2025-11-27
TF-201-112-013,112,1,Screening,Medical History,1,2025-11-23
TF-201-112-013,112,1,Screening,Informed Consent,1,2025-11-24
TF-201-112-013,112,1,Screening,Laboratory,1,2025-11-29
TF-201-112-013,112,2,Baseline,Vital Signs,1,2025-12-24
TF-201-112-013,112,2,Baseline,PASI Score,1,2025-12-24
TF-201-112-013,112,2,Baseline,Laboratory,1,2026-01-03
TF-201-112-013,112,2,Baseline,Randomisation,1,2026-01-01
TF-201-112-013,112,3,Week 4,Vital Signs,1,2026-01-28
TF-201-112-013,112,3,Week 4,PASI Score,1,2026-01-22
TF-201-112-013,112,3,Week 4,Adverse Events,1,2026-01-19
TF-201-112-013,112,4,Week 8,Vital Signs,1,2026-02-23
TF-201-112-013,112,4,Week 8,PASI Score,1,2026-03-01
TF-201-112-013,112,4,Week 8,Laboratory,1,2026-02-21
TF-201-112-013,112,4,Week 8,Adverse Events,1,2026-03-03
TF-201-112-013,112,5,Week 12,Vital Signs,1,2026-03-25
TF-201-112-013,112,5,Week 12,PASI Score,1,2026-03-19
TF-201-112-013,112,5,Week 12,Adverse Events,1,2026-03-18
TF-201-112-013,112,6,Week 16 EOT,Vital Signs,1,2026-04-13
TF-201-112-013,112,6,Week 16 EOT,PASI Score,1,2026-04-11
TF-201-112-013,112,6,Week 16 EOT,Laboratory,1,2026-04-15
TF-201-112-013,112,6,Week 16 EOT,Adverse Events,1,2026-04-11
TF-201-112-013,112,6,Week 16 EOT,End of Treatment,1,2026-04-14
TF-201-112-014,112,1,Screening,Demographics,1,2025-12-12
TF-201-112-014,112,1,Screening,Inclusion/Exclusion,1,2025-12-06
TF-201-112-014,112,1,Screening,Medical History,1,2025-12-12
TF-201-112-014,112,1,Screening,Informed Consent,1,2025-12-12
TF-201-112-014,112,1,Screening,Laboratory,1,2025-12-11
TF-201-112-014,112,2,Baseline,Vital Signs,1,2026-01-07
TF-201-112-014,112,2,Baseline,PASI Score,1,2026-01-05
TF-201-112-014,112,2,Baseline,Laboratory,1,2025-12-28
TF-201-112-014,112,2,Baseline,Randomisation,1,2025-12-27
TF-201-112-014,112,3,Week 4,Vital Signs,0,
TF-201-112-014,112,3,Week 4,PASI Score,1,2026-01-25
TF-201-112-014,112,3,Week 4,Adverse Events,1,2026-02-05
TF-201-112-014,112,4,Week 8,Vital Signs,1,2026-03-01
TF-201-112-014,112,4,Week 8,PASI Score,1,2026-03-03
TF-201-112-014,112,4,Week 8,Laboratory,1,2026-02-26
TF-201-112-014,112,4,Week 8,Adverse Events,1,2026-03-01
TF-201-112-014,112,5,Week 12,Vital Signs,1,2026-03-24
TF-201-112-014,112,5,Week 12,PASI Score,1,2026-03-31
TF-201-112-014,112,5,Week 12,Adverse Events,1,2026-03-28
TF-201-112-014,112,6,Week 16 EOT,Vital Signs,1,2026-04-21
TF-201-112-014,112,6,Week 16 EOT,PASI Score,1,2026-04-14
TF-201-112-014,112,6,Week 16 EOT,Laboratory,1,2026-04-21
TF-201-112-014,112,6,Week 16 EOT,Adverse Events,1,2026-04-17
TF-201-112-014,112,6,Week 16 EOT,End of Treatment,1,2026-04-24
TF-201-112-015,112,1,Screening,Demographics,1,2025-12-13
TF-201-112-015,112,1,Screening,Inclusion/Exclusion,1,2025-12-07
TF-201-112-015,112,1,Screening,Medical History,1,2025-12-16
TF-201-112-015,112,1,Screening,Informed Consent,1,2025-12-12
TF-201-112-015,112,1,Screening,Laboratory,1,2025-12-07
TF-201-112-015,112,2,Baseline,Vital Signs,1,2026-01-19
TF-201-112-015,112,2,Baseline,PASI Score,1,2026-01-20
TF-201-112-015,112,2,Baseline,Laboratory,1,2026-01-09
TF-201-112-015,112,2,Baseline,Randomisation,1,2026-01-14
TF-201-112-015,112,3,Week 4,Vital Signs,1,2026-02-14
TF-201-112-015,112,3,Week 4,PASI Score,1,2026-02-14
TF-201-112-015,112,3,Week 4,Adverse Events,1,2026-02-20
TF-201-112-015,112,4,Week 8,Vital Signs,1,2026-03-15
TF-201-112-015,112,4,Week 8,PASI Score,1,2026-03-15
TF-201-112-015,112,4,Week 8,Laboratory,1,2026-03-12
TF-201-112-015,112,4,Week 8,Adverse Events,1,2026-03-11
TF-201-112-015,112,5,Week 12,Vital Signs,1,2026-04-17
TF-201-112-015,112,5,Week 12,PASI Score,1,2026-04-10
TF-201-112-015,112,5,Week 12,Adverse Events,1,2026-04-11
TF-201-112-015,112,6,Week 16 EOT,Vital Signs,1,2026-05-13
TF-201-112-015,112,6,Week 16 EOT,PASI Score,1,2026-05-20
TF-201-112-015,112,6,Week 16 EOT,Laboratory,1,2026-05-15
TF-201-112-015,112,6,Week 16 EOT,Adverse Events,1,2026-05-13
TF-201-112-015,112,6,Week 16 EOT,End of Treatment,1,2026-05-17
TF-201-112-016,112,1,Screening,Demographics,1,2025-11-06
TF-201-112-016,112,1,Screening,Inclusion/Exclusion,1,2025-11-02
TF-201-112-016,112,1,Screening,Medical History,0,
TF-201-112-016,112,1,Screening,Informed Consent,1,2025-11-07
TF-201-112-016,112,1,Screening,Laboratory,1,2025-11-11
TF-201-112-016,112,2,Baseline,Vital Signs,1,2025-12-09
TF-201-112-016,112,2,Baseline,PASI Score,1,2025-12-14
TF-201-112-016,112,2,Baseline,Laboratory,1,2025-12-08
TF-201-112-016,112,2,Baseline,Randomisation,1,2025-12-10
TF-201-112-016,112,3,Week 4,Vital Signs,1,2026-01-11
TF-201-112-016,112,3,Week 4,PASI Score,1,2026-01-07
TF-201-112-016,112,3,Week 4,Adverse Events,1,2026-01-03
TF-201-112-016,112,4,Week 8,Vital Signs,1,2026-01-29
TF-201-112-016,112,4,Week 8,PASI Score,1,2026-02-07
TF-201-112-016,112,4,Week 8,Laboratory,1,2026-02-05
TF-201-112-016,112,4,Week 8,Adverse Events,1,2026-02-03
TF-201-112-016,112,5,Week 12,Vital Signs,1,2026-03-02
TF-201-112-016,112,5,Week 12,PASI Score,1,2026-03-05
TF-201-112-016,112,5,Week 12,Adverse Events,1,2026-03-05
TF-201-112-016,112,6,Week 16 EOT,Vital Signs,1,2026-03-28
TF-201-112-016,112,6,Week 16 EOT,PASI Score,1,2026-04-01
TF-201-112-016,112,6,Week 16 EOT,Laboratory,1,2026-03-29
TF-201-112-016,112,6,Week 16 EOT,Adverse Events,1,2026-04-05
TF-201-112-016,112,6,Week 16 EOT,End of Treatment,1,2026-03-29
TF-201-112-017,112,1,Screening,Demographics,1,2025-01-25
TF-201-112-017,112,1,Screening,Inclusion/Exclusion,1,2025-01-24
TF-201-112-017,112,1,Screening,Medical History,1,2025-01-24
TF-201-112-017,112,1,Screening,Informed Consent,1,2025-01-20
TF-201-112-017,112,1,Screening,Laboratory,1,2025-01-14
TF-201-112-017,112,2,Baseline,Vital Signs,1,2025-02-26
TF-201-112-017,112,2,Baseline,PASI Score,1,2025-02-21
TF-201-112-017,112,2,Baseline,Laboratory,0,
TF-201-112-017,112,2,Baseline,Randomisation,1,2025-02-27
TF-201-112-017,112,3,Week 4,Vital Signs,1,2025-03-26
TF-201-112-017,112,3,Week 4,PASI Score,1,2025-03-25
TF-201-112-017,112,3,Week 4,Adverse Events,1,2025-03-18
TF-201-112-017,112,4,Week 8,Vital Signs,1,2025-04-22
TF-201-112-017,112,4,Week 8,PASI Score,1,2025-04-25
TF-201-112-017,112,4,Week 8,Laboratory,1,2025-04-23
TF-201-112-017,112,4,Week 8,Adverse Events,1,2025-04-21
TF-201-112-017,112,5,Week 12,Vital Signs,1,2025-05-14
TF-201-112-017,112,5,Week 12,PASI Score,1,2025-05-21
TF-201-112-017,112,5,Week 12,Adverse Events,1,2025-05-16
TF-201-112-017,112,6,Week 16 EOT,Vital Signs,1,2025-06-16
TF-201-112-017,112,6,Week 16 EOT,PASI Score,1,2025-06-18
TF-201-112-017,112,6,Week 16 EOT,Laboratory,1,2025-06-13
TF-201-112-017,112,6,Week 16 EOT,Adverse Events,1,2025-06-23
TF-201-112-017,112,6,Week 16 EOT,End of Treatment,1,2025-06-18
TF-201-112-018,112,1,Screening,Demographics,1,2026-04-12
TF-201-112-018,112,1,Screening,Inclusion/Exclusion,1,2026-04-10
TF-201-112-018,112,1,Screening,Medical History,1,2026-04-03
TF-201-112-018,112,1,Screening,Informed Consent,1,2026-04-07
TF-201-112-018,112,1,Screening,Laboratory,1,2026-04-13
TF-201-112-018,112,2,Baseline,Vital Signs,1,2026-05-11
TF-201-112-018,112,2,Baseline,PASI Score,1,2026-05-11
TF-201-112-018,112,2,Baseline,Laboratory,1,2026-04-30
TF-201-112-018,112,2,Baseline,Randomisation,1,2026-05-05
TF-201-112-018,112,3,Week 4,Vital Signs,1,2026-05-29
TF-201-112-018,112,3,Week 4,PASI Score,1,2026-06-07
TF-201-112-018,112,3,Week 4,Adverse Events,1,2026-06-03
TF-201-112-018,112,4,Week 8,Vital Signs,1,2026-06-25
TF-201-112-018,112,4,Week 8,PASI Score,1,2026-06-23
TF-201-112-018,112,4,Week 8,Laboratory,1,2026-06-24
TF-201-112-018,112,4,Week 8,Adverse Events,1,2026-06-28
TF-201-112-018,112,5,Week 12,Vital Signs,1,2026-08-03
TF-201-112-018,112,5,Week 12,PASI Score,1,2026-07-26
TF-201-112-018,112,5,Week 12,Adverse Events,1,2026-08-06
TF-201-112-018,112,6,Week 16 EOT,Vital Signs,1,2026-08-25
TF-201-112-018,112,6,Week 16 EOT,PASI Score,1,2026-09-02
TF-201-112-018,112,6,Week 16 EOT,Laboratory,1,2026-08-26
TF-201-112-018,112,6,Week 16 EOT,Adverse Events,1,2026-08-28
TF-201-112-018,112,6,Week 16 EOT,End of Treatment,1,2026-08-24
TF-201-112-019,112,1,Screening,Demographics,1,2025-09-11
TF-201-112-019,112,1,Screening,Inclusion/Exclusion,1,2025-09-11
TF-201-112-019,112,1,Screening,Medical History,1,2025-09-04
TF-201-112-019,112,1,Screening,Informed Consent,1,2025-09-06
TF-201-112-019,112,1,Screening,Laboratory,1,2025-09-11
TF-201-112-019,112,2,Baseline,Vital Signs,1,2025-10-10
TF-201-112-019,112,2,Baseline,PASI Score,1,2025-10-07
TF-201-112-019,112,2,Baseline,Laboratory,1,2025-10-02
TF-201-112-019,112,2,Baseline,Randomisation,1,2025-10-02
TF-201-112-019,112,3,Week 4,Vital Signs,1,2025-10-29
TF-201-112-019,112,3,Week 4,PASI Score,1,2025-11-06
TF-201-112-019,112,3,Week 4,Adverse Events,1,2025-11-08
TF-201-112-019,112,4,Week 8,Vital Signs,1,2025-11-29
TF-201-112-019,112,4,Week 8,PASI Score,1,2025-11-23
TF-201-112-019,112,4,Week 8,Laboratory,1,2025-12-02
TF-201-112-019,112,4,Week 8,Adverse Events,1,2025-11-23
TF-201-112-019,112,5,Week 12,Vital Signs,1,2026-01-01
TF-201-112-019,112,5,Week 12,PASI Score,1,2026-01-01
TF-201-112-019,112,5,Week 12,Adverse Events,1,2026-01-07
TF-201-112-019,112,6,Week 16 EOT,Vital Signs,1,2026-01-18
TF-201-112-019,112,6,Week 16 EOT,PASI Score,1,2026-01-24
TF-201-112-019,112,6,Week 16 EOT,Laboratory,1,2026-01-19
TF-201-112-019,112,6,Week 16 EOT,Adverse Events,1,2026-01-27
TF-201-112-019,112,6,Week 16 EOT,End of Treatment,1,2026-01-25
TF-201-112-020,112,1,Screening,Demographics,1,2026-03-23
TF-201-112-020,112,1,Screening,Inclusion/Exclusion,1,2026-03-27
TF-201-112-020,112,1,Screening,Medical History,1,2026-03-27
TF-201-112-020,112,1,Screening,Informed Consent,1,2026-03-18
TF-201-112-020,112,1,Screening,Laboratory,1,2026-03-22
TF-201-112-020,112,2,Baseline,Vital Signs,1,2026-04-29
TF-201-112-020,112,2,Baseline,PASI Score,1,2026-04-23
TF-201-112-020,112,2,Baseline,Laboratory,1,2026-04-27
TF-201-112-020,112,2,Baseline,Randomisation,1,2026-04-29
TF-201-112-020,112,3,Week 4,Vital Signs,1,2026-05-22
TF-201-112-020,112,3,Week 4,PASI Score,1,2026-05-18
TF-201-112-020,112,3,Week 4,Adverse Events,1,2026-05-24
TF-201-112-020,112,4,Week 8,Vital Signs,1,2026-06-23
TF-201-112-020,112,4,Week 8,PASI Score,1,2026-06-23
TF-201-112-020,112,4,Week 8,Laboratory,1,2026-06-25
TF-201-112-020,112,4,Week 8,Adverse Events,1,2026-06-14
TF-201-112-020,112,5,Week 12,Vital Signs,1,2026-07-22
TF-201-112-020,112,5,Week 12,PASI Score,1,2026-07-22
TF-201-112-020,112,5,Week 12,Adverse Events,1,2026-07-18
TF-201-112-020,112,6,Week 16 EOT,Vital Signs,1,2026-08-15
TF-201-112-020,112,6,Week 16 EOT,PASI Score,1,2026-08-22
TF-201-112-020,112,6,Week 16 EOT,Laboratory,1,2026-08-13
TF-201-112-020,112,6,Week 16 EOT,Adverse Events,1,2026-08-17
TF-201-112-020,112,6,Week 16 EOT,End of Treatment,1,2026-08-17
TF-201-112-021,112,1,Screening,Demographics,1,2026-01-20
TF-201-112-021,112,1,Screening,Inclusion/Exclusion,1,2026-01-14
TF-201-112-021,112,1,Screening,Medical History,1,2026-01-16
TF-201-112-021,112,1,Screening,Informed Consent,1,2026-01-23
TF-201-112-021,112,1,Screening,Laboratory,1,2026-01-13
TF-201-112-021,112,2,Baseline,Vital Signs,1,2026-01-31
TF-201-112-021,112,2,Baseline,PASI Score,1,2026-02-02
TF-201-112-021,112,2,Baseline,Laboratory,1,2026-02-09
TF-201-112-021,112,2,Baseline,Randomisation,1,2026-02-03
TF-201-112-021,112,3,Week 4,Vital Signs,1,2026-03-09
TF-201-112-021,112,3,Week 4,PASI Score,1,2026-03-06
TF-201-112-021,112,3,Week 4,Adverse Events,1,2026-02-28
TF-201-112-021,112,4,Week 8,Vital Signs,1,2026-04-01
TF-201-112-021,112,4,Week 8,PASI Score,1,2026-03-31
TF-201-112-021,112,4,Week 8,Laboratory,1,2026-03-29
TF-201-112-021,112,4,Week 8,Adverse Events,1,2026-04-06
TF-201-112-021,112,5,Week 12,Vital Signs,1,2026-04-25
TF-201-112-021,112,5,Week 12,PASI Score,1,2026-04-25
TF-201-112-021,112,5,Week 12,Adverse Events,1,2026-04-25
TF-201-112-021,112,6,Week 16 EOT,Vital Signs,1,2026-05-28
TF-201-112-021,112,6,Week 16 EOT,PASI Score,1,2026-06-07
TF-201-112-021,112,6,Week 16 EOT,Laboratory,1,2026-06-02
TF-201-112-021,112,6,Week 16 EOT,Adverse Events,1,2026-06-05
TF-201-112-021,112,6,Week 16 EOT,End of Treatment,0,
TF-201-112-022,112,1,Screening,Demographics,1,2025-09-05
TF-201-112-022,112,1,Screening,Inclusion/Exclusion,1,2025-08-29
TF-201-112-022,112,1,Screening,Medical History,1,2025-08-27
TF-201-112-022,112,1,Screening,Informed Consent,1,2025-09-04
TF-201-112-022,112,1,Screening,Laboratory,1,2025-09-03
TF-201-112-022,112,2,Baseline,Vital Signs,1,2025-09-16
TF-201-112-022,112,2,Baseline,PASI Score,1,2025-09-23
TF-201-112-022,112,2,Baseline,Laboratory,1,2025-09-18
TF-201-112-022,112,2,Baseline,Randomisation,1,2025-09-17
TF-201-112-022,112,3,Week 4,Vital Signs,1,2025-10-16
TF-201-112-022,112,3,Week 4,PASI Score,1,2025-10-13
TF-201-112-022,112,3,Week 4,Adverse Events,1,2025-10-19
TF-201-112-022,112,4,Week 8,Vital Signs,1,2025-11-06
TF-201-112-022,112,4,Week 8,PASI Score,1,2025-11-14
TF-201-112-022,112,4,Week 8,Laboratory,1,2025-11-11
TF-201-112-022,112,4,Week 8,Adverse Events,1,2025-11-07
TF-201-112-022,112,5,Week 12,Vital Signs,1,2025-12-08
TF-201-112-022,112,5,Week 12,PASI Score,1,2025-12-14
TF-201-112-022,112,5,Week 12,Adverse Events,1,2025-12-12
TF-201-112-022,112,6,Week 16 EOT,Vital Signs,1,2026-01-11
TF-201-112-022,112,6,Week 16 EOT,PASI Score,1,2026-01-11
TF-201-112-022,112,6,Week 16 EOT,Laboratory,1,2026-01-15
TF-201-112-022,112,6,Week 16 EOT,Adverse Events,1,2026-01-15
TF-201-112-022,112,6,Week 16 EOT,End of Treatment,1,2026-01-10
TF-201-112-023,112,1,Screening,Demographics,1,2025-10-07
TF-201-112-023,112,1,Screening,Inclusion/Exclusion,1,2025-10-07
TF-201-112-023,112,1,Screening,Medical History,1,2025-10-12
TF-201-112-023,112,1,Screening,Informed Consent,1,2025-10-07
TF-201-112-023,112,1,Screening,Laboratory,1,2025-10-17
TF-201-112-023,112,2,Baseline,Vital Signs,1,2025-11-20
TF-201-112-023,112,2,Baseline,PASI Score,1,2025-11-15
TF-201-112-023,112,2,Baseline,Laboratory,1,2025-11-17
TF-201-112-023,112,2,Baseline,Randomisation,1,2025-11-26
TF-201-112-023,112,3,Week 4,Vital Signs,1,2025-12-23
TF-201-112-023,112,3,Week 4,PASI Score,1,2025-12-24
TF-201-112-023,112,3,Week 4,Adverse Events,1,2025-12-16
TF-201-112-023,112,4,Week 8,Vital Signs,1,2026-01-11
TF-201-112-023,112,4,Week 8,PASI Score,1,2026-01-12
TF-201-112-023,112,4,Week 8,Laboratory,1,2026-01-09
TF-201-112-023,112,4,Week 8,Adverse Events,1,2026-01-13
TF-201-112-023,112,5,Week 12,Vital Signs,1,2026-02-06
TF-201-112-023,112,5,Week 12,PASI Score,1,2026-02-05
TF-201-112-023,112,5,Week 12,Adverse Events,1,2026-02-07
TF-201-112-023,112,6,Week 16 EOT,Vital Signs,1,2026-03-17
TF-201-112-023,112,6,Week 16 EOT,PASI Score,1,2026-03-12
TF-201-112-023,112,6,Week 16 EOT,Laboratory,0,
TF-201-112-023,112,6,Week 16 EOT,Adverse Events,1,2026-03-15
TF-201-112-023,112,6,Week 16 EOT,End of Treatment,1,2026-03-09
TF-201-112-024,112,1,Screening,Demographics,1,2025-04-18
TF-201-112-024,112,1,Screening,Inclusion/Exclusion,1,2025-04-16
TF-201-112-024,112,1,Screening,Medical History,1,2025-04-18
TF-201-112-024,112,1,Screening,Informed Consent,1,2025-04-08
TF-201-112-024,112,1,Screening,Laboratory,1,2025-04-15
TF-201-112-024,112,2,Baseline,Vital Signs,1,2025-05-06
TF-201-112-024,112,2,Baseline,PASI Score,1,2025-05-01
TF-201-112-024,112,2,Baseline,Laboratory,1,2025-05-06
TF-201-112-024,112,2,Baseline,Randomisation,1,2025-05-09
TF-201-112-024,112,3,Week 4,Vital Signs,1,2025-06-05
TF-201-112-024,112,3,Week 4,PASI Score,1,2025-06-08
TF-201-112-024,112,3,Week 4,Adverse Events,1,2025-06-09
TF-201-112-024,112,4,Week 8,Vital Signs,1,2025-06-29
TF-201-112-024,112,4,Week 8,PASI Score,1,2025-07-08
TF-201-112-024,112,4,Week 8,Laboratory,1,2025-07-08
TF-201-112-024,112,4,Week 8,Adverse Events,1,2025-07-07
TF-201-112-024,112,5,Week 12,Vital Signs,1,2025-08-05
TF-201-112-024,112,5,Week 12,PASI Score,1,2025-07-28
TF-201-112-024,112,5,Week 12,Adverse Events,1,2025-07-25
TF-201-112-024,112,6,Week 16 EOT,Vital Signs,1,2025-09-02
TF-201-112-024,112,6,Week 16 EOT,PASI Score,1,2025-08-29
TF-201-112-024,112,6,Week 16 EOT,Laboratory,1,2025-08-26
TF-201-112-024,112,6,Week 16 EOT,Adverse Events,1,2025-08-28
TF-201-112-024,112,6,Week 16 EOT,End of Treatment,1,2025-08-27
TF-201-113-001,113,1,Screening,Demographics,1,2025-06-16
TF-201-113-001,113,1,Screening,Inclusion/Exclusion,1,2025-06-11
TF-201-113-001,113,1,Screening,Medical History,1,2025-06-11
TF-201-113-001,113,1,Screening,Informed Consent,1,2025-06-12
TF-201-113-001,113,1,Screening,Laboratory,1,2025-06-15
TF-201-113-001,113,2,Baseline,Vital Signs,1,2025-07-06
TF-201-113-001,113,2,Baseline,PASI Score,1,2025-07-08
TF-201-113-001,113,2,Baseline,Laboratory,1,2025-07-02
TF-201-113-001,113,2,Baseline,Randomisation,1,2025-06-30
TF-201-113-001,113,3,Week 4,Vital Signs,1,2025-07-28
TF-201-113-001,113,3,Week 4,PASI Score,1,2025-08-02
TF-201-113-001,113,3,Week 4,Adverse Events,1,2025-07-25
TF-201-113-001,113,4,Week 8,Vital Signs,1,2025-08-30
TF-201-113-001,113,4,Week 8,PASI Score,1,2025-08-24
TF-201-113-001,113,4,Week 8,Laboratory,1,2025-09-03
TF-201-113-001,113,4,Week 8,Adverse Events,1,2025-08-24
TF-201-113-001,113,5,Week 12,Vital Signs,1,2025-09-28
TF-201-113-001,113,5,Week 12,PASI Score,1,2025-09-25
TF-201-113-001,113,5,Week 12,Adverse Events,1,2025-09-23
TF-201-113-001,113,6,Week 16 EOT,Vital Signs,1,2025-10-13
TF-201-113-001,113,6,Week 16 EOT,PASI Score,1,2025-10-21
TF-201-113-001,113,6,Week 16 EOT,Laboratory,1,2025-10-19
TF-201-113-001,113,6,Week 16 EOT,Adverse Events,1,2025-10-23
TF-201-113-001,113,6,Week 16 EOT,End of Treatment,1,2025-10-23
TF-201-113-002,113,1,Screening,Demographics,1,2025-07-12
TF-201-113-002,113,1,Screening,Inclusion/Exclusion,1,2025-07-15
TF-201-113-002,113,1,Screening,Medical History,1,2025-07-08
TF-201-113-002,113,1,Screening,Informed Consent,1,2025-07-17
TF-201-113-002,113,1,Screening,Laboratory,1,2025-07-09
TF-201-113-002,113,2,Baseline,Vital Signs,1,2025-08-03
TF-201-113-002,113,2,Baseline,PASI Score,1,2025-07-31
TF-201-113-002,113,2,Baseline,Laboratory,1,2025-08-02
TF-201-113-002,113,2,Baseline,Randomisation,1,2025-07-27
TF-201-113-002,113,3,Week 4,Vital Signs,1,2025-08-27
TF-201-113-002,113,3,Week 4,PASI Score,1,2025-08-24
TF-201-113-002,113,3,Week 4,Adverse Events,1,2025-08-29
TF-201-113-002,113,4,Week 8,Vital Signs,1,2025-09-19
TF-201-113-002,113,4,Week 8,PASI Score,1,2025-09-26
TF-201-113-002,113,4,Week 8,Laboratory,1,2025-09-18
TF-201-113-002,113,4,Week 8,Adverse Events,1,2025-09-18
TF-201-113-002,113,5,Week 12,Vital Signs,1,2025-10-16
TF-201-113-002,113,5,Week 12,PASI Score,1,2025-10-22
TF-201-113-002,113,5,Week 12,Adverse Events,1,2025-10-14
TF-201-113-002,113,6,Week 16 EOT,Vital Signs,1,2025-11-15
TF-201-113-002,113,6,Week 16 EOT,PASI Score,1,2025-11-15
TF-201-113-002,113,6,Week 16 EOT,Laboratory,1,2025-11-14
TF-201-113-002,113,6,Week 16 EOT,Adverse Events,1,2025-11-15
TF-201-113-002,113,6,Week 16 EOT,End of Treatment,1,2025-11-13
TF-201-113-003,113,1,Screening,Demographics,1,2026-07-19
TF-201-113-003,113,1,Screening,Inclusion/Exclusion,1,2026-07-16
TF-201-113-003,113,1,Screening,Medical History,1,2026-07-19
TF-201-113-003,113,1,Screening,Informed Consent,1,2026-07-16
TF-201-113-003,113,1,Screening,Laboratory,1,2026-07-15
TF-201-113-003,113,2,Baseline,Vital Signs,1,2026-08-04
TF-201-113-003,113,2,Baseline,PASI Score,1,2026-08-12
TF-201-113-003,113,2,Baseline,Laboratory,0,
TF-201-113-003,113,2,Baseline,Randomisation,1,2026-08-02
TF-201-113-003,113,3,Week 4,Vital Signs,1,2026-08-27
TF-201-113-003,113,3,Week 4,PASI Score,1,2026-09-06
TF-201-113-003,113,3,Week 4,Adverse Events,1,2026-09-03
TF-201-113-004,113,1,Screening,Demographics,0,
TF-201-113-004,113,1,Screening,Inclusion/Exclusion,1,2026-05-08
TF-201-113-004,113,1,Screening,Medical History,1,2026-05-07
TF-201-113-004,113,1,Screening,Informed Consent,1,2026-05-08
TF-201-113-004,113,1,Screening,Laboratory,1,2026-05-15
TF-201-113-004,113,2,Baseline,Vital Signs,1,2026-06-23
TF-201-113-004,113,2,Baseline,PASI Score,1,2026-06-23
TF-201-113-004,113,2,Baseline,Laboratory,1,2026-06-23
TF-201-113-004,113,2,Baseline,Randomisation,1,2026-06-17
TF-201-113-004,113,3,Week 4,Vital Signs,1,2026-07-22
TF-201-113-004,113,3,Week 4,PASI Score,1,2026-07-26
TF-201-113-004,113,3,Week 4,Adverse Events,1,2026-07-26
TF-201-113-004,113,4,Week 8,Vital Signs,1,2026-08-14
TF-201-113-004,113,4,Week 8,PASI Score,1,2026-08-11
TF-201-113-004,113,4,Week 8,Laboratory,1,2026-08-22
TF-201-113-004,113,4,Week 8,Adverse Events,1,2026-08-22
TF-201-113-005,113,1,Screening,Demographics,1,2025-07-06
TF-201-113-005,113,1,Screening,Inclusion/Exclusion,1,2025-07-05
TF-201-113-005,113,1,Screening,Medical History,1,2025-06-27
TF-201-113-005,113,1,Screening,Informed Consent,1,2025-06-29
TF-201-113-005,113,1,Screening,Laboratory,1,2025-07-05
TF-201-113-005,113,2,Baseline,Vital Signs,1,2025-07-19
TF-201-113-005,113,2,Baseline,PASI Score,1,2025-07-18
TF-201-113-005,113,2,Baseline,Laboratory,1,2025-07-18
TF-201-113-005,113,2,Baseline,Randomisation,1,2025-07-15
TF-201-113-005,113,3,Week 4,Vital Signs,1,2025-08-17
TF-201-113-005,113,3,Week 4,PASI Score,1,2025-08-13
TF-201-113-005,113,3,Week 4,Adverse Events,1,2025-08-19
TF-201-113-005,113,4,Week 8,Vital Signs,1,2025-09-12
TF-201-113-005,113,4,Week 8,PASI Score,1,2025-09-09
TF-201-113-005,113,4,Week 8,Laboratory,1,2025-09-16
TF-201-113-005,113,4,Week 8,Adverse Events,1,2025-09-09
TF-201-113-005,113,5,Week 12,Vital Signs,1,2025-10-13
TF-201-113-005,113,5,Week 12,PASI Score,1,2025-10-17
TF-201-113-005,113,5,Week 12,Adverse Events,1,2025-10-10
TF-201-113-005,113,6,Week 16 EOT,Vital Signs,1,2025-11-10
TF-201-113-005,113,6,Week 16 EOT,PASI Score,1,2025-11-08
TF-201-113-005,113,6,Week 16 EOT,Laboratory,1,2025-11-16
TF-201-113-005,113,6,Week 16 EOT,Adverse Events,1,2025-11-15
TF-201-113-005,113,6,Week 16 EOT,End of Treatment,1,2025-11-11
TF-201-113-006,113,1,Screening,Demographics,1,2026-02-13
TF-201-113-006,113,1,Screening,Inclusion/Exclusion,1,2026-02-14
TF-201-113-006,113,1,Screening,Medical History,1,2026-02-15
TF-201-113-006,113,1,Screening,Informed Consent,1,2026-02-16
TF-201-113-006,113,1,Screening,Laboratory,1,2026-02-16
TF-201-113-006,113,2,Baseline,Vital Signs,1,2026-03-02
TF-201-113-006,113,2,Baseline,PASI Score,1,2026-03-08
TF-201-113-006,113,2,Baseline,Laboratory,1,2026-02-27
TF-201-113-006,113,2,Baseline,Randomisation,1,2026-03-02
TF-201-113-006,113,3,Week 4,Vital Signs,1,2026-04-04
TF-201-113-006,113,3,Week 4,PASI Score,1,2026-04-09
TF-201-113-006,113,3,Week 4,Adverse Events,1,2026-04-07
TF-201-113-006,113,4,Week 8,Vital Signs,1,2026-04-29
TF-201-113-006,113,4,Week 8,PASI Score,1,2026-05-03
TF-201-113-006,113,4,Week 8,Laboratory,1,2026-05-05
TF-201-113-006,113,4,Week 8,Adverse Events,1,2026-05-05
TF-201-113-006,113,6,Week 16 EOT,Vital Signs,1,2026-06-25
TF-201-113-006,113,6,Week 16 EOT,PASI Score,1,2026-07-02
TF-201-113-006,113,6,Week 16 EOT,Laboratory,1,2026-07-03
TF-201-113-006,113,6,Week 16 EOT,Adverse Events,1,2026-06-26
TF-201-113-006,113,6,Week 16 EOT,End of Treatment,1,2026-07-01
TF-201-113-007,113,1,Screening,Demographics,1,2026-03-09
TF-201-113-007,113,1,Screening,Inclusion/Exclusion,1,2026-03-06
TF-201-113-007,113,1,Screening,Medical History,1,2026-03-16
TF-201-113-007,113,1,Screening,Informed Consent,1,2026-03-05
TF-201-113-007,113,1,Screening,Laboratory,1,2026-03-11
TF-201-113-007,113,2,Baseline,Vital Signs,1,2026-04-05
TF-201-113-007,113,2,Baseline,PASI Score,1,2026-04-08
TF-201-113-007,113,2,Baseline,Laboratory,1,2026-04-08
TF-201-113-007,113,2,Baseline,Randomisation,1,2026-04-12
TF-201-113-007,113,3,Week 4,Vital Signs,1,2026-05-04
TF-201-113-007,113,3,Week 4,PASI Score,1,2026-05-01
TF-201-113-007,113,3,Week 4,Adverse Events,1,2026-05-04
TF-201-113-007,113,4,Week 8,Vital Signs,1,2026-06-04
TF-201-113-007,113,4,Week 8,PASI Score,1,2026-06-03
TF-201-113-007,113,4,Week 8,Laboratory,1,2026-05-27
TF-201-113-007,113,4,Week 8,Adverse Events,1,2026-05-31
TF-201-113-007,113,5,Week 12,Vital Signs,1,2026-07-05
TF-201-113-007,113,5,Week 12,PASI Score,1,2026-07-09
TF-201-113-007,113,5,Week 12,Adverse Events,1,2026-07-09
TF-201-113-007,113,6,Week 16 EOT,Vital Signs,1,2026-07-29
TF-201-113-007,113,6,Week 16 EOT,PASI Score,1,2026-07-26
TF-201-113-007,113,6,Week 16 EOT,Laboratory,1,2026-07-30
TF-201-113-007,113,6,Week 16 EOT,Adverse Events,1,2026-07-24
TF-201-113-007,113,6,Week 16 EOT,End of Treatment,1,2026-07-29
TF-201-113-008,113,1,Screening,Demographics,1,2025-10-07
TF-201-113-008,113,1,Screening,Inclusion/Exclusion,1,2025-10-05
TF-201-113-008,113,1,Screening,Medical History,1,2025-10-02
TF-201-113-008,113,1,Screening,Informed Consent,1,2025-10-09
TF-201-113-008,113,1,Screening,Laboratory,1,2025-10-01
TF-201-113-008,113,2,Baseline,Vital Signs,0,
TF-201-113-008,113,2,Baseline,PASI Score,1,2025-11-18
TF-201-113-008,113,2,Baseline,Laboratory,1,2025-11-18
TF-201-113-008,113,2,Baseline,Randomisation,1,2025-11-13
TF-201-113-008,113,3,Week 4,Vital Signs,1,2025-12-09
TF-201-113-008,113,3,Week 4,PASI Score,1,2025-12-14
TF-201-113-008,113,3,Week 4,Adverse Events,1,2025-12-15
TF-201-113-008,113,4,Week 8,Vital Signs,1,2026-01-10
TF-201-113-008,113,4,Week 8,PASI Score,1,2026-01-07
TF-201-113-008,113,4,Week 8,Laboratory,1,2026-01-14
TF-201-113-008,113,4,Week 8,Adverse Events,1,2026-01-06
TF-201-113-008,113,5,Week 12,Vital Signs,1,2026-02-14
TF-201-113-008,113,5,Week 12,PASI Score,1,2026-02-06
TF-201-113-008,113,5,Week 12,Adverse Events,1,2026-02-08
TF-201-113-008,113,6,Week 16 EOT,Vital Signs,1,2026-03-02
TF-201-113-008,113,6,Week 16 EOT,PASI Score,1,2026-03-02
TF-201-113-008,113,6,Week 16 EOT,Laboratory,1,2026-02-28
TF-201-113-008,113,6,Week 16 EOT,Adverse Events,1,2026-03-01
TF-201-113-008,113,6,Week 16 EOT,End of Treatment,1,2026-02-20
TF-201-113-009,113,1,Screening,Demographics,1,2026-04-26
TF-201-113-009,113,1,Screening,Inclusion/Exclusion,1,2026-04-22
TF-201-113-009,113,1,Screening,Medical History,1,2026-04-22
TF-201-113-009,113,1,Screening,Informed Consent,1,2026-04-25
TF-201-113-009,113,1,Screening,Laboratory,1,2026-04-24
TF-201-113-009,113,2,Baseline,Vital Signs,1,2026-05-28
TF-201-113-009,113,2,Baseline,PASI Score,1,2026-06-02
TF-201-113-009,113,2,Baseline,Laboratory,1,2026-06-03
TF-201-113-009,113,2,Baseline,Randomisation,1,2026-05-23
TF-201-113-009,113,3,Week 4,Vital Signs,1,2026-06-25
TF-201-113-009,113,3,Week 4,PASI Score,1,2026-06-28
TF-201-113-009,113,3,Week 4,Adverse Events,1,2026-07-01
TF-201-113-009,113,4,Week 8,Vital Signs,1,2026-07-31
TF-201-113-009,113,4,Week 8,PASI Score,1,2026-07-26
TF-201-113-009,113,4,Week 8,Laboratory,1,2026-07-28
TF-201-113-009,113,4,Week 8,Adverse Events,1,2026-07-29
TF-201-113-009,113,5,Week 12,Vital Signs,1,2026-08-21
TF-201-113-009,113,5,Week 12,PASI Score,1,2026-08-20
TF-201-113-009,113,5,Week 12,Adverse Events,1,2026-08-28
TF-201-113-010,113,1,Screening,Demographics,1,2026-03-13
TF-201-113-010,113,1,Screening,Inclusion/Exclusion,1,2026-03-05
TF-201-113-010,113,1,Screening,Medical History,1,2026-03-08
TF-201-113-010,113,1,Screening,Informed Consent,1,2026-03-02
TF-201-113-010,113,1,Screening,Laboratory,1,2026-03-07
TF-201-113-010,113,2,Baseline,Vital Signs,1,2026-04-23
TF-201-113-010,113,2,Baseline,PASI Score,1,2026-04-14
TF-201-113-010,113,2,Baseline,Laboratory,1,2026-04-20
TF-201-113-010,113,2,Baseline,Randomisation,1,2026-04-15
TF-201-113-010,113,3,Week 4,Vital Signs,1,2026-05-21
TF-201-113-010,113,3,Week 4,PASI Score,1,2026-05-15
TF-201-113-010,113,3,Week 4,Adverse Events,1,2026-05-23
TF-201-113-010,113,4,Week 8,Vital Signs,1,2026-06-17
TF-201-113-010,113,4,Week 8,PASI Score,1,2026-06-12
TF-201-113-010,113,4,Week 8,Laboratory,1,2026-06-17
TF-201-113-010,113,4,Week 8,Adverse Events,1,2026-06-20
TF-201-113-010,113,5,Week 12,Vital Signs,1,2026-07-16
TF-201-113-010,113,5,Week 12,PASI Score,1,2026-07-13
TF-201-113-010,113,5,Week 12,Adverse Events,1,2026-07-16
TF-201-113-010,113,6,Week 16 EOT,Vital Signs,1,2026-07-31
TF-201-113-010,113,6,Week 16 EOT,PASI Score,1,2026-08-05
TF-201-113-010,113,6,Week 16 EOT,Laboratory,1,2026-08-06
TF-201-113-010,113,6,Week 16 EOT,Adverse Events,1,2026-08-07
TF-201-113-010,113,6,Week 16 EOT,End of Treatment,1,2026-08-01
TF-201-113-011,113,1,Screening,Demographics,1,2025-06-21
TF-201-113-011,113,1,Screening,Inclusion/Exclusion,1,2025-06-15
TF-201-113-011,113,1,Screening,Medical History,1,2025-06-12
TF-201-113-011,113,1,Screening,Informed Consent,1,2025-06-13
TF-201-113-011,113,1,Screening,Laboratory,1,2025-06-14
TF-201-113-011,113,2,Baseline,Vital Signs,1,2025-07-01
TF-201-113-011,113,2,Baseline,PASI Score,1,2025-07-02
TF-201-113-011,113,2,Baseline,Laboratory,1,2025-06-30
TF-201-113-011,113,2,Baseline,Randomisation,1,2025-07-04
TF-201-113-011,113,3,Week 4,Vital Signs,1,2025-08-05
TF-201-113-011,113,3,Week 4,PASI Score,1,2025-07-29
TF-201-113-011,113,3,Week 4,Adverse Events,1,2025-07-31
TF-201-113-011,113,4,Week 8,Vital Signs,1,2025-09-04
TF-201-113-011,113,4,Week 8,PASI Score,1,2025-08-25
TF-201-113-011,113,4,Week 8,Laboratory,1,2025-08-28
TF-201-113-011,113,4,Week 8,Adverse Events,1,2025-08-28
TF-201-113-011,113,5,Week 12,Vital Signs,1,2025-10-04
TF-201-113-011,113,5,Week 12,PASI Score,1,2025-09-29
TF-201-113-011,113,5,Week 12,Adverse Events,1,2025-09-30
TF-201-113-011,113,6,Week 16 EOT,Vital Signs,1,2025-10-28
TF-201-113-011,113,6,Week 16 EOT,PASI Score,1,2025-11-06
TF-201-113-011,113,6,Week 16 EOT,Laboratory,0,
TF-201-113-011,113,6,Week 16 EOT,Adverse Events,1,2025-10-27
TF-201-113-011,113,6,Week 16 EOT,End of Treatment,1,2025-10-28
TF-201-113-012,113,1,Screening,Demographics,1,2025-12-20
TF-201-113-012,113,1,Screening,Inclusion/Exclusion,1,2025-12-21
TF-201-113-012,113,1,Screening,Medical History,1,2025-12-12
TF-201-113-012,113,1,Screening,Informed Consent,1,2025-12-21
TF-201-113-012,113,1,Screening,Laboratory,1,2025-12-12
TF-201-113-012,113,2,Baseline,Vital Signs,1,2026-01-07
TF-201-113-012,113,2,Baseline,PASI Score,1,2026-01-07
TF-201-113-012,113,2,Baseline,Laboratory,1,2026-01-08
TF-201-113-012,113,2,Baseline,Randomisation,1,2026-01-10
TF-201-113-012,113,3,Week 4,Vital Signs,1,2026-02-09
TF-201-113-012,113,3,Week 4,PASI Score,1,2026-02-10
TF-201-113-012,113,3,Week 4,Adverse Events,1,2026-02-07
TF-201-113-012,113,4,Week 8,Vital Signs,1,2026-03-09
TF-201-113-012,113,4,Week 8,PASI Score,1,2026-03-01
TF-201-113-012,113,4,Week 8,Laboratory,1,2026-03-06
TF-201-113-012,113,4,Week 8,Adverse Events,1,2026-03-03
TF-201-113-012,113,5,Week 12,Vital Signs,1,2026-03-24
TF-201-113-012,113,5,Week 12,PASI Score,1,2026-03-31
TF-201-113-012,113,5,Week 12,Adverse Events,1,2026-03-27
TF-201-113-012,113,6,Week 16 EOT,Vital Signs,1,2026-04-26
TF-201-113-012,113,6,Week 16 EOT,PASI Score,1,2026-04-30
TF-201-113-012,113,6,Week 16 EOT,Laboratory,1,2026-04-28
TF-201-113-012,113,6,Week 16 EOT,Adverse Events,1,2026-05-04
TF-201-113-012,113,6,Week 16 EOT,End of Treatment,1,2026-04-27
TF-201-113-013,113,1,Screening,Demographics,1,2026-03-23
TF-201-113-013,113,1,Screening,Inclusion/Exclusion,1,2026-03-24
TF-201-113-013,113,1,Screening,Medical History,1,2026-03-22
TF-201-113-013,113,1,Screening,Informed Consent,1,2026-03-17
TF-201-113-013,113,1,Screening,Laboratory,1,2026-03-26
TF-201-113-013,113,2,Baseline,Vital Signs,1,2026-05-02
TF-201-113-013,113,2,Baseline,PASI Score,1,2026-04-28
TF-201-113-013,113,2,Baseline,Laboratory,1,2026-05-02
TF-201-113-013,113,2,Baseline,Randomisation,1,2026-04-26
TF-201-113-013,113,3,Week 4,Vital Signs,1,2026-05-29
TF-201-113-013,113,3,Week 4,PASI Score,1,2026-05-27
TF-201-113-013,113,3,Week 4,Adverse Events,1,2026-05-27
TF-201-113-013,113,4,Week 8,Vital Signs,1,2026-06-28
TF-201-113-013,113,4,Week 8,PASI Score,1,2026-06-29
TF-201-113-013,113,4,Week 8,Laboratory,1,2026-06-22
TF-201-113-013,113,4,Week 8,Adverse Events,1,2026-06-24
TF-201-113-013,113,5,Week 12,Vital Signs,1,2026-07-22
TF-201-113-013,113,5,Week 12,PASI Score,1,2026-07-17
TF-201-113-013,113,5,Week 12,Adverse Events,1,2026-07-17
TF-201-113-013,113,6,Week 16 EOT,Vital Signs,1,2026-08-21
TF-201-113-013,113,6,Week 16 EOT,PASI Score,1,2026-08-23
TF-201-113-013,113,6,Week 16 EOT,Laboratory,1,2026-08-16
TF-201-113-013,113,6,Week 16 EOT,Adverse Events,1,2026-08-20
TF-201-113-013,113,6,Week 16 EOT,End of Treatment,1,2026-08-16
TF-201-113-014,113,1,Screening,Demographics,1,2025-06-08
TF-201-113-014,113,1,Screening,Inclusion/Exclusion,1,2025-06-10
TF-201-113-014,113,1,Screening,Medical History,1,2025-06-12
TF-201-113-014,113,1,Screening,Informed Consent,1,2025-06-17
TF-201-113-014,113,1,Screening,Laboratory,1,2025-06-14
TF-201-113-014,113,2,Baseline,Vital Signs,1,2025-07-01
TF-201-113-014,113,2,Baseline,PASI Score,1,2025-07-09
TF-201-113-014,113,2,Baseline,Laboratory,1,2025-07-05
TF-201-113-014,113,2,Baseline,Randomisation,1,2025-07-01
TF-201-113-014,113,3,Week 4,Vital Signs,1,2025-08-03
TF-201-113-014,113,3,Week 4,PASI Score,1,2025-08-05
TF-201-113-014,113,3,Week 4,Adverse Events,1,2025-08-04
TF-201-113-014,113,4,Week 8,Vital Signs,1,2025-08-27
TF-201-113-014,113,4,Week 8,PASI Score,1,2025-08-25
TF-201-113-014,113,4,Week 8,Laboratory,1,2025-08-27
TF-201-113-014,113,4,Week 8,Adverse Events,1,2025-09-05
TF-201-113-014,113,6,Week 16 EOT,Vital Signs,1,2025-10-29
TF-201-113-014,113,6,Week 16 EOT,PASI Score,1,2025-10-28
TF-201-113-014,113,6,Week 16 EOT,Laboratory,1,2025-11-02
TF-201-113-014,113,6,Week 16 EOT,Adverse Events,1,2025-10-24
TF-201-113-014,113,6,Week 16 EOT,End of Treatment,1,2025-10-29
TF-201-113-015,113,1,Screening,Demographics,1,2026-05-06
TF-201-113-015,113,1,Screening,Inclusion/Exclusion,1,2026-05-05
TF-201-113-015,113,1,Screening,Medical History,1,2026-04-30
TF-201-113-015,113,1,Screening,Informed Consent,1,2026-05-03
TF-201-113-015,113,1,Screening,Laboratory,1,2026-05-07
TF-201-113-015,113,2,Baseline,Vital Signs,1,2026-05-20
TF-201-113-015,113,2,Baseline,PASI Score,1,2026-05-20
TF-201-113-015,113,2,Baseline,Laboratory,1,2026-05-19
TF-201-113-015,113,2,Baseline,Randomisation,1,2026-05-27
TF-201-113-015,113,3,Week 4,Vital Signs,1,2026-06-24
TF-201-113-015,113,3,Week 4,PASI Score,1,2026-06-18
TF-201-113-015,113,3,Week 4,Adverse Events,1,2026-06-23
TF-201-113-015,113,4,Week 8,Vital Signs,1,2026-07-19
TF-201-113-015,113,4,Week 8,PASI Score,1,2026-07-18
TF-201-113-015,113,4,Week 8,Laboratory,1,2026-07-15
TF-201-113-015,113,4,Week 8,Adverse Events,1,2026-07-14
TF-201-113-015,113,5,Week 12,Vital Signs,1,2026-08-14
TF-201-113-015,113,5,Week 12,PASI Score,1,2026-08-14
TF-201-113-015,113,5,Week 12,Adverse Events,1,2026-08-24
TF-201-113-016,113,1,Screening,Demographics,1,2026-03-21
TF-201-113-016,113,1,Screening,Inclusion/Exclusion,1,2026-03-25
TF-201-113-016,113,1,Screening,Medical History,1,2026-03-21
TF-201-113-016,113,1,Screening,Informed Consent,1,2026-03-18
TF-201-113-016,113,1,Screening,Laboratory,1,2026-03-19
TF-201-113-016,113,2,Baseline,Vital Signs,1,2026-04-15
TF-201-113-016,113,2,Baseline,PASI Score,1,2026-04-25
TF-201-113-016,113,2,Baseline,Laboratory,1,2026-04-22
TF-201-113-016,113,2,Baseline,Randomisation,1,2026-04-20
TF-201-113-016,113,3,Week 4,Vital Signs,1,2026-05-19
TF-201-113-016,113,3,Week 4,PASI Score,1,2026-05-13
TF-201-113-016,113,3,Week 4,Adverse Events,1,2026-05-18
TF-201-113-016,113,4,Week 8,Vital Signs,1,2026-06-10
TF-201-113-016,113,4,Week 8,PASI Score,1,2026-06-17
TF-201-113-016,113,4,Week 8,Laboratory,1,2026-06-21
TF-201-113-016,113,4,Week 8,Adverse Events,1,2026-06-16
TF-201-113-016,113,5,Week 12,Vital Signs,1,2026-07-15
TF-201-113-016,113,5,Week 12,PASI Score,1,2026-07-20
TF-201-113-016,113,5,Week 12,Adverse Events,1,2026-07-13
TF-201-113-016,113,6,Week 16 EOT,Vital Signs,1,2026-08-04
TF-201-113-016,113,6,Week 16 EOT,PASI Score,1,2026-08-06
TF-201-113-016,113,6,Week 16 EOT,Laboratory,1,2026-08-15
TF-201-113-016,113,6,Week 16 EOT,Adverse Events,1,2026-08-09
TF-201-113-016,113,6,Week 16 EOT,End of Treatment,1,2026-08-05
TF-201-113-017,113,1,Screening,Demographics,1,2025-07-09
TF-201-113-017,113,1,Screening,Inclusion/Exclusion,1,2025-07-01
TF-201-113-017,113,1,Screening,Medical History,1,2025-07-02
TF-201-113-017,113,1,Screening,Informed Consent,0,
TF-201-113-017,113,1,Screening,Laboratory,1,2025-07-05
TF-201-113-017,113,2,Baseline,Vital Signs,1,2025-08-05
TF-201-113-017,113,2,Baseline,PASI Score,1,2025-08-15
TF-201-113-017,113,2,Baseline,Laboratory,1,2025-08-08
TF-201-113-017,113,2,Baseline,Randomisation,1,2025-08-08
TF-201-113-017,113,3,Week 4,Vital Signs,1,2025-09-03
TF-201-113-017,113,3,Week 4,PASI Score,1,2025-09-04
TF-201-113-017,113,3,Week 4,Adverse Events,1,2025-09-03
TF-201-113-017,113,4,Week 8,Vital Signs,1,2025-10-09
TF-201-113-017,113,4,Week 8,PASI Score,1,2025-10-10
TF-201-113-017,113,4,Week 8,Laboratory,1,2025-09-29
TF-201-113-017,113,4,Week 8,Adverse Events,0,
TF-201-113-017,113,5,Week 12,Vital Signs,1,2025-11-05
TF-201-113-017,113,5,Week 12,PASI Score,1,2025-10-31
TF-201-113-017,113,5,Week 12,Adverse Events,1,2025-10-31
TF-201-113-017,113,6,Week 16 EOT,Vital Signs,1,2025-11-29
TF-201-113-017,113,6,Week 16 EOT,PASI Score,1,2025-11-28
TF-201-113-017,113,6,Week 16 EOT,Laboratory,1,2025-11-30
TF-201-113-017,113,6,Week 16 EOT,Adverse Events,1,2025-12-06
TF-201-113-017,113,6,Week 16 EOT,End of Treatment,1,2025-12-03
TF-201-113-018,113,1,Screening,Demographics,1,2025-06-20
TF-201-113-018,113,1,Screening,Inclusion/Exclusion,1,2025-06-16
TF-201-113-018,113,1,Screening,Medical History,1,2025-06-16
TF-201-113-018,113,1,Screening,Informed Consent,1,2025-06-20
TF-201-113-018,113,1,Screening,Laboratory,1,2025-06-13
TF-201-113-018,113,2,Baseline,Vital Signs,1,2025-07-23
TF-201-113-018,113,2,Baseline,PASI Score,1,2025-07-23
TF-201-113-018,113,2,Baseline,Laboratory,1,2025-07-21
TF-201-113-018,113,2,Baseline,Randomisation,1,2025-07-25
TF-201-113-018,113,3,Week 4,Vital Signs,1,2025-08-23
TF-201-113-018,113,3,Week 4,PASI Score,1,2025-08-19
TF-201-113-018,113,3,Week 4,Adverse Events,1,2025-08-19
TF-201-113-018,113,4,Week 8,Vital Signs,1,2025-09-18
TF-201-113-018,113,4,Week 8,PASI Score,1,2025-09-12
TF-201-113-018,113,4,Week 8,Laboratory,1,2025-09-15
TF-201-113-018,113,4,Week 8,Adverse Events,1,2025-09-09
TF-201-113-018,113,5,Week 12,Vital Signs,1,2025-10-08
TF-201-113-018,113,5,Week 12,PASI Score,1,2025-10-19
TF-201-113-018,113,5,Week 12,Adverse Events,1,2025-10-11
TF-201-113-018,113,6,Week 16 EOT,Vital Signs,1,2025-11-12
TF-201-113-018,113,6,Week 16 EOT,PASI Score,1,2025-11-13
TF-201-113-018,113,6,Week 16 EOT,Laboratory,1,2025-11-09
TF-201-113-018,113,6,Week 16 EOT,Adverse Events,1,2025-11-11
TF-201-113-018,113,6,Week 16 EOT,End of Treatment,1,2025-11-09
TF-201-113-019,113,1,Screening,Demographics,1,2025-06-08
TF-201-113-019,113,1,Screening,Inclusion/Exclusion,1,2025-06-19
TF-201-113-019,113,1,Screening,Medical History,1,2025-06-18
TF-201-113-019,113,1,Screening,Informed Consent,1,2025-06-18
TF-201-113-019,113,1,Screening,Laboratory,1,2025-06-17
TF-201-113-019,113,2,Baseline,Vital Signs,1,2025-06-27
TF-201-113-019,113,2,Baseline,PASI Score,1,2025-07-01
TF-201-113-019,113,2,Baseline,Laboratory,1,2025-07-08
TF-201-113-019,113,2,Baseline,Randomisation,1,2025-07-02
TF-201-113-019,113,3,Week 4,Vital Signs,1,2025-08-02
TF-201-113-019,113,3,Week 4,PASI Score,1,2025-07-25
TF-201-113-019,113,3,Week 4,Adverse Events,1,2025-07-25
TF-201-113-019,113,4,Week 8,Vital Signs,1,2025-08-22
TF-201-113-019,113,4,Week 8,PASI Score,1,2025-08-23
TF-201-113-019,113,4,Week 8,Laboratory,1,2025-08-25
TF-201-113-019,113,4,Week 8,Adverse Events,1,2025-08-25
TF-201-113-019,113,5,Week 12,Vital Signs,1,2025-09-21
TF-201-113-019,113,5,Week 12,PASI Score,1,2025-09-25
TF-201-113-019,113,5,Week 12,Adverse Events,1,2025-09-26
TF-201-113-019,113,6,Week 16 EOT,Vital Signs,1,2025-10-18
TF-201-113-019,113,6,Week 16 EOT,PASI Score,0,
TF-201-113-019,113,6,Week 16 EOT,Laboratory,1,2025-10-22
TF-201-113-019,113,6,Week 16 EOT,Adverse Events,1,2025-10-25
TF-201-113-019,113,6,Week 16 EOT,End of Treatment,1,2025-10-24
TF-201-113-020,113,1,Screening,Demographics,1,2026-05-29
TF-201-113-020,113,1,Screening,Inclusion/Exclusion,1,2026-05-29
TF-201-113-020,113,1,Screening,Medical History,1,2026-05-27
TF-201-113-020,113,1,Screening,Informed Consent,1,2026-06-06
TF-201-113-020,113,1,Screening,Laboratory,1,2026-06-05
TF-201-113-020,113,2,Baseline,Vital Signs,1,2026-06-12
TF-201-113-020,113,2,Baseline,PASI Score,1,2026-06-17
TF-201-113-020,113,2,Baseline,Laboratory,1,2026-06-23
TF-201-113-020,113,2,Baseline,Randomisation,1,2026-06-20
TF-201-113-020,113,3,Week 4,Vital Signs,1,2026-07-14
TF-201-113-020,113,3,Week 4,PASI Score,1,2026-07-16
TF-201-113-020,113,3,Week 4,Adverse Events,1,2026-07-11
TF-201-113-020,113,4,Week 8,Vital Signs,1,2026-08-17
TF-201-113-020,113,4,Week 8,PASI Score,1,2026-08-07
TF-201-113-020,113,4,Week 8,Laboratory,1,2026-08-17
TF-201-113-020,113,4,Week 8,Adverse Events,1,2026-08-16
TF-201-113-020,113,5,Week 12,Vital Signs,1,2026-09-17
TF-201-113-020,113,5,Week 12,PASI Score,1,2026-09-12
TF-201-113-020,113,5,Week 12,Adverse Events,1,2026-09-16
TF-201-113-021,113,1,Screening,Demographics,1,2025-07-16
TF-201-113-021,113,1,Screening,Inclusion/Exclusion,1,2025-07-11
TF-201-113-021,113,1,Screening,Medical History,1,2025-07-14
TF-201-113-021,113,1,Screening,Informed Consent,1,2025-07-14
TF-201-113-021,113,1,Screening,Laboratory,1,2025-07-19
TF-201-113-021,113,2,Baseline,Vital Signs,1,2025-08-15
TF-201-113-021,113,2,Baseline,PASI Score,1,2025-08-05
TF-201-113-021,113,2,Baseline,Laboratory,1,2025-08-08
TF-201-113-021,113,2,Baseline,Randomisation,1,2025-08-14
TF-201-113-021,113,3,Week 4,Vital Signs,1,2025-09-04
TF-201-113-021,113,3,Week 4,PASI Score,1,2025-09-03
TF-201-113-021,113,3,Week 4,Adverse Events,1,2025-09-08
TF-201-113-021,113,4,Week 8,Vital Signs,1,2025-10-11
TF-201-113-021,113,4,Week 8,PASI Score,1,2025-10-10
TF-201-113-021,113,4,Week 8,Laboratory,1,2025-10-06
TF-201-113-021,113,4,Week 8,Adverse Events,1,2025-10-04
TF-201-113-021,113,5,Week 12,Vital Signs,1,2025-11-03
TF-201-113-021,113,5,Week 12,PASI Score,1,2025-10-31
TF-201-113-021,113,5,Week 12,Adverse Events,1,2025-11-04
TF-201-113-021,113,6,Week 16 EOT,Vital Signs,1,2025-12-01
TF-201-113-021,113,6,Week 16 EOT,PASI Score,1,2025-11-26
TF-201-113-021,113,6,Week 16 EOT,Laboratory,1,2025-11-25
TF-201-113-021,113,6,Week 16 EOT,Adverse Events,1,2025-11-26
TF-201-113-021,113,6,Week 16 EOT,End of Treatment,1,2025-11-24
TF-201-113-022,113,1,Screening,Demographics,1,2025-12-30
TF-201-113-022,113,1,Screening,Inclusion/Exclusion,1,2025-12-19
TF-201-113-022,113,1,Screening,Medical History,1,2025-12-23
TF-201-113-022,113,1,Screening,Informed Consent,1,2025-12-30
TF-201-113-022,113,1,Screening,Laboratory,1,2025-12-27
TF-201-113-022,113,2,Baseline,Vital Signs,1,2026-01-17
TF-201-113-022,113,2,Baseline,PASI Score,1,2026-01-17
TF-201-113-022,113,2,Baseline,Laboratory,1,2026-01-18
TF-201-113-022,113,2,Baseline,Randomisation,1,2026-01-17
TF-201-113-022,113,3,Week 4,Vital Signs,1,2026-02-22
TF-201-113-022,113,3,Week 4,PASI Score,1,2026-02-16
TF-201-113-022,113,3,Week 4,Adverse Events,1,2026-02-17
TF-201-113-022,113,4,Week 8,Vital Signs,1,2026-03-22
TF-201-113-022,113,4,Week 8,PASI Score,1,2026-03-20
TF-201-113-022,113,4,Week 8,Laboratory,1,2026-03-17
TF-201-113-022,113,4,Week 8,Adverse Events,1,2026-03-25
TF-201-113-022,113,5,Week 12,Vital Signs,1,2026-04-15
TF-201-113-022,113,5,Week 12,PASI Score,1,2026-04-21
TF-201-113-022,113,5,Week 12,Adverse Events,1,2026-04-20
TF-201-113-022,113,6,Week 16 EOT,Vital Signs,1,2026-05-21
TF-201-113-022,113,6,Week 16 EOT,PASI Score,1,2026-05-14
TF-201-113-022,113,6,Week 16 EOT,Laboratory,1,2026-05-19
TF-201-113-022,113,6,Week 16 EOT,Adverse Events,1,2026-05-17
TF-201-113-022,113,6,Week 16 EOT,End of Treatment,1,2026-05-20
TF-201-113-023,113,1,Screening,Demographics,1,2025-04-01
TF-201-113-023,113,1,Screening,Inclusion/Exclusion,1,2025-04-07
TF-201-113-023,113,1,Screening,Medical History,1,2025-04-12
TF-201-113-023,113,1,Screening,Informed Consent,1,2025-04-02
TF-201-113-023,113,1,Screening,Laboratory,1,2025-04-12
TF-201-113-023,113,2,Baseline,Vital Signs,1,2025-05-16
TF-201-113-023,113,2,Baseline,PASI Score,1,2025-05-12
TF-201-113-023,113,2,Baseline,Laboratory,1,2025-05-08
TF-201-113-023,113,2,Baseline,Randomisation,1,2025-05-12
TF-201-113-023,113,3,Week 4,Vital Signs,1,2025-06-05
TF-201-113-023,113,3,Week 4,PASI Score,1,2025-06-14
TF-201-113-023,113,3,Week 4,Adverse Events,1,2025-06-16
TF-201-113-023,113,4,Week 8,Vital Signs,1,2025-07-10
TF-201-113-023,113,4,Week 8,PASI Score,1,2025-07-13
TF-201-113-023,113,4,Week 8,Laboratory,1,2025-07-10
TF-201-113-023,113,4,Week 8,Adverse Events,1,2025-07-02
TF-201-113-023,113,5,Week 12,Vital Signs,1,2025-08-01
TF-201-113-023,113,5,Week 12,PASI Score,1,2025-08-05
TF-201-113-023,113,5,Week 12,Adverse Events,1,2025-07-31
TF-201-113-023,113,6,Week 16 EOT,Vital Signs,1,2025-08-22
TF-201-113-023,113,6,Week 16 EOT,PASI Score,1,2025-08-23
TF-201-113-023,113,6,Week 16 EOT,Laboratory,1,2025-08-24
TF-201-113-023,113,6,Week 16 EOT,Adverse Events,1,2025-08-30
TF-201-113-023,113,6,Week 16 EOT,End of Treatment,1,2025-08-27
TF-201-113-024,113,1,Screening,Demographics,1,2025-10-26
TF-201-113-024,113,1,Screening,Inclusion/Exclusion,1,2025-10-17
TF-201-113-024,113,1,Screening,Medical History,1,2025-10-18
TF-201-113-024,113,1,Screening,Informed Consent,1,2025-10-26
TF-201-113-024,113,1,Screening,Laboratory,1,2025-10-19
TF-201-113-024,113,2,Baseline,Vital Signs,1,2025-11-18
TF-201-113-024,113,2,Baseline,PASI Score,1,2025-11-14
TF-201-113-024,113,2,Baseline,Laboratory,1,2025-11-12
TF-201-113-024,113,2,Baseline,Randomisation,1,2025-11-18
TF-201-113-024,113,3,Week 4,Vital Signs,1,2025-12-02
TF-201-113-024,113,3,Week 4,PASI Score,1,2025-12-03
TF-201-113-024,113,3,Week 4,Adverse Events,1,2025-12-07
TF-201-113-024,113,4,Week 8,Vital Signs,1,2026-01-04
TF-201-113-024,113,4,Week 8,PASI Score,1,2026-01-07
TF-201-113-024,113,4,Week 8,Laboratory,1,2026-01-07
TF-201-113-024,113,4,Week 8,Adverse Events,1,2026-01-12
TF-201-113-024,113,5,Week 12,Vital Signs,1,2026-02-03
TF-201-113-024,113,5,Week 12,PASI Score,1,2026-02-03
TF-201-113-024,113,5,Week 12,Adverse Events,1,2026-02-03
TF-201-113-024,113,6,Week 16 EOT,Vital Signs,1,2026-03-01
TF-201-113-024,113,6,Week 16 EOT,PASI Score,1,2026-02-27
TF-201-113-024,113,6,Week 16 EOT,Laboratory,1,2026-03-04
TF-201-113-024,113,6,Week 16 EOT,Adverse Events,1,2026-03-05
TF-201-113-024,113,6,Week 16 EOT,End of Treatment,1,2026-03-06
TF-201-113-025,113,1,Screening,Demographics,1,2025-10-07
TF-201-113-025,113,1,Screening,Inclusion/Exclusion,1,2025-10-04
TF-201-113-025,113,1,Screening,Medical History,1,2025-10-06
TF-201-113-025,113,1,Screening,Informed Consent,1,2025-10-05
TF-201-113-025,113,1,Screening,Laboratory,1,2025-10-07
TF-201-113-025,113,2,Baseline,Vital Signs,1,2025-11-02
TF-201-113-025,113,2,Baseline,PASI Score,1,2025-10-23
TF-201-113-025,113,2,Baseline,Laboratory,1,2025-10-28
TF-201-113-025,113,2,Baseline,Randomisation,1,2025-11-02
TF-201-113-025,113,3,Week 4,Vital Signs,1,2025-11-23
TF-201-113-025,113,3,Week 4,PASI Score,1,2025-11-27
TF-201-113-025,113,3,Week 4,Adverse Events,1,2025-11-26
TF-201-113-025,113,4,Week 8,Vital Signs,1,2025-12-30
TF-201-113-025,113,4,Week 8,PASI Score,1,2025-12-22
TF-201-113-025,113,4,Week 8,Laboratory,1,2025-12-29
TF-201-113-025,113,4,Week 8,Adverse Events,1,2025-12-28
TF-201-113-025,113,5,Week 12,Vital Signs,1,2026-01-20
TF-201-113-025,113,5,Week 12,PASI Score,1,2026-01-25
TF-201-113-025,113,5,Week 12,Adverse Events,1,2026-01-19
TF-201-113-025,113,6,Week 16 EOT,Vital Signs,1,2026-02-18
TF-201-113-025,113,6,Week 16 EOT,PASI Score,1,2026-02-18
TF-201-113-025,113,6,Week 16 EOT,Laboratory,1,2026-02-18
TF-201-113-025,113,6,Week 16 EOT,Adverse Events,1,2026-02-23
TF-201-113-025,113,6,Week 16 EOT,End of Treatment,1,2026-02-22
TF-201-114-001,114,1,Screening,Demographics,1,2025-12-26
TF-201-114-001,114,1,Screening,Inclusion/Exclusion,1,2025-12-17
TF-201-114-001,114,1,Screening,Medical History,1,2025-12-22
TF-201-114-001,114,1,Screening,Informed Consent,1,2025-12-22
TF-201-114-001,114,1,Screening,Laboratory,1,2025-12-18
TF-201-114-001,114,2,Baseline,Vital Signs,1,2026-01-26
TF-201-114-001,114,2,Baseline,PASI Score,1,2026-01-25
TF-201-114-001,114,2,Baseline,Laboratory,1,2026-01-19
TF-201-114-001,114,2,Baseline,Randomisation,1,2026-01-24
TF-201-114-001,114,3,Week 4,Vital Signs,1,2026-02-17
TF-201-114-001,114,3,Week 4,PASI Score,1,2026-02-18
TF-201-114-001,114,3,Week 4,Adverse Events,1,2026-02-26
TF-201-114-001,114,4,Week 8,Vital Signs,1,2026-03-20
TF-201-114-001,114,4,Week 8,PASI Score,1,2026-03-22
TF-201-114-001,114,4,Week 8,Laboratory,1,2026-03-25
TF-201-114-001,114,4,Week 8,Adverse Events,1,2026-03-26
TF-201-114-001,114,5,Week 12,Vital Signs,1,2026-04-20
TF-201-114-001,114,5,Week 12,PASI Score,1,2026-04-14
TF-201-114-001,114,5,Week 12,Adverse Events,1,2026-04-12
TF-201-114-001,114,6,Week 16 EOT,Vital Signs,1,2026-05-11
TF-201-114-001,114,6,Week 16 EOT,PASI Score,1,2026-05-18
TF-201-114-001,114,6,Week 16 EOT,Laboratory,1,2026-05-13
TF-201-114-001,114,6,Week 16 EOT,Adverse Events,1,2026-05-19
TF-201-114-001,114,6,Week 16 EOT,End of Treatment,1,2026-05-14
TF-201-114-002,114,1,Screening,Demographics,1,2025-04-12
TF-201-114-002,114,1,Screening,Inclusion/Exclusion,0,
TF-201-114-002,114,1,Screening,Medical History,1,2025-04-19
TF-201-114-002,114,1,Screening,Informed Consent,1,2025-04-20
TF-201-114-002,114,1,Screening,Laboratory,1,2025-04-15
TF-201-114-002,114,2,Baseline,Vital Signs,1,2025-06-01
TF-201-114-002,114,2,Baseline,PASI Score,1,2025-06-02
TF-201-114-002,114,2,Baseline,Laboratory,1,2025-05-26
TF-201-114-002,114,2,Baseline,Randomisation,1,2025-05-23
TF-201-114-002,114,3,Week 4,Vital Signs,1,2025-06-26
TF-201-114-002,114,3,Week 4,PASI Score,1,2025-06-22
TF-201-114-002,114,3,Week 4,Adverse Events,1,2025-06-28
TF-201-114-002,114,4,Week 8,Vital Signs,1,2025-07-25
TF-201-114-002,114,4,Week 8,PASI Score,1,2025-07-23
TF-201-114-002,114,4,Week 8,Laboratory,1,2025-07-24
TF-201-114-002,114,4,Week 8,Adverse Events,1,2025-07-22
TF-201-114-002,114,5,Week 12,Vital Signs,1,2025-08-22
TF-201-114-002,114,5,Week 12,PASI Score,1,2025-08-19
TF-201-114-002,114,5,Week 12,Adverse Events,1,2025-08-24
TF-201-114-002,114,6,Week 16 EOT,Vital Signs,1,2025-09-22
TF-201-114-002,114,6,Week 16 EOT,PASI Score,1,2025-09-23
TF-201-114-002,114,6,Week 16 EOT,Laboratory,1,2025-09-19
TF-201-114-002,114,6,Week 16 EOT,Adverse Events,1,2025-09-20
TF-201-114-002,114,6,Week 16 EOT,End of Treatment,1,2025-09-27
TF-201-114-003,114,1,Screening,Demographics,1,2026-04-25
TF-201-114-003,114,1,Screening,Inclusion/Exclusion,1,2026-05-06
TF-201-114-003,114,1,Screening,Medical History,1,2026-05-03
TF-201-114-003,114,1,Screening,Informed Consent,1,2026-05-05
TF-201-114-003,114,1,Screening,Laboratory,1,2026-04-29
TF-201-114-003,114,2,Baseline,Vital Signs,1,2026-05-23
TF-201-114-003,114,2,Baseline,PASI Score,1,2026-05-27
TF-201-114-003,114,2,Baseline,Laboratory,1,2026-05-31
TF-201-114-003,114,2,Baseline,Randomisation,1,2026-05-22
TF-201-114-003,114,3,Week 4,Vital Signs,1,2026-06-23
TF-201-114-003,114,3,Week 4,PASI Score,1,2026-06-21
TF-201-114-003,114,3,Week 4,Adverse Events,1,2026-06-16
TF-201-114-003,114,4,Week 8,Vital Signs,1,2026-07-21
TF-201-114-003,114,4,Week 8,PASI Score,1,2026-07-22
TF-201-114-003,114,4,Week 8,Laboratory,1,2026-07-23
TF-201-114-003,114,4,Week 8,Adverse Events,1,2026-07-16
TF-201-114-003,114,5,Week 12,Vital Signs,1,2026-08-20
TF-201-114-003,114,5,Week 12,PASI Score,1,2026-08-26
TF-201-114-003,114,5,Week 12,Adverse Events,1,2026-08-17
TF-201-114-004,114,1,Screening,Demographics,0,
TF-201-114-004,114,1,Screening,Inclusion/Exclusion,1,2026-01-03
TF-201-114-004,114,1,Screening,Medical History,0,
TF-201-114-004,114,1,Screening,Informed Consent,1,2025-12-30
TF-201-114-004,114,1,Screening,Laboratory,1,2025-12-29
TF-201-114-004,114,2,Baseline,Vital Signs,1,2026-01-25
TF-201-114-004,114,2,Baseline,PASI Score,1,2026-01-24
TF-201-114-004,114,2,Baseline,Laboratory,1,2026-01-28
TF-201-114-004,114,2,Baseline,Randomisation,1,2026-01-23
TF-201-114-004,114,3,Week 4,Vital Signs,0,
TF-201-114-004,114,3,Week 4,PASI Score,1,2026-02-18
TF-201-114-004,114,3,Week 4,Adverse Events,1,2026-02-23
TF-201-114-004,114,4,Week 8,Vital Signs,1,2026-03-15
TF-201-114-004,114,4,Week 8,PASI Score,1,2026-03-23
TF-201-114-004,114,4,Week 8,Laboratory,1,2026-03-17
TF-201-114-004,114,4,Week 8,Adverse Events,1,2026-03-20
TF-201-114-004,114,5,Week 12,Vital Signs,1,2026-04-18
TF-201-114-004,114,5,Week 12,PASI Score,1,2026-04-15
TF-201-114-004,114,5,Week 12,Adverse Events,1,2026-04-23
TF-201-114-004,114,6,Week 16 EOT,Vital Signs,1,2026-05-16
TF-201-114-004,114,6,Week 16 EOT,PASI Score,1,2026-05-19
TF-201-114-004,114,6,Week 16 EOT,Laboratory,1,2026-05-14
TF-201-114-004,114,6,Week 16 EOT,Adverse Events,1,2026-05-14
TF-201-114-004,114,6,Week 16 EOT,End of Treatment,1,2026-05-14
TF-201-114-005,114,1,Screening,Demographics,1,2025-04-29
TF-201-114-005,114,1,Screening,Inclusion/Exclusion,1,2025-05-07
TF-201-114-005,114,1,Screening,Medical History,1,2025-04-29
TF-201-114-005,114,1,Screening,Informed Consent,1,2025-04-27
TF-201-114-005,114,1,Screening,Laboratory,1,2025-04-26
TF-201-114-005,114,2,Baseline,Vital Signs,1,2025-06-03
TF-201-114-005,114,2,Baseline,PASI Score,1,2025-05-29
TF-201-114-005,114,2,Baseline,Laboratory,1,2025-05-30
TF-201-114-005,114,2,Baseline,Randomisation,1,2025-05-26
TF-201-114-005,114,3,Week 4,Vital Signs,1,2025-06-28
TF-201-114-005,114,3,Week 4,PASI Score,1,2025-06-25
TF-201-114-005,114,3,Week 4,Adverse Events,1,2025-06-19
TF-201-114-005,114,4,Week 8,Vital Signs,1,2025-07-25
TF-201-114-005,114,4,Week 8,PASI Score,1,2025-07-19
TF-201-114-005,114,4,Week 8,Laboratory,1,2025-07-21
TF-201-114-005,114,4,Week 8,Adverse Events,1,2025-07-25
TF-201-114-005,114,5,Week 12,Vital Signs,1,2025-08-27
TF-201-114-005,114,5,Week 12,PASI Score,0,
TF-201-114-005,114,5,Week 12,Adverse Events,1,2025-08-20
TF-201-114-005,114,6,Week 16 EOT,Vital Signs,1,2025-09-14
TF-201-114-005,114,6,Week 16 EOT,PASI Score,1,2025-09-19
TF-201-114-005,114,6,Week 16 EOT,Laboratory,1,2025-09-21
TF-201-114-005,114,6,Week 16 EOT,Adverse Events,1,2025-09-21
TF-201-114-005,114,6,Week 16 EOT,End of Treatment,1,2025-09-24
TF-201-114-006,114,1,Screening,Demographics,1,2025-03-03
TF-201-114-006,114,1,Screening,Inclusion/Exclusion,1,2025-03-03
TF-201-114-006,114,1,Screening,Medical History,1,2025-02-26
TF-201-114-006,114,1,Screening,Informed Consent,1,2025-03-02
TF-201-114-006,114,1,Screening,Laboratory,1,2025-02-25
TF-201-114-006,114,2,Baseline,Vital Signs,1,2025-04-04
TF-201-114-006,114,2,Baseline,PASI Score,1,2025-04-05
TF-201-114-006,114,2,Baseline,Laboratory,1,2025-04-02
TF-201-114-006,114,2,Baseline,Randomisation,1,2025-03-28
TF-201-114-006,114,3,Week 4,Vital Signs,1,2025-04-26
TF-201-114-006,114,3,Week 4,PASI Score,1,2025-04-22
TF-201-114-006,114,3,Week 4,Adverse Events,1,2025-05-03
TF-201-114-006,114,4,Week 8,Vital Signs,1,2025-06-05
TF-201-114-006,114,4,Week 8,PASI Score,1,2025-05-26
TF-201-114-006,114,4,Week 8,Laboratory,1,2025-05-27
TF-201-114-006,114,4,Week 8,Adverse Events,1,2025-05-30
TF-201-114-006,114,5,Week 12,Vital Signs,1,2025-06-24
TF-201-114-006,114,5,Week 12,PASI Score,1,2025-07-01
TF-201-114-006,114,5,Week 12,Adverse Events,1,2025-06-25
TF-201-114-006,114,6,Week 16 EOT,Vital Signs,1,2025-07-30
TF-201-114-006,114,6,Week 16 EOT,PASI Score,1,2025-08-01
TF-201-114-006,114,6,Week 16 EOT,Laboratory,1,2025-07-22
TF-201-114-006,114,6,Week 16 EOT,Adverse Events,1,2025-07-23
TF-201-114-006,114,6,Week 16 EOT,End of Treatment,1,2025-07-28
TF-201-114-007,114,1,Screening,Demographics,1,2026-04-07
TF-201-114-007,114,1,Screening,Inclusion/Exclusion,1,2026-04-05
TF-201-114-007,114,1,Screening,Medical History,1,2026-04-14
TF-201-114-007,114,1,Screening,Informed Consent,1,2026-04-07
TF-201-114-007,114,1,Screening,Laboratory,1,2026-04-06
TF-201-114-007,114,2,Baseline,Vital Signs,1,2026-05-02
TF-201-114-007,114,2,Baseline,PASI Score,1,2026-04-29
TF-201-114-007,114,2,Baseline,Laboratory,1,2026-04-28
TF-201-114-007,114,2,Baseline,Randomisation,1,2026-05-03
TF-201-114-007,114,3,Week 4,Vital Signs,1,2026-06-05
TF-201-114-007,114,3,Week 4,PASI Score,1,2026-06-04
TF-201-114-007,114,3,Week 4,Adverse Events,1,2026-05-27
TF-201-114-007,114,4,Week 8,Vital Signs,1,2026-06-22
TF-201-114-007,114,4,Week 8,PASI Score,1,2026-06-26
TF-201-114-007,114,4,Week 8,Laboratory,1,2026-06-29
TF-201-114-007,114,4,Week 8,Adverse Events,1,2026-06-28
TF-201-114-007,114,5,Week 12,Vital Signs,1,2026-08-09
TF-201-114-007,114,5,Week 12,PASI Score,1,2026-07-31
TF-201-114-007,114,5,Week 12,Adverse Events,1,2026-08-02
TF-201-114-007,114,6,Week 16 EOT,Vital Signs,1,2026-09-02
TF-201-114-007,114,6,Week 16 EOT,PASI Score,1,2026-08-28
TF-201-114-007,114,6,Week 16 EOT,Laboratory,1,2026-09-04
TF-201-114-007,114,6,Week 16 EOT,Adverse Events,1,2026-08-30
TF-201-114-007,114,6,Week 16 EOT,End of Treatment,1,2026-09-02
TF-201-114-008,114,1,Screening,Demographics,1,2025-03-30
TF-201-114-008,114,1,Screening,Inclusion/Exclusion,1,2025-03-29
TF-201-114-008,114,1,Screening,Medical History,1,2025-03-23
TF-201-114-008,114,1,Screening,Informed Consent,1,2025-03-29
TF-201-114-008,114,1,Screening,Laboratory,1,2025-03-24
TF-201-114-008,114,2,Baseline,Vital Signs,1,2025-05-01
TF-201-114-008,114,2,Baseline,PASI Score,1,2025-04-29
TF-201-114-008,114,2,Baseline,Laboratory,1,2025-05-04
TF-201-114-008,114,2,Baseline,Randomisation,1,2025-04-25
TF-201-114-008,114,3,Week 4,Vital Signs,1,2025-05-24
TF-201-114-008,114,3,Week 4,PASI Score,1,2025-06-03
TF-201-114-008,114,3,Week 4,Adverse Events,1,2025-05-31
TF-201-114-008,114,4,Week 8,Vital Signs,1,2025-06-28
TF-201-114-008,114,4,Week 8,PASI Score,1,2025-06-28
TF-201-114-008,114,4,Week 8,Laboratory,1,2025-07-03
TF-201-114-008,114,4,Week 8,Adverse Events,1,2025-06-25
TF-201-114-008,114,5,Week 12,Vital Signs,1,2025-07-23
TF-201-114-008,114,5,Week 12,PASI Score,1,2025-07-30
TF-201-114-008,114,5,Week 12,Adverse Events,1,2025-07-30
TF-201-114-008,114,6,Week 16 EOT,Vital Signs,1,2025-08-24
TF-201-114-008,114,6,Week 16 EOT,PASI Score,1,2025-08-21
TF-201-114-008,114,6,Week 16 EOT,Laboratory,1,2025-08-18
TF-201-114-008,114,6,Week 16 EOT,Adverse Events,1,2025-08-18
TF-201-114-008,114,6,Week 16 EOT,End of Treatment,1,2025-08-26
TF-201-114-009,114,1,Screening,Demographics,1,2026-02-03
TF-201-114-009,114,1,Screening,Inclusion/Exclusion,1,2026-01-31
TF-201-114-009,114,1,Screening,Medical History,1,2026-02-01
TF-201-114-009,114,1,Screening,Informed Consent,1,2026-01-30
TF-201-114-009,114,1,Screening,Laboratory,1,2026-01-30
TF-201-114-009,114,2,Baseline,Vital Signs,1,2026-03-04
TF-201-114-009,114,2,Baseline,PASI Score,1,2026-03-06
TF-201-114-009,114,2,Baseline,Laboratory,1,2026-02-24
TF-201-114-009,114,2,Baseline,Randomisation,1,2026-02-23
TF-201-114-009,114,3,Week 4,Vital Signs,1,2026-03-21
TF-201-114-009,114,3,Week 4,PASI Score,1,2026-03-25
TF-201-114-009,114,3,Week 4,Adverse Events,1,2026-03-23
TF-201-114-009,114,4,Week 8,Vital Signs,1,2026-04-27
TF-201-114-009,114,4,Week 8,PASI Score,1,2026-04-26
TF-201-114-009,114,4,Week 8,Laboratory,1,2026-04-29
TF-201-114-009,114,4,Week 8,Adverse Events,1,2026-04-30
TF-201-114-009,114,5,Week 12,Vital Signs,1,2026-05-28
TF-201-114-009,114,5,Week 12,PASI Score,1,2026-05-25
TF-201-114-009,114,5,Week 12,Adverse Events,1,2026-05-24
TF-201-114-009,114,6,Week 16 EOT,Vital Signs,1,2026-06-21
TF-201-114-009,114,6,Week 16 EOT,PASI Score,1,2026-06-16
TF-201-114-009,114,6,Week 16 EOT,Laboratory,1,2026-06-20
TF-201-114-009,114,6,Week 16 EOT,Adverse Events,1,2026-06-22
TF-201-114-009,114,6,Week 16 EOT,End of Treatment,1,2026-06-17
TF-201-114-010,114,1,Screening,Demographics,1,2025-02-27
TF-201-114-010,114,1,Screening,Inclusion/Exclusion,1,2025-02-20
TF-201-114-010,114,1,Screening,Medical History,1,2025-02-25
TF-201-114-010,114,1,Screening,Informed Consent,1,2025-02-26
TF-201-114-010,114,1,Screening,Laboratory,1,2025-02-19
TF-201-114-010,114,2,Baseline,Vital Signs,1,2025-03-25
TF-201-114-010,114,2,Baseline,PASI Score,1,2025-03-24
TF-201-114-010,114,2,Baseline,Laboratory,1,2025-03-30
TF-201-114-010,114,2,Baseline,Randomisation,1,2025-03-28
TF-201-114-010,114,3,Week 4,Vital Signs,1,2025-04-24
TF-201-114-010,114,3,Week 4,PASI Score,1,2025-04-30
TF-201-114-010,114,3,Week 4,Adverse Events,1,2025-05-02
TF-201-114-010,114,4,Week 8,Vital Signs,1,2025-05-18
TF-201-114-010,114,4,Week 8,PASI Score,1,2025-05-24
TF-201-114-010,114,4,Week 8,Laboratory,1,2025-05-16
TF-201-114-010,114,4,Week 8,Adverse Events,1,2025-05-17
TF-201-114-010,114,5,Week 12,Vital Signs,1,2025-06-19
TF-201-114-010,114,5,Week 12,PASI Score,1,2025-06-20
TF-201-114-010,114,5,Week 12,Adverse Events,1,2025-06-28
TF-201-114-010,114,6,Week 16 EOT,Vital Signs,1,2025-07-22
TF-201-114-010,114,6,Week 16 EOT,PASI Score,1,2025-07-18
TF-201-114-010,114,6,Week 16 EOT,Laboratory,1,2025-07-27
TF-201-114-010,114,6,Week 16 EOT,Adverse Events,1,2025-07-25
TF-201-114-010,114,6,Week 16 EOT,End of Treatment,1,2025-07-26
TF-201-114-011,114,1,Screening,Demographics,1,2026-02-22
TF-201-114-011,114,1,Screening,Inclusion/Exclusion,1,2026-02-11
TF-201-114-011,114,1,Screening,Medical History,1,2026-02-17
TF-201-114-011,114,1,Screening,Informed Consent,1,2026-02-21
TF-201-114-011,114,1,Screening,Laboratory,0,
TF-201-114-011,114,2,Baseline,Vital Signs,1,2026-03-28
TF-201-114-011,114,2,Baseline,PASI Score,1,2026-03-25
TF-201-114-011,114,2,Baseline,Laboratory,1,2026-03-22
TF-201-114-011,114,2,Baseline,Randomisation,1,2026-03-21
TF-201-114-011,114,3,Week 4,Vital Signs,1,2026-04-25
TF-201-114-011,114,3,Week 4,PASI Score,1,2026-04-24
TF-201-114-011,114,3,Week 4,Adverse Events,1,2026-04-27
TF-201-114-011,114,4,Week 8,Vital Signs,1,2026-05-12
TF-201-114-011,114,4,Week 8,PASI Score,1,2026-05-18
TF-201-114-011,114,4,Week 8,Laboratory,1,2026-05-22
TF-201-114-011,114,4,Week 8,Adverse Events,1,2026-05-20
TF-201-114-011,114,5,Week 12,Vital Signs,1,2026-06-19
TF-201-114-011,114,5,Week 12,PASI Score,1,2026-06-12
TF-201-114-011,114,5,Week 12,Adverse Events,1,2026-06-23
TF-201-114-011,114,6,Week 16 EOT,Vital Signs,1,2026-07-16
TF-201-114-011,114,6,Week 16 EOT,PASI Score,1,2026-07-19
TF-201-114-011,114,6,Week 16 EOT,Laboratory,1,2026-07-21
TF-201-114-011,114,6,Week 16 EOT,Adverse Events,1,2026-07-21
TF-201-114-011,114,6,Week 16 EOT,End of Treatment,0,
TF-201-114-012,114,1,Screening,Demographics,1,2026-05-31
TF-201-114-012,114,1,Screening,Inclusion/Exclusion,1,2026-05-31
TF-201-114-012,114,1,Screening,Medical History,1,2026-05-22
TF-201-114-012,114,1,Screening,Informed Consent,1,2026-05-21
TF-201-114-012,114,1,Screening,Laboratory,1,2026-05-21
TF-201-114-012,114,2,Baseline,Vital Signs,1,2026-06-09
TF-201-114-012,114,2,Baseline,PASI Score,1,2026-06-11
TF-201-114-012,114,2,Baseline,Laboratory,1,2026-06-10
TF-201-114-012,114,2,Baseline,Randomisation,1,2026-06-14
TF-201-114-012,114,3,Week 4,Vital Signs,1,2026-07-09
TF-201-114-012,114,3,Week 4,PASI Score,1,2026-07-12
TF-201-114-012,114,3,Week 4,Adverse Events,1,2026-07-08
TF-201-114-012,114,4,Week 8,Vital Signs,1,2026-08-06
TF-201-114-012,114,4,Week 8,PASI Score,1,2026-08-02
TF-201-114-012,114,4,Week 8,Laboratory,1,2026-08-07
TF-201-114-012,114,4,Week 8,Adverse Events,1,2026-08-08
TF-201-114-012,114,5,Week 12,Vital Signs,1,2026-08-26
TF-201-114-012,114,5,Week 12,PASI Score,1,2026-08-30
TF-201-114-012,114,5,Week 12,Adverse Events,1,2026-08-29
TF-201-114-013,114,1,Screening,Demographics,1,2025-06-27
TF-201-114-013,114,1,Screening,Inclusion/Exclusion,1,2025-06-29
TF-201-114-013,114,1,Screening,Medical History,1,2025-07-01
TF-201-114-013,114,1,Screening,Informed Consent,1,2025-06-28
TF-201-114-013,114,1,Screening,Laboratory,1,2025-06-30
TF-201-114-013,114,2,Baseline,Vital Signs,1,2025-08-07
TF-201-114-013,114,2,Baseline,PASI Score,1,2025-08-11
TF-201-114-013,114,2,Baseline,Laboratory,1,2025-08-09
TF-201-114-013,114,2,Baseline,Randomisation,1,2025-08-01
TF-201-114-013,114,3,Week 4,Vital Signs,1,2025-09-03
TF-201-114-013,114,3,Week 4,PASI Score,1,2025-09-09
TF-201-114-013,114,3,Week 4,Adverse Events,1,2025-09-06
TF-201-114-013,114,4,Week 8,Vital Signs,1,2025-10-02
TF-201-114-013,114,4,Week 8,PASI Score,1,2025-10-08
TF-201-114-013,114,4,Week 8,Laboratory,1,2025-09-28
TF-201-114-013,114,4,Week 8,Adverse Events,1,2025-09-29
TF-201-114-013,114,5,Week 12,Vital Signs,1,2025-11-03
TF-201-114-013,114,5,Week 12,PASI Score,1,2025-11-03
TF-201-114-013,114,5,Week 12,Adverse Events,1,2025-11-13
TF-201-114-013,114,6,Week 16 EOT,Vital Signs,1,2025-12-03
TF-201-114-013,114,6,Week 16 EOT,PASI Score,1,2025-12-06
TF-201-114-013,114,6,Week 16 EOT,Laboratory,1,2025-12-05
TF-201-114-013,114,6,Week 16 EOT,Adverse Events,1,2025-12-04
TF-201-114-013,114,6,Week 16 EOT,End of Treatment,1,2025-11-29
TF-201-114-014,114,1,Screening,Demographics,1,2025-07-17
TF-201-114-014,114,1,Screening,Inclusion/Exclusion,1,2025-07-17
TF-201-114-014,114,1,Screening,Medical History,1,2025-07-09
TF-201-114-014,114,1,Screening,Informed Consent,1,2025-07-10
TF-201-114-014,114,1,Screening,Laboratory,1,2025-07-09
TF-201-114-014,114,2,Baseline,Vital Signs,1,2025-08-22
TF-201-114-014,114,2,Baseline,PASI Score,1,2025-08-27
TF-201-114-014,114,2,Baseline,Laboratory,1,2025-08-19
TF-201-114-014,114,2,Baseline,Randomisation,1,2025-08-20
TF-201-114-014,114,3,Week 4,Vital Signs,1,2025-09-20
TF-201-114-014,114,3,Week 4,PASI Score,1,2025-09-15
TF-201-114-014,114,3,Week 4,Adverse Events,1,2025-09-23
TF-201-114-014,114,4,Week 8,Vital Signs,1,2025-10-14
TF-201-114-014,114,4,Week 8,PASI Score,1,2025-10-16
TF-201-114-014,114,4,Week 8,Laboratory,1,2025-10-13
TF-201-114-014,114,4,Week 8,Adverse Events,1,2025-10-18
TF-201-114-014,114,5,Week 12,Vital Signs,1,2025-11-11
TF-201-114-014,114,5,Week 12,PASI Score,1,2025-11-12
TF-201-114-014,114,5,Week 12,Adverse Events,1,2025-11-15
TF-201-114-014,114,6,Week 16 EOT,Vital Signs,1,2025-12-16
TF-201-114-014,114,6,Week 16 EOT,PASI Score,1,2025-12-14
TF-201-114-014,114,6,Week 16 EOT,Laboratory,1,2025-12-17
TF-201-114-014,114,6,Week 16 EOT,Adverse Events,1,2025-12-22
TF-201-114-014,114,6,Week 16 EOT,End of Treatment,1,2025-12-18
TF-201-115-001,115,1,Screening,Demographics,1,2026-08-08
TF-201-115-001,115,1,Screening,Inclusion/Exclusion,1,2026-08-03
TF-201-115-001,115,1,Screening,Medical History,1,2026-08-08
TF-201-115-001,115,1,Screening,Informed Consent,1,2026-08-03
TF-201-115-001,115,1,Screening,Laboratory,1,2026-08-07
TF-201-115-001,115,2,Baseline,Vital Signs,1,2026-08-24
TF-201-115-001,115,2,Baseline,PASI Score,1,2026-08-22
TF-201-115-001,115,2,Baseline,Laboratory,1,2026-08-31
TF-201-115-001,115,2,Baseline,Randomisation,1,2026-08-24
TF-201-115-002,115,1,Screening,Demographics,1,2026-03-25
TF-201-115-002,115,1,Screening,Inclusion/Exclusion,1,2026-03-16
TF-201-115-002,115,1,Screening,Medical History,1,2026-03-23
TF-201-115-002,115,1,Screening,Informed Consent,1,2026-03-16
TF-201-115-002,115,1,Screening,Laboratory,1,2026-03-24
TF-201-115-002,115,2,Baseline,Vital Signs,1,2026-04-13
TF-201-115-002,115,2,Baseline,PASI Score,1,2026-04-11
TF-201-115-002,115,2,Baseline,Laboratory,1,2026-04-22
TF-201-115-002,115,2,Baseline,Randomisation,1,2026-04-18
TF-201-115-002,115,3,Week 4,Vital Signs,1,2026-05-18
TF-201-115-002,115,3,Week 4,PASI Score,1,2026-05-17
TF-201-115-002,115,3,Week 4,Adverse Events,1,2026-05-11
TF-201-115-002,115,4,Week 8,Vital Signs,1,2026-06-07
TF-201-115-002,115,4,Week 8,PASI Score,1,2026-06-06
TF-201-115-002,115,4,Week 8,Laboratory,1,2026-06-03
TF-201-115-002,115,4,Week 8,Adverse Events,1,2026-06-04
TF-201-115-002,115,5,Week 12,Vital Signs,1,2026-07-10
TF-201-115-002,115,5,Week 12,PASI Score,1,2026-07-07
TF-201-115-002,115,5,Week 12,Adverse Events,1,2026-07-03
TF-201-115-002,115,6,Week 16 EOT,Vital Signs,1,2026-08-15
TF-201-115-002,115,6,Week 16 EOT,PASI Score,1,2026-08-06
TF-201-115-002,115,6,Week 16 EOT,Laboratory,1,2026-08-13
TF-201-115-002,115,6,Week 16 EOT,Adverse Events,1,2026-08-09
TF-201-115-002,115,6,Week 16 EOT,End of Treatment,1,2026-08-13
TF-201-115-003,115,1,Screening,Demographics,1,2025-11-10
TF-201-115-003,115,1,Screening,Inclusion/Exclusion,1,2025-11-12
TF-201-115-003,115,1,Screening,Medical History,1,2025-11-05
TF-201-115-003,115,1,Screening,Informed Consent,1,2025-11-03
TF-201-115-003,115,1,Screening,Laboratory,1,2025-11-06
TF-201-115-003,115,2,Baseline,Vital Signs,1,2025-12-02
TF-201-115-003,115,2,Baseline,PASI Score,1,2025-12-03
TF-201-115-003,115,2,Baseline,Laboratory,1,2025-11-30
TF-201-115-003,115,2,Baseline,Randomisation,1,2025-12-06
TF-201-115-003,115,3,Week 4,Vital Signs,1,2026-01-05
TF-201-115-003,115,3,Week 4,PASI Score,1,2025-12-31
TF-201-115-003,115,3,Week 4,Adverse Events,1,2026-01-07
TF-201-115-003,115,4,Week 8,Vital Signs,1,2026-01-29
TF-201-115-003,115,4,Week 8,PASI Score,1,2026-02-01
TF-201-115-003,115,4,Week 8,Laboratory,1,2026-01-25
TF-201-115-003,115,4,Week 8,Adverse Events,1,2026-01-29
TF-201-115-003,115,5,Week 12,Vital Signs,1,2026-02-26
TF-201-115-003,115,5,Week 12,PASI Score,1,2026-02-25
TF-201-115-003,115,5,Week 12,Adverse Events,1,2026-02-21
TF-201-115-003,115,6,Week 16 EOT,Vital Signs,1,2026-03-25
TF-201-115-003,115,6,Week 16 EOT,PASI Score,1,2026-03-26
TF-201-115-003,115,6,Week 16 EOT,Laboratory,1,2026-03-24
TF-201-115-003,115,6,Week 16 EOT,Adverse Events,1,2026-03-27
TF-201-115-003,115,6,Week 16 EOT,End of Treatment,1,2026-03-30
TF-201-115-004,115,1,Screening,Demographics,1,2025-08-20
TF-201-115-004,115,1,Screening,Inclusion/Exclusion,1,2025-08-21
TF-201-115-004,115,1,Screening,Medical History,1,2025-08-19
TF-201-115-004,115,1,Screening,Informed Consent,1,2025-08-19
TF-201-115-004,115,1,Screening,Laboratory,1,2025-08-14
TF-201-115-004,115,2,Baseline,Vital Signs,1,2025-09-13
TF-201-115-004,115,2,Baseline,PASI Score,0,
TF-201-115-004,115,2,Baseline,Laboratory,1,2025-09-19
TF-201-115-004,115,2,Baseline,Randomisation,1,2025-09-17
TF-201-115-004,115,3,Week 4,Vital Signs,1,2025-10-13
TF-201-115-004,115,3,Week 4,PASI Score,1,2025-10-20
TF-201-115-004,115,3,Week 4,Adverse Events,1,2025-10-16
TF-201-115-004,115,4,Week 8,Vital Signs,1,2025-11-18
TF-201-115-004,115,4,Week 8,PASI Score,1,2025-11-12
TF-201-115-004,115,4,Week 8,Laboratory,1,2025-11-10
TF-201-115-004,115,4,Week 8,Adverse Events,1,2025-11-20
TF-201-115-004,115,5,Week 12,Vital Signs,1,2025-12-01
TF-201-115-004,115,5,Week 12,PASI Score,1,2025-11-27
TF-201-115-004,115,5,Week 12,Adverse Events,1,2025-11-26
TF-201-115-004,115,6,Week 16 EOT,Vital Signs,1,2026-01-12
TF-201-115-004,115,6,Week 16 EOT,PASI Score,1,2026-01-01
TF-201-115-004,115,6,Week 16 EOT,Laboratory,1,2026-01-03
TF-201-115-004,115,6,Week 16 EOT,Adverse Events,1,2026-01-05
TF-201-115-004,115,6,Week 16 EOT,End of Treatment,1,2026-01-09
TF-201-115-005,115,1,Screening,Demographics,1,2026-06-15
TF-201-115-005,115,1,Screening,Inclusion/Exclusion,1,2026-06-06
TF-201-115-005,115,1,Screening,Medical History,1,2026-06-13
TF-201-115-005,115,1,Screening,Informed Consent,1,2026-06-07
TF-201-115-005,115,1,Screening,Laboratory,1,2026-06-09
TF-201-115-005,115,2,Baseline,Vital Signs,1,2026-07-01
TF-201-115-005,115,2,Baseline,PASI Score,1,2026-07-08
TF-201-115-005,115,2,Baseline,Laboratory,1,2026-07-09
TF-201-115-005,115,2,Baseline,Randomisation,1,2026-07-02
TF-201-115-005,115,3,Week 4,Vital Signs,1,2026-08-01
TF-201-115-005,115,3,Week 4,PASI Score,1,2026-08-01
TF-201-115-005,115,3,Week 4,Adverse Events,1,2026-07-29
TF-201-115-005,115,4,Week 8,Vital Signs,1,2026-08-30
TF-201-115-005,115,4,Week 8,PASI Score,1,2026-09-07
TF-201-115-005,115,4,Week 8,Laboratory,1,2026-09-01
TF-201-115-005,115,4,Week 8,Adverse Events,1,2026-08-28
TF-201-115-006,115,1,Screening,Demographics,1,2025-06-05
TF-201-115-006,115,1,Screening,Inclusion/Exclusion,1,2025-06-04
TF-201-115-006,115,1,Screening,Medical History,1,2025-06-04
TF-201-115-006,115,1,Screening,Informed Consent,1,2025-06-08
TF-201-115-006,115,1,Screening,Laboratory,1,2025-06-01
TF-201-115-006,115,2,Baseline,Vital Signs,1,2025-07-05
TF-201-115-006,115,2,Baseline,PASI Score,1,2025-07-01
TF-201-115-006,115,2,Baseline,Laboratory,1,2025-07-06
TF-201-115-006,115,2,Baseline,Randomisation,1,2025-07-02
TF-201-115-006,115,3,Week 4,Vital Signs,1,2025-07-29
TF-201-115-006,115,3,Week 4,PASI Score,1,2025-08-01
TF-201-115-006,115,3,Week 4,Adverse Events,1,2025-07-30
TF-201-115-006,115,4,Week 8,Vital Signs,1,2025-08-27
TF-201-115-006,115,4,Week 8,PASI Score,1,2025-08-30
TF-201-115-006,115,4,Week 8,Laboratory,1,2025-08-24
TF-201-115-006,115,4,Week 8,Adverse Events,1,2025-08-23
TF-201-115-006,115,5,Week 12,Vital Signs,1,2025-09-24
TF-201-115-006,115,5,Week 12,PASI Score,1,2025-09-25
TF-201-115-006,115,5,Week 12,Adverse Events,1,2025-09-21
TF-201-115-006,115,6,Week 16 EOT,Vital Signs,1,2025-10-24
TF-201-115-006,115,6,Week 16 EOT,PASI Score,1,2025-10-14
TF-201-115-006,115,6,Week 16 EOT,Laboratory,1,2025-10-13
TF-201-115-006,115,6,Week 16 EOT,Adverse Events,1,2025-10-15
TF-201-115-006,115,6,Week 16 EOT,End of Treatment,1,2025-10-17
TF-201-115-007,115,1,Screening,Demographics,1,2026-02-07
TF-201-115-007,115,1,Screening,Inclusion/Exclusion,1,2026-02-07
TF-201-115-007,115,1,Screening,Medical History,1,2026-02-02
TF-201-115-007,115,1,Screening,Informed Consent,1,2026-01-31
TF-201-115-007,115,1,Screening,Laboratory,1,2026-01-28
TF-201-115-007,115,2,Baseline,Vital Signs,1,2026-03-07
TF-201-115-007,115,2,Baseline,PASI Score,1,2026-03-11
TF-201-115-007,115,2,Baseline,Laboratory,1,2026-03-08
TF-201-115-007,115,2,Baseline,Randomisation,1,2026-03-05
TF-201-115-007,115,3,Week 4,Vital Signs,1,2026-04-09
TF-201-115-007,115,3,Week 4,PASI Score,1,2026-03-31
TF-201-115-007,115,3,Week 4,Adverse Events,1,2026-04-11
TF-201-115-007,115,4,Week 8,Vital Signs,1,2026-05-10
TF-201-115-007,115,4,Week 8,PASI Score,1,2026-05-08
TF-201-115-007,115,4,Week 8,Laboratory,1,2026-05-07
TF-201-115-007,115,4,Week 8,Adverse Events,1,2026-05-06
TF-201-115-007,115,5,Week 12,Vital Signs,1,2026-06-09
TF-201-115-007,115,5,Week 12,PASI Score,1,2026-06-06
TF-201-115-007,115,5,Week 12,Adverse Events,1,2026-06-01
TF-201-115-007,115,6,Week 16 EOT,Vital Signs,1,2026-07-01
TF-201-115-007,115,6,Week 16 EOT,PASI Score,1,2026-06-23
TF-201-115-007,115,6,Week 16 EOT,Laboratory,1,2026-06-22
TF-201-115-007,115,6,Week 16 EOT,Adverse Events,1,2026-07-01
TF-201-115-007,115,6,Week 16 EOT,End of Treatment,1,2026-07-01
TF-201-115-008,115,1,Screening,Demographics,1,2025-05-29
TF-201-115-008,115,1,Screening,Inclusion/Exclusion,1,2025-05-28
TF-201-115-008,115,1,Screening,Medical History,1,2025-05-28
TF-201-115-008,115,1,Screening,Informed Consent,1,2025-05-28
TF-201-115-008,115,1,Screening,Laboratory,1,2025-05-26
TF-201-115-008,115,2,Baseline,Vital Signs,1,2025-06-22
TF-201-115-008,115,2,Baseline,PASI Score,1,2025-06-24
TF-201-115-008,115,2,Baseline,Laboratory,1,2025-06-21
TF-201-115-008,115,2,Baseline,Randomisation,0,
TF-201-115-008,115,3,Week 4,Vital Signs,1,2025-07-25
TF-201-115-008,115,3,Week 4,PASI Score,1,2025-07-25
TF-201-115-008,115,3,Week 4,Adverse Events,1,2025-07-19
TF-201-115-008,115,4,Week 8,Vital Signs,1,2025-08-21
TF-201-115-008,115,4,Week 8,PASI Score,1,2025-08-12
TF-201-115-008,115,4,Week 8,Laboratory,1,2025-08-22
TF-201-115-008,115,4,Week 8,Adverse Events,1,2025-08-15
TF-201-115-008,115,5,Week 12,Vital Signs,1,2025-09-19
TF-201-115-008,115,5,Week 12,PASI Score,1,2025-09-12
TF-201-115-008,115,5,Week 12,Adverse Events,1,2025-09-13
TF-201-115-008,115,6,Week 16 EOT,Vital Signs,1,2025-10-13
TF-201-115-008,115,6,Week 16 EOT,PASI Score,1,2025-10-08
TF-201-115-008,115,6,Week 16 EOT,Laboratory,1,2025-10-11
TF-201-115-008,115,6,Week 16 EOT,Adverse Events,1,2025-10-15
TF-201-115-008,115,6,Week 16 EOT,End of Treatment,1,2025-10-04
TF-201-115-009,115,1,Screening,Demographics,1,2025-12-10
TF-201-115-009,115,1,Screening,Inclusion/Exclusion,1,2025-12-14
TF-201-115-009,115,1,Screening,Medical History,1,2025-12-08
TF-201-115-009,115,1,Screening,Informed Consent,1,2025-12-06
TF-201-115-009,115,1,Screening,Laboratory,1,2025-12-06
TF-201-115-009,115,2,Baseline,Vital Signs,1,2026-01-12
TF-201-115-009,115,2,Baseline,PASI Score,1,2026-01-21
TF-201-115-009,115,2,Baseline,Laboratory,1,2026-01-18
TF-201-115-009,115,2,Baseline,Randomisation,1,2026-01-14
TF-201-115-009,115,3,Week 4,Vital Signs,1,2026-02-17
TF-201-115-009,115,3,Week 4,PASI Score,1,2026-02-15
TF-201-115-009,115,3,Week 4,Adverse Events,1,2026-02-10
TF-201-115-009,115,4,Week 8,Vital Signs,1,2026-03-14
TF-201-115-009,115,4,Week 8,PASI Score,1,2026-03-06
TF-201-115-009,115,4,Week 8,Laboratory,1,2026-03-17
TF-201-115-009,115,4,Week 8,Adverse Events,1,2026-03-15
TF-201-115-009,115,5,Week 12,Vital Signs,1,2026-04-09
TF-201-115-009,115,5,Week 12,PASI Score,1,2026-04-12
TF-201-115-009,115,5,Week 12,Adverse Events,1,2026-04-18
TF-201-115-009,115,6,Week 16 EOT,Vital Signs,1,2026-05-15
TF-201-115-009,115,6,Week 16 EOT,PASI Score,1,2026-05-19
TF-201-115-009,115,6,Week 16 EOT,Laboratory,1,2026-05-11
TF-201-115-009,115,6,Week 16 EOT,Adverse Events,1,2026-05-17
TF-201-115-009,115,6,Week 16 EOT,End of Treatment,1,2026-05-17
TF-201-115-010,115,1,Screening,Demographics,1,2025-11-22
TF-201-115-010,115,1,Screening,Inclusion/Exclusion,1,2025-11-12
TF-201-115-010,115,1,Screening,Medical History,1,2025-11-18
TF-201-115-010,115,1,Screening,Informed Consent,1,2025-11-20
TF-201-115-010,115,1,Screening,Laboratory,1,2025-11-23
TF-201-115-010,115,2,Baseline,Vital Signs,1,2025-11-29
TF-201-115-010,115,2,Baseline,PASI Score,1,2025-11-29
TF-201-115-010,115,2,Baseline,Laboratory,1,2025-11-29
TF-201-115-010,115,2,Baseline,Randomisation,1,2025-12-03
TF-201-115-010,115,3,Week 4,Vital Signs,1,2026-01-04
TF-201-115-010,115,3,Week 4,PASI Score,1,2026-01-01
TF-201-115-010,115,3,Week 4,Adverse Events,1,2026-01-03
TF-201-115-010,115,4,Week 8,Vital Signs,1,2026-01-24
TF-201-115-010,115,4,Week 8,PASI Score,1,2026-01-26
TF-201-115-010,115,4,Week 8,Laboratory,1,2026-01-28
TF-201-115-010,115,4,Week 8,Adverse Events,1,2026-01-24
TF-201-115-010,115,6,Week 16 EOT,Vital Signs,1,2026-03-23
TF-201-115-010,115,6,Week 16 EOT,PASI Score,1,2026-03-18
TF-201-115-010,115,6,Week 16 EOT,Laboratory,1,2026-03-24
TF-201-115-010,115,6,Week 16 EOT,Adverse Events,1,2026-03-26
TF-201-115-010,115,6,Week 16 EOT,End of Treatment,1,2026-03-21
TF-201-115-011,115,1,Screening,Demographics,1,2026-05-27
TF-201-115-011,115,1,Screening,Inclusion/Exclusion,1,2026-06-02
TF-201-115-011,115,1,Screening,Medical History,1,2026-06-01
TF-201-115-011,115,1,Screening,Informed Consent,1,2026-05-26
TF-201-115-011,115,1,Screening,Laboratory,1,2026-05-26
TF-201-115-011,115,2,Baseline,Vital Signs,1,2026-06-13
TF-201-115-011,115,2,Baseline,PASI Score,1,2026-06-14
TF-201-115-011,115,2,Baseline,Laboratory,1,2026-06-06
TF-201-115-011,115,2,Baseline,Randomisation,1,2026-06-07
TF-201-115-011,115,3,Week 4,Vital Signs,1,2026-07-10
TF-201-115-011,115,3,Week 4,PASI Score,1,2026-07-10
TF-201-115-011,115,3,Week 4,Adverse Events,1,2026-07-12
TF-201-115-011,115,4,Week 8,Vital Signs,1,2026-08-02
TF-201-115-011,115,4,Week 8,PASI Score,1,2026-08-05
TF-201-115-011,115,4,Week 8,Laboratory,1,2026-08-10
TF-201-115-011,115,4,Week 8,Adverse Events,1,2026-08-07
TF-201-115-011,115,5,Week 12,Vital Signs,1,2026-09-03
TF-201-115-011,115,5,Week 12,PASI Score,1,2026-09-06
TF-201-115-011,115,5,Week 12,Adverse Events,1,2026-08-28
TF-201-115-012,115,1,Screening,Demographics,1,2026-06-28
TF-201-115-012,115,1,Screening,Inclusion/Exclusion,1,2026-06-23
TF-201-115-012,115,1,Screening,Medical History,1,2026-06-29
TF-201-115-012,115,1,Screening,Informed Consent,1,2026-06-26
TF-201-115-012,115,1,Screening,Laboratory,1,2026-06-26
TF-201-115-012,115,2,Baseline,Vital Signs,1,2026-07-17
TF-201-115-012,115,2,Baseline,PASI Score,1,2026-07-14
TF-201-115-012,115,2,Baseline,Laboratory,1,2026-07-20
TF-201-115-012,115,2,Baseline,Randomisation,1,2026-07-14
TF-201-115-012,115,3,Week 4,Vital Signs,1,2026-08-18
TF-201-115-012,115,3,Week 4,PASI Score,1,2026-08-20
TF-201-115-012,115,3,Week 4,Adverse Events,1,2026-08-15
TF-201-115-013,115,1,Screening,Demographics,1,2025-06-27
TF-201-115-013,115,1,Screening,Inclusion/Exclusion,1,2025-06-25
TF-201-115-013,115,1,Screening,Medical History,1,2025-06-20
TF-201-115-013,115,1,Screening,Informed Consent,1,2025-06-23
TF-201-115-013,115,1,Screening,Laboratory,1,2025-06-17
TF-201-115-013,115,2,Baseline,Vital Signs,1,2025-07-27
TF-201-115-013,115,2,Baseline,PASI Score,1,2025-07-22
TF-201-115-013,115,2,Baseline,Laboratory,1,2025-07-31
TF-201-115-013,115,2,Baseline,Randomisation,1,2025-08-01
TF-201-115-013,115,3,Week 4,Vital Signs,1,2025-08-18
TF-201-115-013,115,3,Week 4,PASI Score,1,2025-08-26
TF-201-115-013,115,3,Week 4,Adverse Events,1,2025-08-17
TF-201-115-013,115,4,Week 8,Vital Signs,1,2025-09-27
TF-201-115-013,115,4,Week 8,PASI Score,1,2025-09-24
TF-201-115-013,115,4,Week 8,Laboratory,1,2025-09-21
TF-201-115-013,115,4,Week 8,Adverse Events,1,2025-09-23
TF-201-115-013,115,5,Week 12,Vital Signs,1,2025-10-23
TF-201-115-013,115,5,Week 12,PASI Score,0,
TF-201-115-013,115,5,Week 12,Adverse Events,1,2025-10-14
TF-201-115-013,115,6,Week 16 EOT,Vital Signs,1,2025-11-18
TF-201-115-013,115,6,Week 16 EOT,PASI Score,1,2025-11-26
TF-201-115-013,115,6,Week 16 EOT,Laboratory,1,2025-11-20
TF-201-115-013,115,6,Week 16 EOT,Adverse Events,1,2025-11-17
TF-201-115-013,115,6,Week 16 EOT,End of Treatment,1,2025-11-24
TF-201-115-014,115,1,Screening,Demographics,1,2026-08-03
TF-201-115-014,115,1,Screening,Inclusion/Exclusion,1,2026-07-30
TF-201-115-014,115,1,Screening,Medical History,1,2026-08-06
TF-201-115-014,115,1,Screening,Informed Consent,1,2026-07-28
TF-201-115-014,115,1,Screening,Laboratory,1,2026-08-03
TF-201-115-014,115,2,Baseline,Vital Signs,1,2026-09-12
TF-201-115-014,115,2,Baseline,PASI Score,1,2026-09-07
TF-201-115-014,115,2,Baseline,Laboratory,1,2026-09-06
TF-201-115-014,115,2,Baseline,Randomisation,1,2026-09-03
TF-201-115-015,115,1,Screening,Demographics,1,2026-03-26
TF-201-115-015,115,1,Screening,Inclusion/Exclusion,1,2026-03-30
TF-201-115-015,115,1,Screening,Medical History,1,2026-03-26
TF-201-115-015,115,1,Screening,Informed Consent,1,2026-04-04
TF-201-115-015,115,1,Screening,Laboratory,1,2026-04-05
TF-201-115-015,115,2,Baseline,Vital Signs,1,2026-05-11
TF-201-115-015,115,2,Baseline,PASI Score,1,2026-05-05
TF-201-115-015,115,2,Baseline,Laboratory,1,2026-05-06
TF-201-115-015,115,2,Baseline,Randomisation,1,2026-05-12
TF-201-115-015,115,3,Week 4,Vital Signs,1,2026-06-05
TF-201-115-015,115,3,Week 4,PASI Score,1,2026-06-05
TF-201-115-015,115,3,Week 4,Adverse Events,1,2026-06-12
TF-201-115-015,115,4,Week 8,Vital Signs,1,2026-07-09
TF-201-115-015,115,4,Week 8,PASI Score,1,2026-07-04
TF-201-115-015,115,4,Week 8,Laboratory,1,2026-07-01
TF-201-115-015,115,4,Week 8,Adverse Events,1,2026-07-10
TF-201-115-015,115,5,Week 12,Vital Signs,1,2026-08-04
TF-201-115-015,115,5,Week 12,PASI Score,1,2026-08-02
TF-201-115-015,115,5,Week 12,Adverse Events,1,2026-08-05
TF-201-115-015,115,6,Week 16 EOT,Vital Signs,1,2026-09-09
TF-201-115-015,115,6,Week 16 EOT,PASI Score,1,2026-09-01
TF-201-115-015,115,6,Week 16 EOT,Laboratory,1,2026-09-02
TF-201-115-015,115,6,Week 16 EOT,Adverse Events,1,2026-09-03
TF-201-115-015,115,6,Week 16 EOT,End of Treatment,1,2026-09-03
TF-201-115-016,115,1,Screening,Demographics,1,2026-01-09
TF-201-115-016,115,1,Screening,Inclusion/Exclusion,1,2026-01-07
TF-201-115-016,115,1,Screening,Medical History,1,2026-01-13
TF-201-115-016,115,1,Screening,Informed Consent,1,2026-01-11
TF-201-115-016,115,1,Screening,Laboratory,1,2026-01-04
TF-201-115-016,115,2,Baseline,Vital Signs,1,2026-02-03
TF-201-115-016,115,2,Baseline,PASI Score,1,2026-02-06
TF-201-115-016,115,2,Baseline,Laboratory,1,2026-02-05
TF-201-115-016,115,2,Baseline,Randomisation,1,2026-02-01
TF-201-115-016,115,3,Week 4,Vital Signs,1,2026-03-01
TF-201-115-016,115,3,Week 4,PASI Score,1,2026-03-04
TF-201-115-016,115,3,Week 4,Adverse Events,1,2026-03-01
TF-201-115-016,115,4,Week 8,Vital Signs,1,2026-04-02
TF-201-115-016,115,4,Week 8,PASI Score,1,2026-04-03
TF-201-115-016,115,4,Week 8,Laboratory,1,2026-04-04
TF-201-115-016,115,4,Week 8,Adverse Events,1,2026-04-01
TF-201-115-016,115,5,Week 12,Vital Signs,1,2026-04-28
TF-201-115-016,115,5,Week 12,PASI Score,1,2026-04-27
TF-201-115-016,115,5,Week 12,Adverse Events,1,2026-05-01
TF-201-115-016,115,6,Week 16 EOT,Vital Signs,1,2026-05-29
TF-201-115-016,115,6,Week 16 EOT,PASI Score,1,2026-05-24
TF-201-115-016,115,6,Week 16 EOT,Laboratory,1,2026-05-25
TF-201-115-016,115,6,Week 16 EOT,Adverse Events,1,2026-05-27
TF-201-115-016,115,6,Week 16 EOT,End of Treatment,1,2026-05-21
TF-201-115-017,115,1,Screening,Demographics,1,2025-07-03
TF-201-115-017,115,1,Screening,Inclusion/Exclusion,1,2025-06-30
TF-201-115-017,115,1,Screening,Medical History,1,2025-06-29
TF-201-115-017,115,1,Screening,Informed Consent,1,2025-06-26
TF-201-115-017,115,1,Screening,Laboratory,1,2025-07-03
TF-201-115-017,115,2,Baseline,Vital Signs,1,2025-08-03
TF-201-115-017,115,2,Baseline,PASI Score,1,2025-08-03
TF-201-115-017,115,2,Baseline,Laboratory,1,2025-07-27
TF-201-115-017,115,2,Baseline,Randomisation,1,2025-08-04
TF-201-115-017,115,3,Week 4,Vital Signs,1,2025-08-31
TF-201-115-017,115,3,Week 4,PASI Score,1,2025-09-01
TF-201-115-017,115,3,Week 4,Adverse Events,1,2025-09-02
TF-201-115-017,115,4,Week 8,Vital Signs,1,2025-09-19
TF-201-115-017,115,4,Week 8,PASI Score,1,2025-09-29
TF-201-115-017,115,4,Week 8,Laboratory,1,2025-09-24
TF-201-115-017,115,4,Week 8,Adverse Events,1,2025-09-18
TF-201-115-017,115,5,Week 12,Vital Signs,1,2025-10-18
TF-201-115-017,115,5,Week 12,PASI Score,1,2025-10-19
TF-201-115-017,115,5,Week 12,Adverse Events,1,2025-10-22
TF-201-115-017,115,6,Week 16 EOT,Vital Signs,1,2025-11-23
TF-201-115-017,115,6,Week 16 EOT,PASI Score,1,2025-11-28
TF-201-115-017,115,6,Week 16 EOT,Laboratory,1,2025-11-22
TF-201-115-017,115,6,Week 16 EOT,Adverse Events,1,2025-12-02
TF-201-115-017,115,6,Week 16 EOT,End of Treatment,1,2025-11-30
TF-201-115-018,115,1,Screening,Demographics,1,2026-08-08
TF-201-115-018,115,1,Screening,Inclusion/Exclusion,1,2026-08-07
TF-201-115-018,115,1,Screening,Medical History,1,2026-08-01
TF-201-115-018,115,1,Screening,Informed Consent,1,2026-07-31
TF-201-115-018,115,1,Screening,Laboratory,1,2026-07-31
TF-201-115-018,115,2,Baseline,Vital Signs,1,2026-09-07
TF-201-115-018,115,2,Baseline,PASI Score,1,2026-09-13
TF-201-115-018,115,2,Baseline,Laboratory,1,2026-09-03
TF-201-115-018,115,2,Baseline,Randomisation,1,2026-09-10
TF-201-115-019,115,1,Screening,Demographics,1,2025-08-03
TF-201-115-019,115,1,Screening,Inclusion/Exclusion,1,2025-07-28
TF-201-115-019,115,1,Screening,Medical History,1,2025-08-01
TF-201-115-019,115,1,Screening,Informed Consent,1,2025-08-03
TF-201-115-019,115,1,Screening,Laboratory,1,2025-08-06
TF-201-115-019,115,2,Baseline,Vital Signs,1,2025-09-01
TF-201-115-019,115,2,Baseline,PASI Score,1,2025-08-30
TF-201-115-019,115,2,Baseline,Laboratory,1,2025-09-05
TF-201-115-019,115,2,Baseline,Randomisation,1,2025-09-06
TF-201-115-019,115,3,Week 4,Vital Signs,1,2025-10-03
TF-201-115-019,115,3,Week 4,PASI Score,1,2025-10-04
TF-201-115-019,115,3,Week 4,Adverse Events,1,2025-10-06
TF-201-115-019,115,4,Week 8,Vital Signs,1,2025-11-01
TF-201-115-019,115,4,Week 8,PASI Score,1,2025-10-22
TF-201-115-019,115,4,Week 8,Laboratory,1,2025-10-24
TF-201-115-019,115,4,Week 8,Adverse Events,1,2025-10-26
TF-201-115-019,115,5,Week 12,Vital Signs,1,2025-11-23
TF-201-115-019,115,5,Week 12,PASI Score,1,2025-11-25
TF-201-115-019,115,5,Week 12,Adverse Events,1,2025-11-28
TF-201-115-019,115,6,Week 16 EOT,Vital Signs,1,2025-12-16
TF-201-115-019,115,6,Week 16 EOT,PASI Score,1,2025-12-21
TF-201-115-019,115,6,Week 16 EOT,Laboratory,1,2025-12-17
TF-201-115-019,115,6,Week 16 EOT,Adverse Events,1,2025-12-18
TF-201-115-019,115,6,Week 16 EOT,End of Treatment,1,2025-12-27
TF-201-115-020,115,1,Screening,Demographics,1,2025-11-20
TF-201-115-020,115,1,Screening,Inclusion/Exclusion,1,2025-11-20
TF-201-115-020,115,1,Screening,Medical History,1,2025-11-22
TF-201-115-020,115,1,Screening,Informed Consent,1,2025-11-22
TF-201-115-020,115,1,Screening,Laboratory,1,2025-11-26
TF-201-115-020,115,2,Baseline,Vital Signs,1,2025-12-19
TF-201-115-020,115,2,Baseline,PASI Score,1,2025-12-25
TF-201-115-020,115,2,Baseline,Laboratory,1,2025-12-20
TF-201-115-020,115,2,Baseline,Randomisation,1,2025-12-17
TF-201-115-020,115,3,Week 4,Vital Signs,1,2026-01-19
TF-201-115-020,115,3,Week 4,PASI Score,1,2026-01-22
TF-201-115-020,115,3,Week 4,Adverse Events,1,2026-01-28
TF-201-115-020,115,4,Week 8,Vital Signs,1,2026-02-14
TF-201-115-020,115,4,Week 8,PASI Score,1,2026-02-18
TF-201-115-020,115,4,Week 8,Laboratory,1,2026-02-21
TF-201-115-020,115,4,Week 8,Adverse Events,1,2026-02-18
TF-201-115-020,115,5,Week 12,Vital Signs,1,2026-03-16
TF-201-115-020,115,5,Week 12,PASI Score,1,2026-03-11
TF-201-115-020,115,5,Week 12,Adverse Events,1,2026-03-21
TF-201-115-020,115,6,Week 16 EOT,Vital Signs,1,2026-04-06
TF-201-115-020,115,6,Week 16 EOT,PASI Score,1,2026-04-05
TF-201-115-020,115,6,Week 16 EOT,Laboratory,1,2026-04-09
TF-201-115-020,115,6,Week 16 EOT,Adverse Events,1,2026-04-08
TF-201-115-020,115,6,Week 16 EOT,End of Treatment,1,2026-04-05
TF-201-115-021,115,1,Screening,Demographics,1,2025-11-01
TF-201-115-021,115,1,Screening,Inclusion/Exclusion,1,2025-10-27
TF-201-115-021,115,1,Screening,Medical History,1,2025-11-01
TF-201-115-021,115,1,Screening,Informed Consent,1,2025-10-28
TF-201-115-021,115,1,Screening,Laboratory,1,2025-10-27
TF-201-115-021,115,2,Baseline,Vital Signs,1,2025-11-21
TF-201-115-021,115,2,Baseline,PASI Score,1,2025-11-29
TF-201-115-021,115,2,Baseline,Laboratory,1,2025-11-25
TF-201-115-021,115,2,Baseline,Randomisation,1,2025-11-23
TF-201-115-021,115,3,Week 4,Vital Signs,1,2025-12-17
TF-201-115-021,115,3,Week 4,PASI Score,1,2025-12-19
TF-201-115-021,115,3,Week 4,Adverse Events,1,2025-12-16
TF-201-115-021,115,4,Week 8,Vital Signs,1,2026-01-21
TF-201-115-021,115,4,Week 8,PASI Score,1,2026-01-20
TF-201-115-021,115,4,Week 8,Laboratory,1,2026-01-22
TF-201-115-021,115,4,Week 8,Adverse Events,1,2026-01-21
TF-201-115-021,115,5,Week 12,Vital Signs,1,2026-02-26
TF-201-115-021,115,5,Week 12,PASI Score,1,2026-02-25
TF-201-115-021,115,5,Week 12,Adverse Events,1,2026-02-15
TF-201-115-021,115,6,Week 16 EOT,Vital Signs,1,2026-03-10
TF-201-115-021,115,6,Week 16 EOT,PASI Score,1,2026-03-14
TF-201-115-021,115,6,Week 16 EOT,Laboratory,1,2026-03-16
TF-201-115-021,115,6,Week 16 EOT,Adverse Events,1,2026-03-20
TF-201-115-021,115,6,Week 16 EOT,End of Treatment,1,2026-03-14
TF-201-116-001,116,1,Screening,Demographics,1,2026-01-31
TF-201-116-001,116,1,Screening,Inclusion/Exclusion,1,2026-02-01
TF-201-116-001,116,1,Screening,Medical History,1,2026-02-03
TF-201-116-001,116,1,Screening,Informed Consent,1,2026-02-05
TF-201-116-001,116,1,Screening,Laboratory,1,2026-02-05
TF-201-116-001,116,2,Baseline,Vital Signs,1,2026-02-24
TF-201-116-001,116,2,Baseline,PASI Score,1,2026-02-22
TF-201-116-001,116,2,Baseline,Laboratory,0,
TF-201-116-001,116,2,Baseline,Randomisation,1,2026-02-26
TF-201-116-001,116,3,Week 4,Vital Signs,1,2026-03-24
TF-201-116-001,116,3,Week 4,PASI Score,1,2026-03-30
TF-201-116-001,116,3,Week 4,Adverse Events,1,2026-03-24
TF-201-116-001,116,4,Week 8,Vital Signs,0,
TF-201-116-001,116,4,Week 8,PASI Score,1,2026-04-19
TF-201-116-001,116,4,Week 8,Laboratory,1,2026-04-20
TF-201-116-001,116,4,Week 8,Adverse Events,1,2026-04-19
TF-201-116-001,116,5,Week 12,Vital Signs,1,2026-06-02
TF-201-116-001,116,5,Week 12,PASI Score,1,2026-05-28
TF-201-116-001,116,5,Week 12,Adverse Events,1,2026-05-24
TF-201-116-001,116,6,Week 16 EOT,Vital Signs,1,2026-06-23
TF-201-116-001,116,6,Week 16 EOT,PASI Score,1,2026-06-21
TF-201-116-001,116,6,Week 16 EOT,Laboratory,1,2026-06-28
TF-201-116-001,116,6,Week 16 EOT,Adverse Events,1,2026-06-23
TF-201-116-001,116,6,Week 16 EOT,End of Treatment,1,2026-06-23
TF-201-116-002,116,1,Screening,Demographics,1,2025-09-13
TF-201-116-002,116,1,Screening,Inclusion/Exclusion,1,2025-09-11
TF-201-116-002,116,1,Screening,Medical History,1,2025-09-11
TF-201-116-002,116,1,Screening,Informed Consent,1,2025-09-08
TF-201-116-002,116,1,Screening,Laboratory,1,2025-09-07
TF-201-116-002,116,2,Baseline,Vital Signs,1,2025-10-17
TF-201-116-002,116,2,Baseline,PASI Score,1,2025-10-24
TF-201-116-002,116,2,Baseline,Laboratory,1,2025-10-17
TF-201-116-002,116,2,Baseline,Randomisation,1,2025-10-20
TF-201-116-002,116,3,Week 4,Vital Signs,1,2025-11-22
TF-201-116-002,116,3,Week 4,PASI Score,1,2025-11-18
TF-201-116-002,116,3,Week 4,Adverse Events,1,2025-11-17
TF-201-116-002,116,4,Week 8,Vital Signs,1,2025-12-14
TF-201-116-002,116,4,Week 8,PASI Score,1,2025-12-13
TF-201-116-002,116,4,Week 8,Laboratory,1,2025-12-18
TF-201-116-002,116,4,Week 8,Adverse Events,1,2025-12-18
TF-201-116-002,116,5,Week 12,Vital Signs,1,2026-01-07
TF-201-116-002,116,5,Week 12,PASI Score,1,2026-01-07
TF-201-116-002,116,5,Week 12,Adverse Events,1,2026-01-14
TF-201-116-002,116,6,Week 16 EOT,Vital Signs,1,2026-02-09
TF-201-116-002,116,6,Week 16 EOT,PASI Score,1,2026-02-15
TF-201-116-002,116,6,Week 16 EOT,Laboratory,1,2026-02-05
TF-201-116-002,116,6,Week 16 EOT,Adverse Events,1,2026-02-13
TF-201-116-002,116,6,Week 16 EOT,End of Treatment,1,2026-02-04
TF-201-116-003,116,1,Screening,Demographics,1,2025-08-06
TF-201-116-003,116,1,Screening,Inclusion/Exclusion,1,2025-07-28
TF-201-116-003,116,1,Screening,Medical History,1,2025-08-02
TF-201-116-003,116,1,Screening,Informed Consent,0,
TF-201-116-003,116,1,Screening,Laboratory,1,2025-08-04
TF-201-116-003,116,2,Baseline,Vital Signs,1,2025-08-31
TF-201-116-003,116,2,Baseline,PASI Score,1,2025-08-31
TF-201-116-003,116,2,Baseline,Laboratory,1,2025-08-28
TF-201-116-003,116,2,Baseline,Randomisation,1,2025-09-05
TF-201-116-003,116,3,Week 4,Vital Signs,1,2025-09-26
TF-201-116-003,116,3,Week 4,PASI Score,1,2025-09-23
TF-201-116-003,116,3,Week 4,Adverse Events,1,2025-09-24
TF-201-116-003,116,4,Week 8,Vital Signs,1,2025-10-22
TF-201-116-003,116,4,Week 8,PASI Score,1,2025-10-26
TF-201-116-003,116,4,Week 8,Laboratory,1,2025-10-28
TF-201-116-003,116,4,Week 8,Adverse Events,1,2025-11-02
TF-201-116-003,116,5,Week 12,Vital Signs,1,2025-11-20
TF-201-116-003,116,5,Week 12,PASI Score,1,2025-11-19
TF-201-116-003,116,5,Week 12,Adverse Events,1,2025-11-25
TF-201-116-003,116,6,Week 16 EOT,Vital Signs,1,2025-12-23
TF-201-116-003,116,6,Week 16 EOT,PASI Score,1,2025-12-25
TF-201-116-003,116,6,Week 16 EOT,Laboratory,1,2025-12-18
TF-201-116-003,116,6,Week 16 EOT,Adverse Events,1,2025-12-24
TF-201-116-003,116,6,Week 16 EOT,End of Treatment,1,2025-12-17
TF-201-116-004,116,1,Screening,Demographics,1,2025-04-25
TF-201-116-004,116,1,Screening,Inclusion/Exclusion,1,2025-05-02
TF-201-116-004,116,1,Screening,Medical History,1,2025-04-29
TF-201-116-004,116,1,Screening,Informed Consent,1,2025-05-04
TF-201-116-004,116,1,Screening,Laboratory,1,2025-04-28
TF-201-116-004,116,2,Baseline,Vital Signs,1,2025-05-23
TF-201-116-004,116,2,Baseline,PASI Score,1,2025-05-28
TF-201-116-004,116,2,Baseline,Laboratory,1,2025-05-28
TF-201-116-004,116,2,Baseline,Randomisation,1,2025-05-20
TF-201-116-004,116,3,Week 4,Vital Signs,1,2025-06-14
TF-201-116-004,116,3,Week 4,PASI Score,1,2025-06-21
TF-201-116-004,116,3,Week 4,Adverse Events,1,2025-06-16
TF-201-116-004,116,4,Week 8,Vital Signs,1,2025-07-14
TF-201-116-004,116,4,Week 8,PASI Score,1,2025-07-09
TF-201-116-004,116,4,Week 8,Laboratory,1,2025-07-17
TF-201-116-004,116,4,Week 8,Adverse Events,1,2025-07-09
TF-201-116-004,116,5,Week 12,Vital Signs,1,2025-08-14
TF-201-116-004,116,5,Week 12,PASI Score,1,2025-08-17
TF-201-116-004,116,5,Week 12,Adverse Events,1,2025-08-17
TF-201-116-004,116,6,Week 16 EOT,Vital Signs,1,2025-09-04
TF-201-116-004,116,6,Week 16 EOT,PASI Score,1,2025-09-05
TF-201-116-004,116,6,Week 16 EOT,Laboratory,1,2025-09-13
TF-201-116-004,116,6,Week 16 EOT,Adverse Events,1,2025-09-12
TF-201-116-004,116,6,Week 16 EOT,End of Treatment,1,2025-09-11
TF-201-116-005,116,1,Screening,Demographics,1,2026-07-05
TF-201-116-005,116,1,Screening,Inclusion/Exclusion,1,2026-07-11
TF-201-116-005,116,1,Screening,Medical History,1,2026-07-03
TF-201-116-005,116,1,Screening,Informed Consent,1,2026-07-04
TF-201-116-005,116,1,Screening,Laboratory,1,2026-07-05
TF-201-116-005,116,2,Baseline,Vital Signs,1,2026-08-08
TF-201-116-005,116,2,Baseline,PASI Score,1,2026-07-28
TF-201-116-005,116,2,Baseline,Laboratory,1,2026-08-03
TF-201-116-005,116,2,Baseline,Randomisation,1,2026-08-04
TF-201-116-005,116,3,Week 4,Vital Signs,1,2026-09-06
TF-201-116-005,116,3,Week 4,PASI Score,1,2026-09-04
TF-201-116-005,116,3,Week 4,Adverse Events,1,2026-09-04
TF-201-116-006,116,1,Screening,Demographics,1,2025-11-20
TF-201-116-006,116,1,Screening,Inclusion/Exclusion,1,2025-11-27
TF-201-116-006,116,1,Screening,Medical History,1,2025-11-20
TF-201-116-006,116,1,Screening,Informed Consent,1,2025-11-24
TF-201-116-006,116,1,Screening,Laboratory,1,2025-11-21
TF-201-116-006,116,2,Baseline,Vital Signs,1,2025-12-20
TF-201-116-006,116,2,Baseline,PASI Score,1,2025-12-14
TF-201-116-006,116,2,Baseline,Laboratory,1,2025-12-25
TF-201-116-006,116,2,Baseline,Randomisation,1,2025-12-19
TF-201-116-006,116,3,Week 4,Vital Signs,1,2026-01-14
TF-201-116-006,116,3,Week 4,PASI Score,1,2026-01-19
TF-201-116-006,116,3,Week 4,Adverse Events,1,2026-01-18
TF-201-116-006,116,4,Week 8,Vital Signs,1,2026-02-17
TF-201-116-006,116,4,Week 8,PASI Score,1,2026-02-16
TF-201-116-006,116,4,Week 8,Laboratory,1,2026-02-08
TF-201-116-006,116,4,Week 8,Adverse Events,1,2026-02-12
TF-201-116-006,116,5,Week 12,Vital Signs,1,2026-03-09
TF-201-116-006,116,5,Week 12,PASI Score,1,2026-03-17
TF-201-116-006,116,5,Week 12,Adverse Events,1,2026-03-17
TF-201-116-006,116,6,Week 16 EOT,Vital Signs,1,2026-04-06
TF-201-116-006,116,6,Week 16 EOT,PASI Score,1,2026-04-12
TF-201-116-006,116,6,Week 16 EOT,Laboratory,1,2026-04-16
TF-201-116-006,116,6,Week 16 EOT,Adverse Events,1,2026-04-08
TF-201-116-006,116,6,Week 16 EOT,End of Treatment,1,2026-04-15
TF-201-116-007,116,1,Screening,Demographics,1,2025-06-08
TF-201-116-007,116,1,Screening,Inclusion/Exclusion,1,2025-06-10
TF-201-116-007,116,1,Screening,Medical History,1,2025-05-31
TF-201-116-007,116,1,Screening,Informed Consent,1,2025-06-04
TF-201-116-007,116,1,Screening,Laboratory,1,2025-05-31
TF-201-116-007,116,2,Baseline,Vital Signs,1,2025-06-21
TF-201-116-007,116,2,Baseline,PASI Score,1,2025-06-18
TF-201-116-007,116,2,Baseline,Laboratory,1,2025-06-17
TF-201-116-007,116,2,Baseline,Randomisation,1,2025-06-16
TF-201-116-007,116,3,Week 4,Vital Signs,1,2025-07-17
TF-201-116-007,116,3,Week 4,PASI Score,1,2025-07-19
TF-201-116-007,116,3,Week 4,Adverse Events,1,2025-07-16
TF-201-116-007,116,4,Week 8,Vital Signs,1,2025-08-17
TF-201-116-007,116,4,Week 8,PASI Score,1,2025-08-17
TF-201-116-007,116,4,Week 8,Laboratory,1,2025-08-12
TF-201-116-007,116,4,Week 8,Adverse Events,1,2025-08-10
TF-201-116-007,116,5,Week 12,Vital Signs,1,2025-09-15
TF-201-116-007,116,5,Week 12,PASI Score,1,2025-09-10
TF-201-116-007,116,5,Week 12,Adverse Events,1,2025-09-13
TF-201-116-007,116,6,Week 16 EOT,Vital Signs,1,2025-10-22
TF-201-116-007,116,6,Week 16 EOT,PASI Score,1,2025-10-25
TF-201-116-007,116,6,Week 16 EOT,Laboratory,1,2025-10-25
TF-201-116-007,116,6,Week 16 EOT,Adverse Events,1,2025-10-24
TF-201-116-007,116,6,Week 16 EOT,End of Treatment,1,2025-10-14
TF-201-116-008,116,1,Screening,Demographics,1,2025-09-01
TF-201-116-008,116,1,Screening,Inclusion/Exclusion,1,2025-08-29
TF-201-116-008,116,1,Screening,Medical History,1,2025-09-04
TF-201-116-008,116,1,Screening,Informed Consent,1,2025-08-28
TF-201-116-008,116,1,Screening,Laboratory,1,2025-08-31
TF-201-116-008,116,2,Baseline,Vital Signs,1,2025-10-10
TF-201-116-008,116,2,Baseline,PASI Score,1,2025-10-14
TF-201-116-008,116,2,Baseline,Laboratory,1,2025-10-03
TF-201-116-008,116,2,Baseline,Randomisation,1,2025-10-03
TF-201-116-008,116,3,Week 4,Vital Signs,1,2025-10-29
TF-201-116-008,116,3,Week 4,PASI Score,1,2025-10-30
TF-201-116-008,116,3,Week 4,Adverse Events,1,2025-11-08
TF-201-116-008,116,4,Week 8,Vital Signs,1,2025-12-03
TF-201-116-008,116,4,Week 8,PASI Score,1,2025-11-30
TF-201-116-008,116,4,Week 8,Laboratory,1,2025-12-02
TF-201-116-008,116,4,Week 8,Adverse Events,1,2025-11-27
TF-201-116-008,116,5,Week 12,Vital Signs,1,2025-12-22
TF-201-116-008,116,5,Week 12,PASI Score,1,2025-12-23
TF-201-116-008,116,5,Week 12,Adverse Events,1,2025-12-21
TF-201-116-008,116,6,Week 16 EOT,Vital Signs,1,2026-01-29
TF-201-116-008,116,6,Week 16 EOT,PASI Score,1,2026-01-31
TF-201-116-008,116,6,Week 16 EOT,Laboratory,1,2026-02-04
TF-201-116-008,116,6,Week 16 EOT,Adverse Events,1,2026-01-29
TF-201-116-008,116,6,Week 16 EOT,End of Treatment,1,2026-01-30
TF-201-116-009,116,1,Screening,Demographics,1,2026-06-24
TF-201-116-009,116,1,Screening,Inclusion/Exclusion,1,2026-06-24
TF-201-116-009,116,1,Screening,Medical History,1,2026-06-24
TF-201-116-009,116,1,Screening,Informed Consent,1,2026-06-29
TF-201-116-009,116,1,Screening,Laboratory,1,2026-06-27
TF-201-116-009,116,2,Baseline,Vital Signs,1,2026-07-27
TF-201-116-009,116,2,Baseline,PASI Score,1,2026-07-17
TF-201-116-009,116,2,Baseline,Laboratory,1,2026-07-28
TF-201-116-009,116,2,Baseline,Randomisation,1,2026-07-17
TF-201-116-009,116,3,Week 4,Vital Signs,1,2026-08-23
TF-201-116-009,116,3,Week 4,PASI Score,1,2026-08-25
TF-201-116-009,116,3,Week 4,Adverse Events,1,2026-08-16
TF-201-116-010,116,1,Screening,Demographics,1,2025-10-16
TF-201-116-010,116,1,Screening,Inclusion/Exclusion,1,2025-10-16
TF-201-116-010,116,1,Screening,Medical History,1,2025-10-09
TF-201-116-010,116,1,Screening,Informed Consent,1,2025-10-14
TF-201-116-010,116,1,Screening,Laboratory,1,2025-10-19
TF-201-116-010,116,2,Baseline,Vital Signs,1,2025-11-23
TF-201-116-010,116,2,Baseline,PASI Score,1,2025-11-28
TF-201-116-010,116,2,Baseline,Laboratory,1,2025-11-19
TF-201-116-010,116,2,Baseline,Randomisation,1,2025-11-27
TF-201-116-010,116,3,Week 4,Vital Signs,1,2025-12-23
TF-201-116-010,116,3,Week 4,PASI Score,1,2025-12-15
TF-201-116-010,116,3,Week 4,Adverse Events,1,2025-12-22
TF-201-116-010,116,4,Week 8,Vital Signs,0,
TF-201-116-010,116,4,Week 8,PASI Score,1,2026-01-19
TF-201-116-010,116,4,Week 8,Laboratory,1,2026-01-17
TF-201-116-010,116,4,Week 8,Adverse Events,1,2026-01-22
TF-201-116-010,116,5,Week 12,Vital Signs,1,2026-02-16
TF-201-116-010,116,5,Week 12,PASI Score,1,2026-02-17
TF-201-116-010,116,5,Week 12,Adverse Events,1,2026-02-19
TF-201-116-010,116,6,Week 16 EOT,Vital Signs,1,2026-03-17
TF-201-116-010,116,6,Week 16 EOT,PASI Score,1,2026-03-18
TF-201-116-010,116,6,Week 16 EOT,Laboratory,1,2026-03-14
TF-201-116-010,116,6,Week 16 EOT,Adverse Events,1,2026-03-16
TF-201-116-010,116,6,Week 16 EOT,End of Treatment,1,2026-03-21
TF-201-116-011,116,1,Screening,Demographics,1,2026-02-19
TF-201-116-011,116,1,Screening,Inclusion/Exclusion,1,2026-02-18
TF-201-116-011,116,1,Screening,Medical History,1,2026-02-13
TF-201-116-011,116,1,Screening,Informed Consent,1,2026-02-18
TF-201-116-011,116,1,Screening,Laboratory,1,2026-02-12
TF-201-116-011,116,2,Baseline,Vital Signs,1,2026-03-31
TF-201-116-011,116,2,Baseline,PASI Score,1,2026-04-03
TF-201-116-011,116,2,Baseline,Laboratory,1,2026-03-24
TF-201-116-011,116,2,Baseline,Randomisation,1,2026-03-26
TF-201-116-011,116,3,Week 4,Vital Signs,1,2026-04-28
TF-201-116-011,116,3,Week 4,PASI Score,1,2026-05-02
TF-201-116-011,116,3,Week 4,Adverse Events,1,2026-04-30
TF-201-116-011,116,4,Week 8,Vital Signs,1,2026-05-26
TF-201-116-011,116,4,Week 8,PASI Score,1,2026-05-25
TF-201-116-011,116,4,Week 8,Laboratory,1,2026-05-30
TF-201-116-011,116,4,Week 8,Adverse Events,1,2026-05-25
TF-201-116-011,116,5,Week 12,Vital Signs,1,2026-07-01
TF-201-116-011,116,5,Week 12,PASI Score,1,2026-07-02
TF-201-116-011,116,5,Week 12,Adverse Events,1,2026-06-29
TF-201-116-011,116,6,Week 16 EOT,Vital Signs,1,2026-07-13
TF-201-116-011,116,6,Week 16 EOT,PASI Score,1,2026-07-17
TF-201-116-011,116,6,Week 16 EOT,Laboratory,1,2026-07-17
TF-201-116-011,116,6,Week 16 EOT,Adverse Events,1,2026-07-12
TF-201-116-011,116,6,Week 16 EOT,End of Treatment,1,2026-07-22
TF-201-116-012,116,1,Screening,Demographics,1,2026-04-10
TF-201-116-012,116,1,Screening,Inclusion/Exclusion,1,2026-04-12
TF-201-116-012,116,1,Screening,Medical History,0,
TF-201-116-012,116,1,Screening,Informed Consent,1,2026-04-16
TF-201-116-012,116,1,Screening,Laboratory,1,2026-04-11
TF-201-116-012,116,2,Baseline,Vital Signs,1,2026-05-24
TF-201-116-012,116,2,Baseline,PASI Score,1,2026-05-23
TF-201-116-012,116,2,Baseline,Laboratory,1,2026-05-20
TF-201-116-012,116,2,Baseline,Randomisation,1,2026-05-27
TF-201-116-012,116,3,Week 4,Vital Signs,1,2026-06-16
TF-201-116-012,116,3,Week 4,PASI Score,1,2026-06-18
TF-201-116-012,116,3,Week 4,Adverse Events,1,2026-06-17
TF-201-116-012,116,5,Week 12,Vital Signs,1,2026-08-18
TF-201-116-012,116,5,Week 12,PASI Score,1,2026-08-19
TF-201-116-012,116,5,Week 12,Adverse Events,1,2026-08-20
TF-201-116-012,116,6,Week 16 EOT,Vital Signs,1,2026-09-01
TF-201-116-012,116,6,Week 16 EOT,PASI Score,1,2026-09-09
TF-201-116-012,116,6,Week 16 EOT,Laboratory,1,2026-09-06
TF-201-116-012,116,6,Week 16 EOT,Adverse Events,1,2026-09-09
TF-201-116-012,116,6,Week 16 EOT,End of Treatment,1,2026-08-31
TF-201-116-013,116,1,Screening,Demographics,1,2026-04-04
TF-201-116-013,116,1,Screening,Inclusion/Exclusion,1,2026-04-11
TF-201-116-013,116,1,Screening,Medical History,1,2026-04-10
TF-201-116-013,116,1,Screening,Informed Consent,1,2026-04-11
TF-201-116-013,116,1,Screening,Laboratory,1,2026-04-12
TF-201-116-013,116,2,Baseline,Vital Signs,1,2026-05-16
TF-201-116-013,116,2,Baseline,PASI Score,1,2026-05-10
TF-201-116-013,116,2,Baseline,Laboratory,1,2026-05-19
TF-201-116-013,116,2,Baseline,Randomisation,1,2026-05-15
TF-201-116-013,116,3,Week 4,Vital Signs,1,2026-06-08
TF-201-116-013,116,3,Week 4,PASI Score,1,2026-06-09
TF-201-116-013,116,3,Week 4,Adverse Events,1,2026-06-08
TF-201-116-013,116,4,Week 8,Vital Signs,1,2026-07-07
TF-201-116-013,116,4,Week 8,PASI Score,1,2026-07-09
TF-201-116-013,116,4,Week 8,Laboratory,1,2026-07-06
TF-201-116-013,116,4,Week 8,Adverse Events,1,2026-07-04
TF-201-116-013,116,5,Week 12,Vital Signs,1,2026-08-07
TF-201-116-013,116,5,Week 12,PASI Score,1,2026-08-01
TF-201-116-013,116,5,Week 12,Adverse Events,1,2026-08-05
TF-201-116-013,116,6,Week 16 EOT,Vital Signs,1,2026-09-01
TF-201-116-013,116,6,Week 16 EOT,PASI Score,1,2026-09-04
TF-201-116-013,116,6,Week 16 EOT,Laboratory,1,2026-09-10
TF-201-116-013,116,6,Week 16 EOT,Adverse Events,0,
TF-201-116-013,116,6,Week 16 EOT,End of Treatment,1,2026-09-02
TF-201-116-014,116,1,Screening,Demographics,1,2025-12-18
TF-201-116-014,116,1,Screening,Inclusion/Exclusion,1,2025-12-17
TF-201-116-014,116,1,Screening,Medical History,1,2025-12-27
TF-201-116-014,116,1,Screening,Informed Consent,1,2025-12-27
TF-201-116-014,116,1,Screening,Laboratory,1,2025-12-22
TF-201-116-014,116,2,Baseline,Vital Signs,1,2026-01-09
TF-201-116-014,116,2,Baseline,PASI Score,1,2026-01-11
TF-201-116-014,116,2,Baseline,Laboratory,1,2026-01-15
TF-201-116-014,116,2,Baseline,Randomisation,1,2026-01-08
TF-201-116-014,116,3,Week 4,Vital Signs,1,2026-02-12
TF-201-116-014,116,3,Week 4,PASI Score,1,2026-02-16
TF-201-116-014,116,3,Week 4,Adverse Events,1,2026-02-14
TF-201-116-014,116,4,Week 8,Vital Signs,1,2026-03-11
TF-201-116-014,116,4,Week 8,PASI Score,1,2026-03-16
TF-201-116-014,116,4,Week 8,Laboratory,1,2026-03-14
TF-201-116-014,116,4,Week 8,Adverse Events,1,2026-03-07
TF-201-116-014,116,5,Week 12,Vital Signs,1,2026-04-18
TF-201-116-014,116,5,Week 12,PASI Score,1,2026-04-19
TF-201-116-014,116,5,Week 12,Adverse Events,1,2026-04-17
TF-201-116-014,116,6,Week 16 EOT,Vital Signs,1,2026-05-08
TF-201-116-014,116,6,Week 16 EOT,PASI Score,1,2026-05-06
TF-201-116-014,116,6,Week 16 EOT,Laboratory,1,2026-05-13
TF-201-116-014,116,6,Week 16 EOT,Adverse Events,1,2026-05-15
TF-201-116-014,116,6,Week 16 EOT,End of Treatment,1,2026-05-06
TF-201-116-015,116,1,Screening,Demographics,1,2025-09-14
TF-201-116-015,116,1,Screening,Inclusion/Exclusion,1,2025-09-21
TF-201-116-015,116,1,Screening,Medical History,1,2025-09-19
TF-201-116-015,116,1,Screening,Informed Consent,1,2025-09-17
TF-201-116-015,116,1,Screening,Laboratory,1,2025-09-14
TF-201-116-015,116,2,Baseline,Vital Signs,1,2025-10-15
TF-201-116-015,116,2,Baseline,PASI Score,1,2025-10-15
TF-201-116-015,116,2,Baseline,Laboratory,1,2025-10-13
TF-201-116-015,116,2,Baseline,Randomisation,1,2025-10-08
TF-201-116-015,116,3,Week 4,Vital Signs,1,2025-11-05
TF-201-116-015,116,3,Week 4,PASI Score,1,2025-11-07
TF-201-116-015,116,3,Week 4,Adverse Events,1,2025-11-07
TF-201-116-015,116,4,Week 8,Vital Signs,1,2025-12-03
TF-201-116-015,116,4,Week 8,PASI Score,1,2025-12-02
TF-201-116-015,116,4,Week 8,Laboratory,1,2025-12-09
TF-201-116-015,116,4,Week 8,Adverse Events,1,2025-12-01
TF-201-116-015,116,5,Week 12,Vital Signs,1,2026-01-08
TF-201-116-015,116,5,Week 12,PASI Score,1,2026-01-04
TF-201-116-015,116,5,Week 12,Adverse Events,1,2026-01-04
TF-201-116-015,116,6,Week 16 EOT,Vital Signs,1,2026-01-30
TF-201-116-015,116,6,Week 16 EOT,PASI Score,1,2026-02-04
TF-201-116-015,116,6,Week 16 EOT,Laboratory,1,2026-01-30
TF-201-116-015,116,6,Week 16 EOT,Adverse Events,1,2026-02-07
TF-201-116-015,116,6,Week 16 EOT,End of Treatment,1,2026-01-28
TF-201-116-016,116,1,Screening,Demographics,1,2026-05-05
TF-201-116-016,116,1,Screening,Inclusion/Exclusion,1,2026-05-10
TF-201-116-016,116,1,Screening,Medical History,1,2026-05-04
TF-201-116-016,116,1,Screening,Informed Consent,1,2026-05-07
TF-201-116-016,116,1,Screening,Laboratory,1,2026-05-05
TF-201-116-016,116,2,Baseline,Vital Signs,1,2026-06-08
TF-201-116-016,116,2,Baseline,PASI Score,1,2026-06-05
TF-201-116-016,116,2,Baseline,Laboratory,1,2026-06-03
TF-201-116-016,116,2,Baseline,Randomisation,1,2026-06-05
TF-201-116-016,116,3,Week 4,Vital Signs,1,2026-07-02
TF-201-116-016,116,3,Week 4,PASI Score,1,2026-07-01
TF-201-116-016,116,3,Week 4,Adverse Events,1,2026-07-06
TF-201-116-016,116,4,Week 8,Vital Signs,1,2026-07-23
TF-201-116-016,116,4,Week 8,PASI Score,1,2026-08-02
TF-201-116-016,116,4,Week 8,Laboratory,1,2026-07-30
TF-201-116-016,116,4,Week 8,Adverse Events,1,2026-07-27
TF-201-116-016,116,5,Week 12,Vital Signs,1,2026-08-24
TF-201-116-016,116,5,Week 12,PASI Score,1,2026-08-22
TF-201-116-016,116,5,Week 12,Adverse Events,1,2026-08-21
TF-201-116-017,116,1,Screening,Demographics,1,2025-05-15
TF-201-116-017,116,1,Screening,Inclusion/Exclusion,1,2025-05-20
TF-201-116-017,116,1,Screening,Medical History,1,2025-05-22
TF-201-116-017,116,1,Screening,Informed Consent,1,2025-05-18
TF-201-116-017,116,1,Screening,Laboratory,1,2025-05-22
TF-201-116-017,116,2,Baseline,Vital Signs,1,2025-06-11
TF-201-116-017,116,2,Baseline,PASI Score,1,2025-06-12
TF-201-116-017,116,2,Baseline,Laboratory,1,2025-06-17
TF-201-116-017,116,2,Baseline,Randomisation,1,2025-06-11
TF-201-116-017,116,3,Week 4,Vital Signs,1,2025-07-16
TF-201-116-017,116,3,Week 4,PASI Score,1,2025-07-13
TF-201-116-017,116,3,Week 4,Adverse Events,1,2025-07-10
TF-201-116-017,116,4,Week 8,Vital Signs,1,2025-08-04
TF-201-116-017,116,4,Week 8,PASI Score,1,2025-08-08
TF-201-116-017,116,4,Week 8,Laboratory,1,2025-08-09
TF-201-116-017,116,4,Week 8,Adverse Events,1,2025-08-07
TF-201-116-017,116,5,Week 12,Vital Signs,1,2025-09-01
TF-201-116-017,116,5,Week 12,PASI Score,1,2025-09-10
TF-201-116-017,116,5,Week 12,Adverse Events,1,2025-08-31
TF-201-116-017,116,6,Week 16 EOT,Vital Signs,1,2025-10-01
TF-201-116-017,116,6,Week 16 EOT,PASI Score,1,2025-10-05
TF-201-116-017,116,6,Week 16 EOT,Laboratory,1,2025-09-30
TF-201-116-017,116,6,Week 16 EOT,Adverse Events,1,2025-10-04
TF-201-116-017,116,6,Week 16 EOT,End of Treatment,1,2025-10-02
TF-201-116-018,116,1,Screening,Demographics,1,2025-08-20
TF-201-116-018,116,1,Screening,Inclusion/Exclusion,1,2025-08-23
TF-201-116-018,116,1,Screening,Medical History,1,2025-08-15
TF-201-116-018,116,1,Screening,Informed Consent,1,2025-08-19
TF-201-116-018,116,1,Screening,Laboratory,1,2025-08-24
TF-201-116-018,116,2,Baseline,Vital Signs,1,2025-09-21
TF-201-116-018,116,2,Baseline,PASI Score,1,2025-09-23
TF-201-116-018,116,2,Baseline,Laboratory,1,2025-09-20
TF-201-116-018,116,2,Baseline,Randomisation,1,2025-09-16
TF-201-116-018,116,3,Week 4,Vital Signs,1,2025-10-18
TF-201-116-018,116,3,Week 4,PASI Score,1,2025-10-20
TF-201-116-018,116,3,Week 4,Adverse Events,1,2025-10-18
TF-201-116-018,116,4,Week 8,Vital Signs,1,2025-11-23
TF-201-116-018,116,4,Week 8,PASI Score,1,2025-11-18
TF-201-116-018,116,4,Week 8,Laboratory,1,2025-11-16
TF-201-116-018,116,4,Week 8,Adverse Events,1,2025-11-22
TF-201-116-018,116,5,Week 12,Vital Signs,1,2025-12-13
TF-201-116-018,116,5,Week 12,PASI Score,1,2025-12-07
TF-201-116-018,116,5,Week 12,Adverse Events,1,2025-12-09
TF-201-116-018,116,6,Week 16 EOT,Vital Signs,1,2026-01-09
TF-201-116-018,116,6,Week 16 EOT,PASI Score,1,2026-01-12
TF-201-116-018,116,6,Week 16 EOT,Laboratory,1,2026-01-19
TF-201-116-018,116,6,Week 16 EOT,Adverse Events,1,2026-01-09
TF-201-116-018,116,6,Week 16 EOT,End of Treatment,0,
TF-201-116-019,116,1,Screening,Demographics,1,2025-06-07
TF-201-116-019,116,1,Screening,Inclusion/Exclusion,1,2025-06-15
TF-201-116-019,116,1,Screening,Medical History,1,2025-06-14
TF-201-116-019,116,1,Screening,Informed Consent,1,2025-06-10
TF-201-116-019,116,1,Screening,Laboratory,1,2025-06-16
TF-201-116-019,116,2,Baseline,Vital Signs,1,2025-07-12
TF-201-116-019,116,2,Baseline,PASI Score,1,2025-07-21
TF-201-116-019,116,2,Baseline,Laboratory,1,2025-07-17
TF-201-116-019,116,2,Baseline,Randomisation,1,2025-07-17
TF-201-116-019,116,3,Week 4,Vital Signs,1,2025-08-14
TF-201-116-019,116,3,Week 4,PASI Score,1,2025-08-18
TF-201-116-019,116,3,Week 4,Adverse Events,1,2025-08-12
TF-201-116-019,116,5,Week 12,Vital Signs,1,2025-10-05
TF-201-116-019,116,5,Week 12,PASI Score,1,2025-10-11
TF-201-116-019,116,5,Week 12,Adverse Events,1,2025-10-06
TF-201-116-019,116,6,Week 16 EOT,Vital Signs,1,2025-11-11
TF-201-116-019,116,6,Week 16 EOT,PASI Score,1,2025-11-11
TF-201-116-019,116,6,Week 16 EOT,Laboratory,1,2025-11-11
TF-201-116-019,116,6,Week 16 EOT,Adverse Events,1,2025-11-05
TF-201-116-019,116,6,Week 16 EOT,End of Treatment,1,2025-11-01
TF-201-116-020,116,1,Screening,Demographics,1,2026-03-17
TF-201-116-020,116,1,Screening,Inclusion/Exclusion,1,2026-03-17
TF-201-116-020,116,1,Screening,Medical History,1,2026-03-21
TF-201-116-020,116,1,Screening,Informed Consent,1,2026-03-18
TF-201-116-020,116,1,Screening,Laboratory,0,
TF-201-116-020,116,2,Baseline,Vital Signs,1,2026-04-18
TF-201-116-020,116,2,Baseline,PASI Score,1,2026-04-21
TF-201-116-020,116,2,Baseline,Laboratory,1,2026-04-17
TF-201-116-020,116,2,Baseline,Randomisation,1,2026-04-25
TF-201-116-020,116,3,Week 4,Vital Signs,1,2026-05-18
TF-201-116-020,116,3,Week 4,PASI Score,1,2026-05-12
TF-201-116-020,116,3,Week 4,Adverse Events,1,2026-05-15
TF-201-116-020,116,4,Week 8,Vital Signs,1,2026-06-08
TF-201-116-020,116,4,Week 8,PASI Score,1,2026-06-14
TF-201-116-020,116,4,Week 8,Laboratory,1,2026-06-09
TF-201-116-020,116,4,Week 8,Adverse Events,1,2026-06-11
TF-201-116-020,116,5,Week 12,Vital Signs,1,2026-07-12
TF-201-116-020,116,5,Week 12,PASI Score,1,2026-07-13
TF-201-116-020,116,5,Week 12,Adverse Events,1,2026-07-18
TF-201-116-020,116,6,Week 16 EOT,Vital Signs,1,2026-07-30
TF-201-116-020,116,6,Week 16 EOT,PASI Score,1,2026-07-27
TF-201-116-020,116,6,Week 16 EOT,Laboratory,1,2026-08-02
TF-201-116-020,116,6,Week 16 EOT,Adverse Events,1,2026-08-02
TF-201-116-020,116,6,Week 16 EOT,End of Treatment,1,2026-08-03
TF-201-116-021,116,1,Screening,Demographics,1,2025-12-23
TF-201-116-021,116,1,Screening,Inclusion/Exclusion,1,2025-12-31
TF-201-116-021,116,1,Screening,Medical History,1,2025-12-23
TF-201-116-021,116,1,Screening,Informed Consent,1,2026-01-01
TF-201-116-021,116,1,Screening,Laboratory,1,2025-12-27
TF-201-116-021,116,2,Baseline,Vital Signs,1,2026-01-25
TF-201-116-021,116,2,Baseline,PASI Score,1,2026-01-25
TF-201-116-021,116,2,Baseline,Laboratory,1,2026-01-25
TF-201-116-021,116,2,Baseline,Randomisation,1,2026-01-23
TF-201-116-021,116,3,Week 4,Vital Signs,1,2026-02-25
TF-201-116-021,116,3,Week 4,PASI Score,1,2026-02-24
TF-201-116-021,116,3,Week 4,Adverse Events,1,2026-02-19
TF-201-116-021,116,4,Week 8,Vital Signs,1,2026-03-22
TF-201-116-021,116,4,Week 8,PASI Score,1,2026-03-21
TF-201-116-021,116,4,Week 8,Laboratory,1,2026-03-21
TF-201-116-021,116,4,Week 8,Adverse Events,1,2026-03-19
TF-201-116-021,116,5,Week 12,Vital Signs,1,2026-04-14
TF-201-116-021,116,5,Week 12,PASI Score,1,2026-04-24
TF-201-116-021,116,5,Week 12,Adverse Events,1,2026-04-24
TF-201-116-021,116,6,Week 16 EOT,Vital Signs,1,2026-05-17
TF-201-116-021,116,6,Week 16 EOT,PASI Score,1,2026-05-13
TF-201-116-021,116,6,Week 16 EOT,Laboratory,1,2026-05-10
TF-201-116-021,116,6,Week 16 EOT,Adverse Events,1,2026-05-16
TF-201-116-021,116,6,Week 16 EOT,End of Treatment,1,2026-05-13
TF-201-116-022,116,1,Screening,Demographics,0,
TF-201-116-022,116,1,Screening,Inclusion/Exclusion,1,2025-05-02
TF-201-116-022,116,1,Screening,Medical History,1,2025-05-01
TF-201-116-022,116,1,Screening,Informed Consent,1,2025-05-04
TF-201-116-022,116,1,Screening,Laboratory,1,2025-05-09
TF-201-116-022,116,2,Baseline,Vital Signs,1,2025-06-04
TF-201-116-022,116,2,Baseline,PASI Score,1,2025-06-03
TF-201-116-022,116,2,Baseline,Laboratory,1,2025-06-02
TF-201-116-022,116,2,Baseline,Randomisation,1,2025-06-02
TF-201-116-022,116,3,Week 4,Vital Signs,1,2025-07-05
TF-201-116-022,116,3,Week 4,PASI Score,1,2025-07-01
TF-201-116-022,116,3,Week 4,Adverse Events,1,2025-07-12
TF-201-116-022,116,4,Week 8,Vital Signs,1,2025-07-31
TF-201-116-022,116,4,Week 8,PASI Score,1,2025-08-08
TF-201-116-022,116,4,Week 8,Laboratory,1,2025-08-03
TF-201-116-022,116,4,Week 8,Adverse Events,1,2025-08-08
TF-201-116-022,116,5,Week 12,Vital Signs,1,2025-08-26
TF-201-116-022,116,5,Week 12,PASI Score,1,2025-08-31
TF-201-116-022,116,5,Week 12,Adverse Events,1,2025-09-03
TF-201-116-022,116,6,Week 16 EOT,Vital Signs,1,2025-09-22
TF-201-116-022,116,6,Week 16 EOT,PASI Score,1,2025-10-02
TF-201-116-022,116,6,Week 16 EOT,Laboratory,1,2025-09-23
TF-201-116-022,116,6,Week 16 EOT,Adverse Events,1,2025-09-22
TF-201-116-022,116,6,Week 16 EOT,End of Treatment,1,2025-09-23
TF-201-116-023,116,1,Screening,Demographics,1,2025-06-27
TF-201-116-023,116,1,Screening,Inclusion/Exclusion,1,2025-06-26
TF-201-116-023,116,1,Screening,Medical History,1,2025-06-26
TF-201-116-023,116,1,Screening,Informed Consent,1,2025-07-05
TF-201-116-023,116,1,Screening,Laboratory,1,2025-06-30
TF-201-116-023,116,2,Baseline,Vital Signs,1,2025-08-15
TF-201-116-023,116,2,Baseline,PASI Score,1,2025-08-15
TF-201-116-023,116,2,Baseline,Laboratory,1,2025-08-10
TF-201-116-023,116,2,Baseline,Randomisation,1,2025-08-13
TF-201-116-023,116,3,Week 4,Vital Signs,1,2025-09-13
TF-201-116-023,116,3,Week 4,PASI Score,1,2025-09-12
TF-201-116-023,116,3,Week 4,Adverse Events,1,2025-09-17
TF-201-116-023,116,5,Week 12,Vital Signs,0,
TF-201-116-023,116,5,Week 12,PASI Score,1,2025-11-06
TF-201-116-023,116,5,Week 12,Adverse Events,1,2025-11-11
TF-201-116-023,116,6,Week 16 EOT,Vital Signs,1,2025-12-07
TF-201-116-023,116,6,Week 16 EOT,PASI Score,1,2025-12-08
TF-201-116-023,116,6,Week 16 EOT,Laboratory,1,2025-12-09
TF-201-116-023,116,6,Week 16 EOT,Adverse Events,1,2025-12-08
TF-201-116-023,116,6,Week 16 EOT,End of Treatment,1,2025-12-05
TF-201-116-024,116,1,Screening,Demographics,1,2025-04-01
TF-201-116-024,116,1,Screening,Inclusion/Exclusion,1,2025-03-26
TF-201-116-024,116,1,Screening,Medical History,0,
TF-201-116-024,116,1,Screening,Informed Consent,1,2025-03-30
TF-201-116-024,116,1,Screening,Laboratory,1,2025-03-27
TF-201-116-024,116,2,Baseline,Vital Signs,1,2025-05-03
TF-201-116-024,116,2,Baseline,PASI Score,1,2025-05-02
TF-201-116-024,116,2,Baseline,Laboratory,1,2025-04-28
TF-201-116-024,116,2,Baseline,Randomisation,1,2025-04-24
TF-201-116-024,116,3,Week 4,Vital Signs,1,2025-05-19
TF-201-116-024,116,3,Week 4,PASI Score,1,2025-05-23
TF-201-116-024,116,3,Week 4,Adverse Events,1,2025-05-19
TF-201-116-024,116,4,Week 8,Vital Signs,1,2025-06-19
TF-201-116-024,116,4,Week 8,PASI Score,1,2025-06-20
TF-201-116-024,116,4,Week 8,Laboratory,1,2025-06-23
TF-201-116-024,116,4,Week 8,Adverse Events,1,2025-06-22
TF-201-116-024,116,5,Week 12,Vital Signs,1,2025-07-18
TF-201-116-024,116,5,Week 12,PASI Score,1,2025-07-15
TF-201-116-024,116,5,Week 12,Adverse Events,1,2025-07-21
TF-201-116-024,116,6,Week 16 EOT,Vital Signs,1,2025-08-16
TF-201-116-024,116,6,Week 16 EOT,PASI Score,1,2025-08-22
TF-201-116-024,116,6,Week 16 EOT,Laboratory,1,2025-08-20
TF-201-116-024,116,6,Week 16 EOT,Adverse Events,1,2025-08-19
TF-201-116-024,116,6,Week 16 EOT,End of Treatment,1,2025-08-19
TF-201-116-025,116,1,Screening,Demographics,1,2026-04-02
TF-201-116-025,116,1,Screening,Inclusion/Exclusion,1,2026-04-01
TF-201-116-025,116,1,Screening,Medical History,1,2026-04-02
TF-201-116-025,116,1,Screening,Informed Consent,1,2026-03-24
TF-201-116-025,116,1,Screening,Laboratory,1,2026-03-29
TF-201-116-025,116,2,Baseline,Vital Signs,1,2026-05-03
TF-201-116-025,116,2,Baseline,PASI Score,1,2026-05-03
TF-201-116-025,116,2,Baseline,Laboratory,1,2026-05-10
TF-201-116-025,116,2,Baseline,Randomisation,1,2026-05-01
TF-201-116-025,116,3,Week 4,Vital Signs,1,2026-05-28
TF-201-116-025,116,3,Week 4,PASI Score,1,2026-05-27
TF-201-116-025,116,3,Week 4,Adverse Events,1,2026-06-06
TF-201-116-025,116,4,Week 8,Vital Signs,1,2026-06-28
TF-201-116-025,116,4,Week 8,PASI Score,1,2026-07-04
TF-201-116-025,116,4,Week 8,Laboratory,1,2026-07-01
TF-201-116-025,116,4,Week 8,Adverse Events,1,2026-06-27
TF-201-116-025,116,5,Week 12,Vital Signs,1,2026-08-06
TF-201-116-025,116,5,Week 12,PASI Score,1,2026-08-05
TF-201-116-025,116,5,Week 12,Adverse Events,1,2026-08-03
TF-201-116-025,116,6,Week 16 EOT,Vital Signs,1,2026-08-29
TF-201-116-025,116,6,Week 16 EOT,PASI Score,1,2026-08-28
TF-201-116-025,116,6,Week 16 EOT,Laboratory,1,2026-08-23
TF-201-116-025,116,6,Week 16 EOT,Adverse Events,1,2026-08-18
TF-201-116-025,116,6,Week 16 EOT,End of Treatment,1,2026-08-19
TF-201-116-026,116,1,Screening,Demographics,1,2025-10-09
TF-201-116-026,116,1,Screening,Inclusion/Exclusion,1,2025-10-10
TF-201-116-026,116,1,Screening,Medical History,1,2025-10-09
TF-201-116-026,116,1,Screening,Informed Consent,1,2025-10-19
TF-201-116-026,116,1,Screening,Laboratory,1,2025-10-18
TF-201-116-026,116,2,Baseline,Vital Signs,1,2025-11-28
TF-201-116-026,116,2,Baseline,PASI Score,1,2025-11-27
TF-201-116-026,116,2,Baseline,Laboratory,1,2025-11-18
TF-201-116-026,116,2,Baseline,Randomisation,1,2025-11-17
TF-201-116-026,116,3,Week 4,Vital Signs,1,2025-12-21
TF-201-116-026,116,3,Week 4,PASI Score,1,2025-12-27
TF-201-116-026,116,3,Week 4,Adverse Events,1,2025-12-21
TF-201-116-026,116,4,Week 8,Vital Signs,1,2026-01-18
TF-201-116-026,116,4,Week 8,PASI Score,1,2026-01-17
TF-201-116-026,116,4,Week 8,Laboratory,1,2026-01-10
TF-201-116-026,116,4,Week 8,Adverse Events,1,2026-01-16
TF-201-116-026,116,5,Week 12,Vital Signs,1,2026-02-12
TF-201-116-026,116,5,Week 12,PASI Score,1,2026-02-13
TF-201-116-026,116,5,Week 12,Adverse Events,1,2026-02-12
TF-201-116-026,116,6,Week 16 EOT,Vital Signs,1,2026-03-17
TF-201-116-026,116,6,Week 16 EOT,PASI Score,1,2026-03-21
TF-201-116-026,116,6,Week 16 EOT,Laboratory,1,2026-03-20
TF-201-116-026,116,6,Week 16 EOT,Adverse Events,1,2026-03-22
TF-201-116-026,116,6,Week 16 EOT,End of Treatment,1,2026-03-16
TF-201-116-027,116,1,Screening,Demographics,1,2025-10-12
TF-201-116-027,116,1,Screening,Inclusion/Exclusion,1,2025-10-14
TF-201-116-027,116,1,Screening,Medical History,1,2025-10-11
TF-201-116-027,116,1,Screening,Informed Consent,1,2025-10-10
TF-201-116-027,116,1,Screening,Laboratory,1,2025-10-11
TF-201-116-027,116,2,Baseline,Vital Signs,1,2025-11-18
TF-201-116-027,116,2,Baseline,PASI Score,1,2025-11-08
TF-201-116-027,116,2,Baseline,Laboratory,1,2025-11-11
TF-201-116-027,116,2,Baseline,Randomisation,1,2025-11-10
TF-201-116-027,116,3,Week 4,Vital Signs,1,2025-12-16
TF-201-116-027,116,3,Week 4,PASI Score,1,2025-12-14
TF-201-116-027,116,3,Week 4,Adverse Events,1,2025-12-10
TF-201-116-027,116,4,Week 8,Vital Signs,1,2026-01-10
TF-201-116-027,116,4,Week 8,PASI Score,1,2026-01-07
TF-201-116-027,116,4,Week 8,Laboratory,1,2026-01-05
TF-201-116-027,116,4,Week 8,Adverse Events,1,2026-01-05
TF-201-116-027,116,5,Week 12,Vital Signs,1,2026-02-05
TF-201-116-027,116,5,Week 12,PASI Score,1,2026-01-28
TF-201-116-027,116,5,Week 12,Adverse Events,1,2026-02-01
TF-201-116-027,116,6,Week 16 EOT,Vital Signs,1,2026-02-27
TF-201-116-027,116,6,Week 16 EOT,PASI Score,1,2026-03-05
TF-201-116-027,116,6,Week 16 EOT,Laboratory,1,2026-03-07
TF-201-116-027,116,6,Week 16 EOT,Adverse Events,1,2026-02-25
TF-201-116-027,116,6,Week 16 EOT,End of Treatment,1,2026-02-24
TF-201-116-028,116,1,Screening,Demographics,1,2026-01-08
TF-201-116-028,116,1,Screening,Inclusion/Exclusion,1,2026-01-09
TF-201-116-028,116,1,Screening,Medical History,1,2026-01-09
TF-201-116-028,116,1,Screening,Informed Consent,1,2026-01-07
TF-201-116-028,116,1,Screening,Laboratory,1,2026-01-04
TF-201-116-028,116,2,Baseline,Vital Signs,1,2026-01-28
TF-201-116-028,116,2,Baseline,PASI Score,1,2026-01-30
TF-201-116-028,116,2,Baseline,Laboratory,1,2026-02-04
TF-201-116-028,116,2,Baseline,Randomisation,1,2026-02-01
TF-201-116-028,116,3,Week 4,Vital Signs,1,2026-03-04
TF-201-116-028,116,3,Week 4,PASI Score,1,2026-03-03
TF-201-116-028,116,3,Week 4,Adverse Events,1,2026-02-28
TF-201-116-028,116,4,Week 8,Vital Signs,1,2026-03-26
TF-201-116-028,116,4,Week 8,PASI Score,1,2026-03-26
TF-201-116-028,116,4,Week 8,Laboratory,1,2026-03-29
TF-201-116-028,116,4,Week 8,Adverse Events,1,2026-03-19
TF-201-116-028,116,5,Week 12,Vital Signs,1,2026-04-21
TF-201-116-028,116,5,Week 12,PASI Score,1,2026-04-21
TF-201-116-028,116,5,Week 12,Adverse Events,1,2026-04-22
TF-201-116-028,116,6,Week 16 EOT,Vital Signs,1,2026-05-12
TF-201-116-028,116,6,Week 16 EOT,PASI Score,1,2026-05-16
TF-201-116-028,116,6,Week 16 EOT,Laboratory,1,2026-05-15
TF-201-116-028,116,6,Week 16 EOT,Adverse Events,1,2026-05-19
TF-201-116-028,116,6,Week 16 EOT,End of Treatment,1,2026-05-19
TF-201-117-001,117,1,Screening,Demographics,1,2026-02-11
TF-201-117-001,117,1,Screening,Inclusion/Exclusion,0,
TF-201-117-001,117,1,Screening,Medical History,1,2026-02-09
TF-201-117-001,117,1,Screening,Informed Consent,1,2026-02-19
TF-201-117-001,117,1,Screening,Laboratory,1,2026-02-19
TF-201-117-001,117,2,Baseline,Vital Signs,1,2026-03-24
TF-201-117-001,117,2,Baseline,PASI Score,1,2026-03-19
TF-201-117-001,117,2,Baseline,Laboratory,1,2026-03-27
TF-201-117-001,117,2,Baseline,Randomisation,1,2026-03-18
TF-201-117-001,117,3,Week 4,Vital Signs,1,2026-04-15
TF-201-117-001,117,3,Week 4,PASI Score,1,2026-04-12
TF-201-117-001,117,3,Week 4,Adverse Events,1,2026-04-20
TF-201-117-001,117,4,Week 8,Vital Signs,1,2026-05-18
TF-201-117-001,117,4,Week 8,PASI Score,1,2026-05-17
TF-201-117-001,117,4,Week 8,Laboratory,1,2026-05-20
TF-201-117-001,117,4,Week 8,Adverse Events,1,2026-05-19
TF-201-117-001,117,5,Week 12,Vital Signs,1,2026-06-05
TF-201-117-001,117,5,Week 12,PASI Score,1,2026-06-10
TF-201-117-001,117,5,Week 12,Adverse Events,1,2026-06-15
TF-201-117-001,117,6,Week 16 EOT,Vital Signs,1,2026-07-08
TF-201-117-001,117,6,Week 16 EOT,PASI Score,1,2026-07-13
TF-201-117-001,117,6,Week 16 EOT,Laboratory,1,2026-07-06
TF-201-117-001,117,6,Week 16 EOT,Adverse Events,1,2026-07-03
TF-201-117-001,117,6,Week 16 EOT,End of Treatment,1,2026-07-03
TF-201-117-002,117,1,Screening,Demographics,1,2025-12-21
TF-201-117-002,117,1,Screening,Inclusion/Exclusion,0,
TF-201-117-002,117,1,Screening,Medical History,1,2025-12-14
TF-201-117-002,117,1,Screening,Informed Consent,1,2025-12-21
TF-201-117-002,117,1,Screening,Laboratory,1,2025-12-14
TF-201-117-002,117,2,Baseline,Vital Signs,1,2026-01-02
TF-201-117-002,117,2,Baseline,PASI Score,1,2026-01-03
TF-201-117-002,117,2,Baseline,Laboratory,1,2026-01-02
TF-201-117-002,117,2,Baseline,Randomisation,1,2026-01-02
TF-201-117-002,117,3,Week 4,Vital Signs,1,2026-01-26
TF-201-117-002,117,3,Week 4,PASI Score,1,2026-02-06
TF-201-117-002,117,3,Week 4,Adverse Events,1,2026-02-01
TF-201-117-002,117,4,Week 8,Vital Signs,1,2026-02-27
TF-201-117-002,117,4,Week 8,PASI Score,1,2026-03-06
TF-201-117-002,117,4,Week 8,Laboratory,1,2026-03-04
TF-201-117-002,117,4,Week 8,Adverse Events,1,2026-03-08
TF-201-117-002,117,5,Week 12,Vital Signs,1,2026-03-26
TF-201-117-002,117,5,Week 12,PASI Score,1,2026-04-03
TF-201-117-002,117,5,Week 12,Adverse Events,1,2026-04-06
TF-201-117-002,117,6,Week 16 EOT,Vital Signs,1,2026-05-06
TF-201-117-002,117,6,Week 16 EOT,PASI Score,1,2026-04-27
TF-201-117-002,117,6,Week 16 EOT,Laboratory,1,2026-04-27
TF-201-117-002,117,6,Week 16 EOT,Adverse Events,1,2026-05-05
TF-201-117-002,117,6,Week 16 EOT,End of Treatment,1,2026-05-02
TF-201-117-003,117,1,Screening,Demographics,1,2026-03-02
TF-201-117-003,117,1,Screening,Inclusion/Exclusion,1,2026-03-10
TF-201-117-003,117,1,Screening,Medical History,1,2026-03-03
TF-201-117-003,117,1,Screening,Informed Consent,1,2026-03-07
TF-201-117-003,117,1,Screening,Laboratory,1,2026-03-01
TF-201-117-003,117,2,Baseline,Vital Signs,1,2026-04-10
TF-201-117-003,117,2,Baseline,PASI Score,1,2026-04-04
TF-201-117-003,117,2,Baseline,Laboratory,1,2026-03-31
TF-201-117-003,117,2,Baseline,Randomisation,1,2026-03-31
TF-201-117-003,117,3,Week 4,Vital Signs,1,2026-05-06
TF-201-117-003,117,3,Week 4,PASI Score,1,2026-05-04
TF-201-117-003,117,3,Week 4,Adverse Events,1,2026-05-04
TF-201-117-003,117,4,Week 8,Vital Signs,1,2026-05-24
TF-201-117-003,117,4,Week 8,PASI Score,1,2026-05-30
TF-201-117-003,117,4,Week 8,Laboratory,1,2026-06-03
TF-201-117-003,117,4,Week 8,Adverse Events,1,2026-06-02
TF-201-117-003,117,5,Week 12,Vital Signs,0,
TF-201-117-003,117,5,Week 12,PASI Score,1,2026-06-20
TF-201-117-003,117,5,Week 12,Adverse Events,1,2026-06-30
TF-201-117-003,117,6,Week 16 EOT,Vital Signs,1,2026-08-03
TF-201-117-003,117,6,Week 16 EOT,PASI Score,1,2026-08-03
TF-201-117-003,117,6,Week 16 EOT,Laboratory,1,2026-08-02
TF-201-117-003,117,6,Week 16 EOT,Adverse Events,1,2026-07-26
TF-201-117-003,117,6,Week 16 EOT,End of Treatment,1,2026-08-01
TF-201-117-004,117,1,Screening,Demographics,1,2025-12-21
TF-201-117-004,117,1,Screening,Inclusion/Exclusion,1,2025-12-24
TF-201-117-004,117,1,Screening,Medical History,1,2025-12-20
TF-201-117-004,117,1,Screening,Informed Consent,1,2025-12-23
TF-201-117-004,117,1,Screening,Laboratory,1,2025-12-28
TF-201-117-004,117,2,Baseline,Vital Signs,1,2026-01-10
TF-201-117-004,117,2,Baseline,PASI Score,1,2026-01-20
TF-201-117-004,117,2,Baseline,Laboratory,1,2026-01-21
TF-201-117-004,117,2,Baseline,Randomisation,1,2026-01-14
TF-201-117-004,117,3,Week 4,Vital Signs,1,2026-02-07
TF-201-117-004,117,3,Week 4,PASI Score,1,2026-02-06
TF-201-117-004,117,3,Week 4,Adverse Events,1,2026-02-07
TF-201-117-004,117,4,Week 8,Vital Signs,1,2026-03-10
TF-201-117-004,117,4,Week 8,PASI Score,1,2026-03-17
TF-201-117-004,117,4,Week 8,Laboratory,1,2026-03-18
TF-201-117-004,117,4,Week 8,Adverse Events,1,2026-03-13
TF-201-117-004,117,5,Week 12,Vital Signs,1,2026-04-06
TF-201-117-004,117,5,Week 12,PASI Score,1,2026-04-02
TF-201-117-004,117,5,Week 12,Adverse Events,1,2026-04-12
TF-201-117-004,117,6,Week 16 EOT,Vital Signs,1,2026-05-07
TF-201-117-004,117,6,Week 16 EOT,PASI Score,1,2026-05-09
TF-201-117-004,117,6,Week 16 EOT,Laboratory,1,2026-05-08
TF-201-117-004,117,6,Week 16 EOT,Adverse Events,1,2026-05-10
TF-201-117-004,117,6,Week 16 EOT,End of Treatment,1,2026-05-09
TF-201-117-005,117,1,Screening,Demographics,1,2026-07-14
TF-201-117-005,117,1,Screening,Inclusion/Exclusion,1,2026-07-11
TF-201-117-005,117,1,Screening,Medical History,1,2026-07-10
TF-201-117-005,117,1,Screening,Informed Consent,1,2026-07-16
TF-201-117-005,117,1,Screening,Laboratory,1,2026-07-16
TF-201-117-005,117,2,Baseline,Vital Signs,1,2026-08-12
TF-201-117-005,117,2,Baseline,PASI Score,1,2026-08-10
TF-201-117-005,117,2,Baseline,Laboratory,1,2026-08-08
TF-201-117-005,117,2,Baseline,Randomisation,1,2026-08-09
TF-201-117-005,117,3,Week 4,Vital Signs,1,2026-09-07
TF-201-117-005,117,3,Week 4,PASI Score,1,2026-09-14
TF-201-117-005,117,3,Week 4,Adverse Events,1,2026-09-17
TF-201-117-006,117,1,Screening,Demographics,1,2025-09-27
TF-201-117-006,117,1,Screening,Inclusion/Exclusion,1,2025-10-07
TF-201-117-006,117,1,Screening,Medical History,1,2025-10-03
TF-201-117-006,117,1,Screening,Informed Consent,1,2025-10-05
TF-201-117-006,117,1,Screening,Laboratory,1,2025-10-01
TF-201-117-006,117,2,Baseline,Vital Signs,1,2025-11-12
TF-201-117-006,117,2,Baseline,PASI Score,1,2025-11-01
TF-201-117-006,117,2,Baseline,Laboratory,1,2025-11-01
TF-201-117-006,117,2,Baseline,Randomisation,1,2025-11-01
TF-201-117-006,117,3,Week 4,Vital Signs,1,2025-12-08
TF-201-117-006,117,3,Week 4,PASI Score,1,2025-12-05
TF-201-117-006,117,3,Week 4,Adverse Events,1,2025-12-05
TF-201-117-006,117,4,Week 8,Vital Signs,1,2026-01-01
TF-201-117-006,117,4,Week 8,PASI Score,1,2025-12-29
TF-201-117-006,117,4,Week 8,Laboratory,1,2025-12-29
TF-201-117-006,117,4,Week 8,Adverse Events,1,2026-01-07
TF-201-117-006,117,5,Week 12,Vital Signs,1,2026-02-08
TF-201-117-006,117,5,Week 12,PASI Score,1,2026-01-31
TF-201-117-006,117,5,Week 12,Adverse Events,1,2026-01-31
TF-201-117-006,117,6,Week 16 EOT,Vital Signs,1,2026-02-26
TF-201-117-006,117,6,Week 16 EOT,PASI Score,1,2026-02-24
TF-201-117-006,117,6,Week 16 EOT,Laboratory,1,2026-02-26
TF-201-117-006,117,6,Week 16 EOT,Adverse Events,1,2026-02-19
TF-201-117-006,117,6,Week 16 EOT,End of Treatment,1,2026-02-27
TF-201-117-007,117,1,Screening,Demographics,1,2026-01-07
TF-201-117-007,117,1,Screening,Inclusion/Exclusion,1,2026-01-08
TF-201-117-007,117,1,Screening,Medical History,1,2026-01-11
TF-201-117-007,117,1,Screening,Informed Consent,1,2026-01-13
TF-201-117-007,117,1,Screening,Laboratory,1,2026-01-13
TF-201-117-007,117,2,Baseline,Vital Signs,1,2026-01-29
TF-201-117-007,117,2,Baseline,PASI Score,1,2026-01-26
TF-201-117-007,117,2,Baseline,Laboratory,1,2026-01-31
TF-201-117-007,117,2,Baseline,Randomisation,1,2026-02-03
TF-201-117-007,117,3,Week 4,Vital Signs,1,2026-02-25
TF-201-117-007,117,3,Week 4,PASI Score,1,2026-03-01
TF-201-117-007,117,3,Week 4,Adverse Events,1,2026-02-27
TF-201-117-007,117,4,Week 8,Vital Signs,1,2026-03-25
TF-201-117-007,117,4,Week 8,PASI Score,1,2026-03-30
TF-201-117-007,117,4,Week 8,Laboratory,1,2026-03-29
TF-201-117-007,117,4,Week 8,Adverse Events,0,
TF-201-117-007,117,5,Week 12,Vital Signs,1,2026-04-25
TF-201-117-007,117,5,Week 12,PASI Score,1,2026-04-22
TF-201-117-007,117,5,Week 12,Adverse Events,1,2026-04-18
TF-201-117-007,117,6,Week 16 EOT,Vital Signs,1,2026-05-23
TF-201-117-007,117,6,Week 16 EOT,PASI Score,1,2026-05-27
TF-201-117-007,117,6,Week 16 EOT,Laboratory,1,2026-05-29
TF-201-117-007,117,6,Week 16 EOT,Adverse Events,1,2026-05-24
TF-201-117-007,117,6,Week 16 EOT,End of Treatment,1,2026-05-25
TF-201-117-008,117,1,Screening,Demographics,1,2025-09-24
TF-201-117-008,117,1,Screening,Inclusion/Exclusion,1,2025-09-20
TF-201-117-008,117,1,Screening,Medical History,1,2025-09-18
TF-201-117-008,117,1,Screening,Informed Consent,1,2025-09-21
TF-201-117-008,117,1,Screening,Laboratory,1,2025-09-17
TF-201-117-008,117,2,Baseline,Vital Signs,1,2025-10-17
TF-201-117-008,117,2,Baseline,PASI Score,1,2025-10-22
TF-201-117-008,117,2,Baseline,Laboratory,1,2025-10-12
TF-201-117-008,117,2,Baseline,Randomisation,1,2025-10-19
TF-201-117-008,117,3,Week 4,Vital Signs,1,2025-11-08
TF-201-117-008,117,3,Week 4,PASI Score,1,2025-11-14
TF-201-117-008,117,3,Week 4,Adverse Events,1,2025-11-17
TF-201-117-008,117,4,Week 8,Vital Signs,1,2025-12-07
TF-201-117-008,117,4,Week 8,PASI Score,1,2025-12-08
TF-201-117-008,117,4,Week 8,Laboratory,1,2025-12-13
TF-201-117-008,117,4,Week 8,Adverse Events,1,2025-12-06
TF-201-117-008,117,5,Week 12,Vital Signs,1,2026-01-10
TF-201-117-008,117,5,Week 12,PASI Score,1,2026-01-11
TF-201-117-008,117,5,Week 12,Adverse Events,1,2026-01-13
TF-201-117-008,117,6,Week 16 EOT,Vital Signs,1,2026-02-03
TF-201-117-008,117,6,Week 16 EOT,PASI Score,1,2026-01-29
TF-201-117-008,117,6,Week 16 EOT,Laboratory,1,2026-02-08
TF-201-117-008,117,6,Week 16 EOT,Adverse Events,1,2026-02-06
TF-201-117-008,117,6,Week 16 EOT,End of Treatment,1,2026-02-07
TF-201-117-009,117,1,Screening,Demographics,1,2025-08-31
TF-201-117-009,117,1,Screening,Inclusion/Exclusion,1,2025-08-30
TF-201-117-009,117,1,Screening,Medical History,1,2025-08-28
TF-201-117-009,117,1,Screening,Informed Consent,1,2025-08-31
TF-201-117-009,117,1,Screening,Laboratory,1,2025-08-22
TF-201-117-009,117,2,Baseline,Vital Signs,1,2025-10-01
TF-201-117-009,117,2,Baseline,PASI Score,1,2025-10-11
TF-201-117-009,117,2,Baseline,Laboratory,1,2025-10-10
TF-201-117-009,117,2,Baseline,Randomisation,1,2025-10-01
TF-201-117-009,117,3,Week 4,Vital Signs,1,2025-11-02
TF-201-117-009,117,3,Week 4,PASI Score,1,2025-11-02
TF-201-117-009,117,3,Week 4,Adverse Events,1,2025-11-02
TF-201-117-009,117,4,Week 8,Vital Signs,1,2025-12-01
TF-201-117-009,117,4,Week 8,PASI Score,1,2025-11-30
TF-201-117-009,117,4,Week 8,Laboratory,1,2025-11-29
TF-201-117-009,117,4,Week 8,Adverse Events,1,2025-12-04
TF-201-117-009,117,5,Week 12,Vital Signs,1,2026-01-01
TF-201-117-009,117,5,Week 12,PASI Score,1,2025-12-31
TF-201-117-009,117,5,Week 12,Adverse Events,1,2025-12-31
TF-201-117-009,117,6,Week 16 EOT,Vital Signs,1,2026-01-20
TF-201-117-009,117,6,Week 16 EOT,PASI Score,1,2026-01-22
TF-201-117-009,117,6,Week 16 EOT,Laboratory,1,2026-01-29
TF-201-117-009,117,6,Week 16 EOT,Adverse Events,1,2026-01-27
TF-201-117-009,117,6,Week 16 EOT,End of Treatment,1,2026-01-30
TF-201-117-010,117,1,Screening,Demographics,1,2025-09-07
TF-201-117-010,117,1,Screening,Inclusion/Exclusion,1,2025-09-12
TF-201-117-010,117,1,Screening,Medical History,1,2025-09-08
TF-201-117-010,117,1,Screening,Informed Consent,1,2025-09-11
TF-201-117-010,117,1,Screening,Laboratory,0,
TF-201-117-010,117,2,Baseline,Vital Signs,1,2025-10-05
TF-201-117-010,117,2,Baseline,PASI Score,1,2025-09-27
TF-201-117-010,117,2,Baseline,Laboratory,1,2025-10-04
TF-201-117-010,117,2,Baseline,Randomisation,1,2025-09-27
TF-201-117-010,117,3,Week 4,Vital Signs,1,2025-10-31
TF-201-117-010,117,3,Week 4,PASI Score,1,2025-10-27
TF-201-117-010,117,3,Week 4,Adverse Events,1,2025-10-30
TF-201-117-010,117,4,Week 8,Vital Signs,1,2025-11-25
TF-201-117-010,117,4,Week 8,PASI Score,1,2025-11-27
TF-201-117-010,117,4,Week 8,Laboratory,1,2025-11-23
TF-201-117-010,117,4,Week 8,Adverse Events,1,2025-11-27
TF-201-117-010,117,5,Week 12,Vital Signs,1,2025-12-17
TF-201-117-010,117,5,Week 12,PASI Score,1,2025-12-22
TF-201-117-010,117,5,Week 12,Adverse Events,1,2025-12-13
TF-201-117-010,117,6,Week 16 EOT,Vital Signs,1,2026-01-18
TF-201-117-010,117,6,Week 16 EOT,PASI Score,1,2026-01-23
TF-201-117-010,117,6,Week 16 EOT,Laboratory,1,2026-01-20
TF-201-117-010,117,6,Week 16 EOT,Adverse Events,1,2026-01-20
TF-201-117-010,117,6,Week 16 EOT,End of Treatment,1,2026-01-14
TF-201-117-011,117,1,Screening,Demographics,1,2026-07-31
TF-201-117-011,117,1,Screening,Inclusion/Exclusion,1,2026-07-30
TF-201-117-011,117,1,Screening,Medical History,1,2026-07-28
TF-201-117-011,117,1,Screening,Informed Consent,1,2026-07-31
TF-201-117-011,117,1,Screening,Laboratory,1,2026-07-30
TF-201-117-011,117,2,Baseline,Vital Signs,1,2026-08-29
TF-201-117-011,117,2,Baseline,PASI Score,1,2026-08-30
TF-201-117-011,117,2,Baseline,Laboratory,1,2026-08-19
TF-201-117-011,117,2,Baseline,Randomisation,1,2026-08-26
TF-201-117-012,117,1,Screening,Demographics,1,2026-03-30
TF-201-117-012,117,1,Screening,Inclusion/Exclusion,1,2026-03-31
TF-201-117-012,117,1,Screening,Medical History,1,2026-03-23
TF-201-117-012,117,1,Screening,Informed Consent,1,2026-03-23
TF-201-117-012,117,1,Screening,Laboratory,1,2026-03-29
TF-201-117-012,117,2,Baseline,Vital Signs,1,2026-05-03
TF-201-117-012,117,2,Baseline,PASI Score,1,2026-05-09
TF-201-117-012,117,2,Baseline,Laboratory,1,2026-05-02
TF-201-117-012,117,2,Baseline,Randomisation,1,2026-05-06
TF-201-117-012,117,3,Week 4,Vital Signs,1,2026-06-03
TF-201-117-012,117,3,Week 4,PASI Score,1,2026-06-01
TF-201-117-012,117,3,Week 4,Adverse Events,1,2026-05-26
TF-201-117-012,117,4,Week 8,Vital Signs,1,2026-07-09
TF-201-117-012,117,4,Week 8,PASI Score,1,2026-07-02
TF-201-117-012,117,4,Week 8,Laboratory,1,2026-07-08
TF-201-117-012,117,4,Week 8,Adverse Events,1,2026-06-29
TF-201-117-012,117,5,Week 12,Vital Signs,1,2026-07-28
TF-201-117-012,117,5,Week 12,PASI Score,1,2026-07-28
TF-201-117-012,117,5,Week 12,Adverse Events,1,2026-07-26
TF-201-117-012,117,6,Week 16 EOT,Vital Signs,1,2026-09-01
TF-201-117-012,117,6,Week 16 EOT,PASI Score,1,2026-08-28
TF-201-117-012,117,6,Week 16 EOT,Laboratory,1,2026-09-06
TF-201-117-012,117,6,Week 16 EOT,Adverse Events,0,
TF-201-117-012,117,6,Week 16 EOT,End of Treatment,1,2026-08-29
TF-201-117-013,117,1,Screening,Demographics,1,2026-01-08
TF-201-117-013,117,1,Screening,Inclusion/Exclusion,1,2026-01-07
TF-201-117-013,117,1,Screening,Medical History,1,2026-01-10
TF-201-117-013,117,1,Screening,Informed Consent,1,2025-12-31
TF-201-117-013,117,1,Screening,Laboratory,1,2026-01-09
TF-201-117-013,117,2,Baseline,Vital Signs,1,2026-02-06
TF-201-117-013,117,2,Baseline,PASI Score,1,2026-02-06
TF-201-117-013,117,2,Baseline,Laboratory,1,2026-02-03
TF-201-117-013,117,2,Baseline,Randomisation,1,2026-02-12
TF-201-117-013,117,3,Week 4,Vital Signs,1,2026-03-05
TF-201-117-013,117,3,Week 4,PASI Score,1,2026-03-07
TF-201-117-013,117,3,Week 4,Adverse Events,1,2026-03-08
TF-201-117-013,117,4,Week 8,Vital Signs,1,2026-03-28
TF-201-117-013,117,4,Week 8,PASI Score,1,2026-04-01
TF-201-117-013,117,4,Week 8,Laboratory,1,2026-03-28
TF-201-117-013,117,4,Week 8,Adverse Events,1,2026-03-31
TF-201-117-013,117,5,Week 12,Vital Signs,1,2026-05-04
TF-201-117-013,117,5,Week 12,PASI Score,1,2026-05-07
TF-201-117-013,117,5,Week 12,Adverse Events,1,2026-05-09
TF-201-117-013,117,6,Week 16 EOT,Vital Signs,1,2026-06-04
TF-201-117-013,117,6,Week 16 EOT,PASI Score,1,2026-05-30
TF-201-117-013,117,6,Week 16 EOT,Laboratory,1,2026-05-24
TF-201-117-013,117,6,Week 16 EOT,Adverse Events,1,2026-05-24
TF-201-117-013,117,6,Week 16 EOT,End of Treatment,1,2026-05-27
TF-201-117-014,117,1,Screening,Demographics,1,2026-06-06
TF-201-117-014,117,1,Screening,Inclusion/Exclusion,1,2026-05-30
TF-201-117-014,117,1,Screening,Medical History,1,2026-06-03
TF-201-117-014,117,1,Screening,Informed Consent,1,2026-06-10
TF-201-117-014,117,1,Screening,Laboratory,1,2026-06-01
TF-201-117-014,117,2,Baseline,Vital Signs,1,2026-07-06
TF-201-117-014,117,2,Baseline,PASI Score,1,2026-07-13
TF-201-117-014,117,2,Baseline,Laboratory,1,2026-07-05
TF-201-117-014,117,2,Baseline,Randomisation,1,2026-07-05
TF-201-117-014,117,3,Week 4,Vital Signs,1,2026-08-08
TF-201-117-014,117,3,Week 4,PASI Score,1,2026-08-08
TF-201-117-014,117,3,Week 4,Adverse Events,1,2026-08-09
TF-201-117-014,117,4,Week 8,Vital Signs,1,2026-09-04
TF-201-117-014,117,4,Week 8,PASI Score,1,2026-09-02
TF-201-117-014,117,4,Week 8,Laboratory,1,2026-08-31
TF-201-117-014,117,4,Week 8,Adverse Events,1,2026-09-04
TF-201-117-015,117,1,Screening,Demographics,1,2026-01-13
TF-201-117-015,117,1,Screening,Inclusion/Exclusion,1,2026-01-18
TF-201-117-015,117,1,Screening,Medical History,1,2026-01-16
TF-201-117-015,117,1,Screening,Informed Consent,1,2026-01-16
TF-201-117-015,117,1,Screening,Laboratory,1,2026-01-18
TF-201-117-015,117,2,Baseline,Vital Signs,1,2026-02-15
TF-201-117-015,117,2,Baseline,PASI Score,1,2026-02-10
TF-201-117-015,117,2,Baseline,Laboratory,1,2026-02-17
TF-201-117-015,117,2,Baseline,Randomisation,1,2026-02-12
TF-201-117-015,117,3,Week 4,Vital Signs,1,2026-03-14
TF-201-117-015,117,3,Week 4,PASI Score,1,2026-03-10
TF-201-117-015,117,3,Week 4,Adverse Events,1,2026-03-10
TF-201-117-015,117,4,Week 8,Vital Signs,1,2026-04-07
TF-201-117-015,117,4,Week 8,PASI Score,1,2026-04-13
TF-201-117-015,117,4,Week 8,Laboratory,1,2026-04-08
TF-201-117-015,117,4,Week 8,Adverse Events,1,2026-04-03
TF-201-117-015,117,5,Week 12,Vital Signs,1,2026-05-05
TF-201-117-015,117,5,Week 12,PASI Score,1,2026-04-26
TF-201-117-015,117,5,Week 12,Adverse Events,1,2026-05-02
TF-201-117-015,117,6,Week 16 EOT,Vital Signs,1,2026-06-03
TF-201-117-015,117,6,Week 16 EOT,PASI Score,1,2026-06-02
TF-201-117-015,117,6,Week 16 EOT,Laboratory,0,
TF-201-117-015,117,6,Week 16 EOT,Adverse Events,0,
TF-201-117-015,117,6,Week 16 EOT,End of Treatment,1,2026-06-05
TF-201-117-016,117,1,Screening,Demographics,1,2026-05-23
TF-201-117-016,117,1,Screening,Inclusion/Exclusion,1,2026-05-27
TF-201-117-016,117,1,Screening,Medical History,1,2026-05-30
TF-201-117-016,117,1,Screening,Informed Consent,1,2026-05-27
TF-201-117-016,117,1,Screening,Laboratory,1,2026-05-23
TF-201-117-016,117,2,Baseline,Vital Signs,1,2026-06-13
TF-201-117-016,117,2,Baseline,PASI Score,1,2026-06-16
TF-201-117-016,117,2,Baseline,Laboratory,1,2026-06-17
TF-201-117-016,117,2,Baseline,Randomisation,1,2026-06-10
TF-201-117-016,117,3,Week 4,Vital Signs,1,2026-07-11
TF-201-117-016,117,3,Week 4,PASI Score,1,2026-07-19
TF-201-117-016,117,3,Week 4,Adverse Events,1,2026-07-19
TF-201-117-016,117,4,Week 8,Vital Signs,1,2026-08-06
TF-201-117-016,117,4,Week 8,PASI Score,1,2026-08-06
TF-201-117-016,117,4,Week 8,Laboratory,1,2026-08-16
TF-201-117-016,117,4,Week 8,Adverse Events,1,2026-08-12
TF-201-117-016,117,5,Week 12,Vital Signs,1,2026-09-04
TF-201-117-016,117,5,Week 12,PASI Score,1,2026-09-11
TF-201-117-016,117,5,Week 12,Adverse Events,1,2026-09-13
TF-201-117-017,117,1,Screening,Demographics,1,2026-04-18
TF-201-117-017,117,1,Screening,Inclusion/Exclusion,1,2026-04-13
TF-201-117-017,117,1,Screening,Medical History,1,2026-04-14
TF-201-117-017,117,1,Screening,Informed Consent,1,2026-04-21
TF-201-117-017,117,1,Screening,Laboratory,1,2026-04-21
TF-201-117-017,117,2,Baseline,Vital Signs,1,2026-05-28
TF-201-117-017,117,2,Baseline,PASI Score,1,2026-05-23
TF-201-117-017,117,2,Baseline,Laboratory,1,2026-05-22
TF-201-117-017,117,2,Baseline,Randomisation,1,2026-05-24
TF-201-117-017,117,3,Week 4,Vital Signs,1,2026-06-25
TF-201-117-017,117,3,Week 4,PASI Score,1,2026-06-20
TF-201-117-017,117,3,Week 4,Adverse Events,1,2026-06-18
TF-201-117-017,117,4,Week 8,Vital Signs,1,2026-07-26
TF-201-117-017,117,4,Week 8,PASI Score,1,2026-07-17
TF-201-117-017,117,4,Week 8,Laboratory,1,2026-07-26
TF-201-117-017,117,4,Week 8,Adverse Events,1,2026-07-18
TF-201-117-017,117,5,Week 12,Vital Signs,1,2026-08-27
TF-201-117-017,117,5,Week 12,PASI Score,1,2026-08-24
TF-201-117-017,117,5,Week 12,Adverse Events,1,2026-08-24
TF-201-118-001,118,1,Screening,Demographics,1,2026-06-12
TF-201-118-001,118,1,Screening,Inclusion/Exclusion,1,2026-06-05
TF-201-118-001,118,1,Screening,Medical History,1,2026-06-15
TF-201-118-001,118,1,Screening,Informed Consent,1,2026-06-11
TF-201-118-001,118,1,Screening,Laboratory,1,2026-06-04
TF-201-118-001,118,2,Baseline,Vital Signs,1,2026-07-05
TF-201-118-001,118,2,Baseline,PASI Score,1,2026-07-16
TF-201-118-001,118,2,Baseline,Laboratory,1,2026-07-07
TF-201-118-001,118,2,Baseline,Randomisation,1,2026-07-13
TF-201-118-001,118,3,Week 4,Vital Signs,1,2026-08-08
TF-201-118-001,118,3,Week 4,PASI Score,1,2026-08-10
TF-201-118-001,118,3,Week 4,Adverse Events,0,
TF-201-118-001,118,4,Week 8,Vital Signs,1,2026-09-02
TF-201-118-001,118,4,Week 8,PASI Score,1,2026-09-05
TF-201-118-001,118,4,Week 8,Laboratory,1,2026-09-09
TF-201-118-001,118,4,Week 8,Adverse Events,1,2026-09-03
TF-201-118-002,118,1,Screening,Demographics,1,2026-03-01
TF-201-118-002,118,1,Screening,Inclusion/Exclusion,1,2026-03-04
TF-201-118-002,118,1,Screening,Medical History,1,2026-02-26
TF-201-118-002,118,1,Screening,Informed Consent,1,2026-02-26
TF-201-118-002,118,1,Screening,Laboratory,1,2026-03-03
TF-201-118-002,118,2,Baseline,Vital Signs,1,2026-03-28
TF-201-118-002,118,2,Baseline,PASI Score,1,2026-03-30
TF-201-118-002,118,2,Baseline,Laboratory,1,2026-04-01
TF-201-118-002,118,2,Baseline,Randomisation,1,2026-03-29
TF-201-118-002,118,3,Week 4,Vital Signs,1,2026-04-26
TF-201-118-002,118,3,Week 4,PASI Score,1,2026-04-28
TF-201-118-002,118,3,Week 4,Adverse Events,1,2026-05-04
TF-201-118-002,118,4,Week 8,Vital Signs,1,2026-05-27
TF-201-118-002,118,4,Week 8,PASI Score,1,2026-06-03
TF-201-118-002,118,4,Week 8,Laboratory,1,2026-05-25
TF-201-118-002,118,4,Week 8,Adverse Events,1,2026-05-24
TF-201-118-002,118,5,Week 12,Vital Signs,1,2026-07-03
TF-201-118-002,118,5,Week 12,PASI Score,1,2026-07-03
TF-201-118-002,118,5,Week 12,Adverse Events,1,2026-07-03
TF-201-118-002,118,6,Week 16 EOT,Vital Signs,1,2026-07-26
TF-201-118-002,118,6,Week 16 EOT,PASI Score,1,2026-07-25
TF-201-118-002,118,6,Week 16 EOT,Laboratory,1,2026-08-01
TF-201-118-002,118,6,Week 16 EOT,Adverse Events,1,2026-07-26
TF-201-118-002,118,6,Week 16 EOT,End of Treatment,1,2026-07-30
TF-201-118-003,118,1,Screening,Demographics,1,2026-05-18
TF-201-118-003,118,1,Screening,Inclusion/Exclusion,1,2026-05-20
TF-201-118-003,118,1,Screening,Medical History,1,2026-05-23
TF-201-118-003,118,1,Screening,Informed Consent,1,2026-05-15
TF-201-118-003,118,1,Screening,Laboratory,1,2026-05-19
TF-201-118-003,118,2,Baseline,Vital Signs,1,2026-06-09
TF-201-118-003,118,2,Baseline,PASI Score,1,2026-06-11
TF-201-118-003,118,2,Baseline,Laboratory,1,2026-06-15
TF-201-118-003,118,2,Baseline,Randomisation,1,2026-06-14
TF-201-118-003,118,3,Week 4,Vital Signs,1,2026-07-16
TF-201-118-003,118,3,Week 4,PASI Score,1,2026-07-22
TF-201-118-003,118,3,Week 4,Adverse Events,1,2026-07-15
TF-201-118-003,118,4,Week 8,Vital Signs,1,2026-08-08
TF-201-118-003,118,4,Week 8,PASI Score,1,2026-08-04
TF-201-118-003,118,4,Week 8,Laboratory,1,2026-08-10
TF-201-118-003,118,4,Week 8,Adverse Events,1,2026-08-12
TF-201-118-003,118,5,Week 12,Vital Signs,1,2026-09-06
TF-201-118-003,118,5,Week 12,PASI Score,1,2026-09-10
TF-201-118-003,118,5,Week 12,Adverse Events,1,2026-09-06
TF-201-118-004,118,1,Screening,Demographics,1,2026-04-27
TF-201-118-004,118,1,Screening,Inclusion/Exclusion,1,2026-04-22
TF-201-118-004,118,1,Screening,Medical History,1,2026-04-27
TF-201-118-004,118,1,Screening,Informed Consent,1,2026-04-24
TF-201-118-004,118,1,Screening,Laboratory,1,2026-04-30
TF-201-118-004,118,2,Baseline,Vital Signs,1,2026-06-07
TF-201-118-004,118,2,Baseline,PASI Score,1,2026-06-06
TF-201-118-004,118,2,Baseline,Laboratory,1,2026-06-05
TF-201-118-004,118,2,Baseline,Randomisation,1,2026-06-03
TF-201-118-004,118,4,Week 8,Vital Signs,1,2026-07-31
TF-201-118-004,118,4,Week 8,PASI Score,1,2026-07-24
TF-201-118-004,118,4,Week 8,Laboratory,1,2026-08-02
TF-201-118-004,118,4,Week 8,Adverse Events,1,2026-07-26
TF-201-118-004,118,5,Week 12,Vital Signs,1,2026-08-19
TF-201-118-004,118,5,Week 12,PASI Score,1,2026-08-25
TF-201-118-004,118,5,Week 12,Adverse Events,1,2026-08-25
TF-201-118-005,118,1,Screening,Demographics,1,2026-06-01
TF-201-118-005,118,1,Screening,Inclusion/Exclusion,1,2026-05-31
TF-201-118-005,118,1,Screening,Medical History,0,
TF-201-118-005,118,1,Screening,Informed Consent,1,2026-06-01
TF-201-118-005,118,1,Screening,Laboratory,1,2026-05-30
TF-201-118-005,118,2,Baseline,Vital Signs,1,2026-06-19
TF-201-118-005,118,2,Baseline,PASI Score,1,2026-06-21
TF-201-118-005,118,2,Baseline,Laboratory,1,2026-06-11
TF-201-118-005,118,2,Baseline,Randomisation,1,2026-06-14
TF-201-118-005,118,3,Week 4,Vital Signs,1,2026-07-18
TF-201-118-005,118,3,Week 4,PASI Score,1,2026-07-11
TF-201-118-005,118,3,Week 4,Adverse Events,1,2026-07-20
TF-201-118-005,118,4,Week 8,Vital Signs,1,2026-08-09
TF-201-118-005,118,4,Week 8,PASI Score,1,2026-08-17
TF-201-118-005,118,4,Week 8,Laboratory,1,2026-08-17
TF-201-118-005,118,4,Week 8,Adverse Events,1,2026-08-09
TF-201-118-005,118,5,Week 12,Vital Signs,1,2026-09-05
TF-201-118-005,118,5,Week 12,PASI Score,1,2026-09-08
TF-201-118-005,118,5,Week 12,Adverse Events,1,2026-08-30
TF-201-118-006,118,1,Screening,Demographics,1,2026-08-02
TF-201-118-006,118,1,Screening,Inclusion/Exclusion,1,2026-08-10
TF-201-118-006,118,1,Screening,Medical History,1,2026-08-04
TF-201-118-006,118,1,Screening,Informed Consent,1,2026-08-08
TF-201-118-006,118,1,Screening,Laboratory,1,2026-07-30
TF-201-118-006,118,2,Baseline,Vital Signs,1,2026-09-02
TF-201-118-006,118,2,Baseline,PASI Score,1,2026-09-05
TF-201-118-006,118,2,Baseline,Laboratory,1,2026-09-02
TF-201-118-006,118,2,Baseline,Randomisation,1,2026-08-27
TF-201-118-007,118,1,Screening,Demographics,1,2026-07-08
TF-201-118-007,118,1,Screening,Inclusion/Exclusion,1,2026-07-13
TF-201-118-007,118,1,Screening,Medical History,1,2026-07-06
TF-201-118-007,118,1,Screening,Informed Consent,1,2026-07-08
TF-201-118-007,118,1,Screening,Laboratory,1,2026-07-11
TF-201-118-007,118,2,Baseline,Vital Signs,1,2026-08-24
TF-201-118-007,118,2,Baseline,PASI Score,1,2026-08-18
TF-201-118-007,118,2,Baseline,Laboratory,1,2026-08-19
TF-201-118-007,118,2,Baseline,Randomisation,1,2026-08-17
TF-201-118-008,118,1,Screening,Demographics,1,2026-06-16
TF-201-118-008,118,1,Screening,Inclusion/Exclusion,1,2026-06-22
TF-201-118-008,118,1,Screening,Medical History,1,2026-06-14
TF-201-118-008,118,1,Screening,Informed Consent,1,2026-06-19
TF-201-118-008,118,1,Screening,Laboratory,1,2026-06-12
TF-201-118-008,118,2,Baseline,Vital Signs,1,2026-07-17
TF-201-118-008,118,2,Baseline,PASI Score,1,2026-07-17
TF-201-118-008,118,2,Baseline,Laboratory,1,2026-07-23
TF-201-118-008,118,2,Baseline,Randomisation,1,2026-07-21
TF-201-118-008,118,3,Week 4,Vital Signs,1,2026-08-12
TF-201-118-008,118,3,Week 4,PASI Score,1,2026-08-14
TF-201-118-008,118,3,Week 4,Adverse Events,1,2026-08-22
TF-201-118-009,118,1,Screening,Demographics,1,2025-09-09
TF-201-118-009,118,1,Screening,Inclusion/Exclusion,1,2025-09-09
TF-201-118-009,118,1,Screening,Medical History,1,2025-09-02
TF-201-118-009,118,1,Screening,Informed Consent,1,2025-09-06
TF-201-118-009,118,1,Screening,Laboratory,1,2025-09-09
TF-201-118-009,118,2,Baseline,Vital Signs,1,2025-09-27
TF-201-118-009,118,2,Baseline,PASI Score,1,2025-09-26
TF-201-118-009,118,2,Baseline,Laboratory,1,2025-09-25
TF-201-118-009,118,2,Baseline,Randomisation,1,2025-09-26
TF-201-118-009,118,3,Week 4,Vital Signs,1,2025-10-27
TF-201-118-009,118,3,Week 4,PASI Score,1,2025-10-17
TF-201-118-009,118,3,Week 4,Adverse Events,1,2025-10-22
TF-201-118-009,118,4,Week 8,Vital Signs,1,2025-11-23
TF-201-118-009,118,4,Week 8,PASI Score,1,2025-11-21
TF-201-118-009,118,4,Week 8,Laboratory,1,2025-11-17
TF-201-118-009,118,4,Week 8,Adverse Events,1,2025-11-14
TF-201-118-009,118,5,Week 12,Vital Signs,1,2025-12-12
TF-201-118-009,118,5,Week 12,PASI Score,1,2025-12-17
TF-201-118-009,118,5,Week 12,Adverse Events,1,2025-12-19
TF-201-118-009,118,6,Week 16 EOT,Vital Signs,1,2026-01-12
TF-201-118-009,118,6,Week 16 EOT,PASI Score,1,2026-01-04
TF-201-118-009,118,6,Week 16 EOT,Laboratory,1,2026-01-10
TF-201-118-009,118,6,Week 16 EOT,Adverse Events,1,2026-01-06
TF-201-118-009,118,6,Week 16 EOT,End of Treatment,1,2026-01-03
TF-201-118-010,118,1,Screening,Demographics,1,2025-10-24
TF-201-118-010,118,1,Screening,Inclusion/Exclusion,1,2025-10-23
TF-201-118-010,118,1,Screening,Medical History,1,2025-10-23
TF-201-118-010,118,1,Screening,Informed Consent,1,2025-10-29
TF-201-118-010,118,1,Screening,Laboratory,1,2025-10-31
TF-201-118-010,118,2,Baseline,Vital Signs,1,2025-11-28
TF-201-118-010,118,2,Baseline,PASI Score,1,2025-11-25
TF-201-118-010,118,2,Baseline,Laboratory,1,2025-11-25
TF-201-118-010,118,2,Baseline,Randomisation,1,2025-11-25
TF-201-118-010,118,3,Week 4,Vital Signs,1,2025-12-28
TF-201-118-010,118,3,Week 4,PASI Score,1,2025-12-29
TF-201-118-010,118,3,Week 4,Adverse Events,1,2025-12-26
TF-201-118-010,118,4,Week 8,Vital Signs,1,2026-01-23
TF-201-118-010,118,4,Week 8,PASI Score,1,2026-01-23
TF-201-118-010,118,4,Week 8,Laboratory,1,2026-01-16
TF-201-118-010,118,4,Week 8,Adverse Events,1,2026-01-14
TF-201-118-010,118,5,Week 12,Vital Signs,1,2026-02-17
TF-201-118-010,118,5,Week 12,PASI Score,1,2026-02-12
TF-201-118-010,118,5,Week 12,Adverse Events,1,2026-02-11
TF-201-118-010,118,6,Week 16 EOT,Vital Signs,1,2026-03-08
TF-201-118-010,118,6,Week 16 EOT,PASI Score,1,2026-03-12
TF-201-118-010,118,6,Week 16 EOT,Laboratory,1,2026-03-15
TF-201-118-010,118,6,Week 16 EOT,Adverse Events,1,2026-03-09
TF-201-118-010,118,6,Week 16 EOT,End of Treatment,1,2026-03-14
TF-201-118-011,118,1,Screening,Demographics,1,2025-12-23
TF-201-118-011,118,1,Screening,Inclusion/Exclusion,1,2025-12-21
TF-201-118-011,118,1,Screening,Medical History,1,2025-12-15
TF-201-118-011,118,1,Screening,Informed Consent,1,2025-12-22
TF-201-118-011,118,1,Screening,Laboratory,1,2025-12-16
TF-201-118-011,118,2,Baseline,Vital Signs,1,2026-01-09
TF-201-118-011,118,2,Baseline,PASI Score,1,2026-01-12
TF-201-118-011,118,2,Baseline,Laboratory,1,2026-01-02
TF-201-118-011,118,2,Baseline,Randomisation,1,2026-01-06
TF-201-118-011,118,3,Week 4,Vital Signs,1,2026-02-11
TF-201-118-011,118,3,Week 4,PASI Score,1,2026-02-03
TF-201-118-011,118,3,Week 4,Adverse Events,1,2026-02-06
TF-201-118-011,118,4,Week 8,Vital Signs,1,2026-03-02
TF-201-118-011,118,4,Week 8,PASI Score,1,2026-03-08
TF-201-118-011,118,4,Week 8,Laboratory,1,2026-03-04
TF-201-118-011,118,4,Week 8,Adverse Events,1,2026-03-02
TF-201-118-011,118,5,Week 12,Vital Signs,1,2026-04-06
TF-201-118-011,118,5,Week 12,PASI Score,1,2026-03-28
TF-201-118-011,118,5,Week 12,Adverse Events,1,2026-03-29
TF-201-118-011,118,6,Week 16 EOT,Vital Signs,1,2026-05-04
TF-201-118-011,118,6,Week 16 EOT,PASI Score,1,2026-05-08
TF-201-118-011,118,6,Week 16 EOT,Laboratory,1,2026-04-28
TF-201-118-011,118,6,Week 16 EOT,Adverse Events,1,2026-05-02
TF-201-118-011,118,6,Week 16 EOT,End of Treatment,1,2026-05-01
TF-201-118-012,118,1,Screening,Demographics,1,2025-08-03
TF-201-118-012,118,1,Screening,Inclusion/Exclusion,1,2025-08-05
TF-201-118-012,118,1,Screening,Medical History,1,2025-07-29
TF-201-118-012,118,1,Screening,Informed Consent,1,2025-08-02
TF-201-118-012,118,1,Screening,Laboratory,1,2025-07-27
TF-201-118-012,118,2,Baseline,Vital Signs,1,2025-08-20
TF-201-118-012,118,2,Baseline,PASI Score,1,2025-08-21
TF-201-118-012,118,2,Baseline,Laboratory,1,2025-08-19
TF-201-118-012,118,2,Baseline,Randomisation,1,2025-08-22
TF-201-118-012,118,3,Week 4,Vital Signs,1,2025-09-20
TF-201-118-012,118,3,Week 4,PASI Score,1,2025-09-13
TF-201-118-012,118,3,Week 4,Adverse Events,1,2025-09-10
TF-201-118-012,118,4,Week 8,Vital Signs,1,2025-10-18
TF-201-118-012,118,4,Week 8,PASI Score,1,2025-10-07
TF-201-118-012,118,4,Week 8,Laboratory,1,2025-10-15
TF-201-118-012,118,4,Week 8,Adverse Events,1,2025-10-16
TF-201-118-012,118,5,Week 12,Vital Signs,1,2025-11-03
TF-201-118-012,118,5,Week 12,PASI Score,1,2025-11-04
TF-201-118-012,118,5,Week 12,Adverse Events,1,2025-11-02
TF-201-118-012,118,6,Week 16 EOT,Vital Signs,1,2025-12-09
TF-201-118-012,118,6,Week 16 EOT,PASI Score,1,2025-12-08
TF-201-118-012,118,6,Week 16 EOT,Laboratory,1,2025-12-16
TF-201-118-012,118,6,Week 16 EOT,Adverse Events,1,2025-12-15
TF-201-118-012,118,6,Week 16 EOT,End of Treatment,1,2025-12-14
TF-201-118-013,118,1,Screening,Demographics,1,2026-07-26
TF-201-118-013,118,1,Screening,Inclusion/Exclusion,1,2026-07-29
TF-201-118-013,118,1,Screening,Medical History,1,2026-08-05
TF-201-118-013,118,1,Screening,Informed Consent,1,2026-08-04
TF-201-118-013,118,1,Screening,Laboratory,1,2026-07-28
TF-201-118-013,118,2,Baseline,Vital Signs,1,2026-08-14
TF-201-118-013,118,2,Baseline,PASI Score,1,2026-08-23
TF-201-118-013,118,2,Baseline,Laboratory,1,2026-08-21
TF-201-118-013,118,2,Baseline,Randomisation,1,2026-08-20
TF-201-118-014,118,1,Screening,Demographics,1,2026-05-02
TF-201-118-014,118,1,Screening,Inclusion/Exclusion,1,2026-04-27
TF-201-118-014,118,1,Screening,Medical History,1,2026-04-30
TF-201-118-014,118,1,Screening,Informed Consent,1,2026-04-30
TF-201-118-014,118,1,Screening,Laboratory,1,2026-04-26
TF-201-118-014,118,2,Baseline,Vital Signs,1,2026-06-08
TF-201-118-014,118,2,Baseline,PASI Score,1,2026-06-14
TF-201-118-014,118,2,Baseline,Laboratory,1,2026-06-06
TF-201-118-014,118,2,Baseline,Randomisation,1,2026-06-08
TF-201-118-014,118,3,Week 4,Vital Signs,1,2026-07-10
TF-201-118-014,118,3,Week 4,PASI Score,1,2026-06-30
TF-201-118-014,118,3,Week 4,Adverse Events,1,2026-07-05
TF-201-118-014,118,4,Week 8,Vital Signs,1,2026-07-31
TF-201-118-014,118,4,Week 8,PASI Score,1,2026-08-07
TF-201-118-014,118,4,Week 8,Laboratory,1,2026-08-01
TF-201-118-014,118,4,Week 8,Adverse Events,1,2026-07-31
TF-201-118-014,118,5,Week 12,Vital Signs,1,2026-08-30
TF-201-118-014,118,5,Week 12,PASI Score,1,2026-09-03
TF-201-118-014,118,5,Week 12,Adverse Events,1,2026-09-04
TF-201-118-015,118,1,Screening,Demographics,1,2025-12-28
TF-201-118-015,118,1,Screening,Inclusion/Exclusion,1,2025-12-20
TF-201-118-015,118,1,Screening,Medical History,1,2025-12-29
TF-201-118-015,118,1,Screening,Informed Consent,1,2025-12-20
TF-201-118-015,118,1,Screening,Laboratory,1,2025-12-21
TF-201-118-015,118,2,Baseline,Vital Signs,1,2026-01-24
TF-201-118-015,118,2,Baseline,PASI Score,1,2026-01-19
TF-201-118-015,118,2,Baseline,Laboratory,1,2026-01-27
TF-201-118-015,118,2,Baseline,Randomisation,1,2026-01-20
TF-201-118-015,118,3,Week 4,Vital Signs,1,2026-02-10
TF-201-118-015,118,3,Week 4,PASI Score,1,2026-02-18
TF-201-118-015,118,3,Week 4,Adverse Events,1,2026-02-18
TF-201-118-015,118,4,Week 8,Vital Signs,1,2026-03-20
TF-201-118-015,118,4,Week 8,PASI Score,1,2026-03-14
TF-201-118-015,118,4,Week 8,Laboratory,1,2026-03-18
TF-201-118-015,118,4,Week 8,Adverse Events,1,2026-03-24
TF-201-118-015,118,5,Week 12,Vital Signs,1,2026-04-16
TF-201-118-015,118,5,Week 12,PASI Score,1,2026-04-07
TF-201-118-015,118,5,Week 12,Adverse Events,1,2026-04-18
TF-201-118-015,118,6,Week 16 EOT,Vital Signs,1,2026-05-10
TF-201-118-015,118,6,Week 16 EOT,PASI Score,1,2026-05-11
TF-201-118-015,118,6,Week 16 EOT,Laboratory,1,2026-05-14
TF-201-118-015,118,6,Week 16 EOT,Adverse Events,1,2026-05-13
TF-201-118-015,118,6,Week 16 EOT,End of Treatment,0,
TF-201-118-016,118,1,Screening,Demographics,1,2025-10-05
TF-201-118-016,118,1,Screening,Inclusion/Exclusion,1,2025-10-06
TF-201-118-016,118,1,Screening,Medical History,1,2025-10-08
TF-201-118-016,118,1,Screening,Informed Consent,1,2025-10-01
TF-201-118-016,118,1,Screening,Laboratory,1,2025-10-05
TF-201-118-016,118,2,Baseline,Vital Signs,1,2025-10-19
TF-201-118-016,118,2,Baseline,PASI Score,1,2025-10-22
TF-201-118-016,118,2,Baseline,Laboratory,1,2025-10-24
TF-201-118-016,118,2,Baseline,Randomisation,1,2025-10-14
TF-201-118-016,118,3,Week 4,Vital Signs,1,2025-11-19
TF-201-118-016,118,3,Week 4,PASI Score,1,2025-11-17
TF-201-118-016,118,3,Week 4,Adverse Events,1,2025-11-22
TF-201-118-016,118,4,Week 8,Vital Signs,1,2025-12-20
TF-201-118-016,118,4,Week 8,PASI Score,1,2025-12-17
TF-201-118-016,118,4,Week 8,Laboratory,1,2025-12-17
TF-201-118-016,118,4,Week 8,Adverse Events,0,
TF-201-118-016,118,5,Week 12,Vital Signs,1,2026-01-08
TF-201-118-016,118,5,Week 12,PASI Score,1,2026-01-02
TF-201-118-016,118,5,Week 12,Adverse Events,1,2026-01-09
TF-201-118-016,118,6,Week 16 EOT,Vital Signs,1,2026-02-12
TF-201-118-016,118,6,Week 16 EOT,PASI Score,1,2026-02-13
TF-201-118-016,118,6,Week 16 EOT,Laboratory,0,
TF-201-118-016,118,6,Week 16 EOT,Adverse Events,1,2026-02-13
TF-201-118-016,118,6,Week 16 EOT,End of Treatment,1,2026-02-04
TF-201-118-017,118,1,Screening,Demographics,1,2025-11-20
TF-201-118-017,118,1,Screening,Inclusion/Exclusion,1,2025-11-17
TF-201-118-017,118,1,Screening,Medical History,1,2025-11-22
TF-201-118-017,118,1,Screening,Informed Consent,1,2025-11-13
TF-201-118-017,118,1,Screening,Laboratory,1,2025-11-17
TF-201-118-017,118,2,Baseline,Vital Signs,1,2025-12-19
TF-201-118-017,118,2,Baseline,PASI Score,1,2025-12-23
TF-201-118-017,118,2,Baseline,Laboratory,1,2025-12-28
TF-201-118-017,118,2,Baseline,Randomisation,1,2025-12-19
TF-201-118-017,118,3,Week 4,Vital Signs,1,2026-01-16
TF-201-118-017,118,3,Week 4,PASI Score,1,2026-01-15
TF-201-118-017,118,3,Week 4,Adverse Events,1,2026-01-24
TF-201-118-017,118,4,Week 8,Vital Signs,1,2026-02-13
TF-201-118-017,118,4,Week 8,PASI Score,1,2026-02-15
TF-201-118-017,118,4,Week 8,Laboratory,1,2026-02-16
TF-201-118-017,118,4,Week 8,Adverse Events,1,2026-02-19
TF-201-118-017,118,5,Week 12,Vital Signs,1,2026-03-19
TF-201-118-017,118,5,Week 12,PASI Score,1,2026-03-21
TF-201-118-017,118,5,Week 12,Adverse Events,1,2026-03-21
TF-201-118-017,118,6,Week 16 EOT,Vital Signs,1,2026-04-16
TF-201-118-017,118,6,Week 16 EOT,PASI Score,1,2026-04-18
TF-201-118-017,118,6,Week 16 EOT,Laboratory,1,2026-04-15
TF-201-118-017,118,6,Week 16 EOT,Adverse Events,0,
TF-201-118-017,118,6,Week 16 EOT,End of Treatment,1,2026-04-22
TF-201-118-018,118,1,Screening,Demographics,1,2025-07-19
TF-201-118-018,118,1,Screening,Inclusion/Exclusion,1,2025-07-26
TF-201-118-018,118,1,Screening,Medical History,1,2025-07-23
TF-201-118-018,118,1,Screening,Informed Consent,1,2025-07-24
TF-201-118-018,118,1,Screening,Laboratory,1,2025-07-20
TF-201-118-018,118,2,Baseline,Vital Signs,1,2025-09-01
TF-201-118-018,118,2,Baseline,PASI Score,1,2025-08-28
TF-201-118-018,118,2,Baseline,Laboratory,1,2025-09-04
TF-201-118-018,118,2,Baseline,Randomisation,1,2025-08-28
TF-201-118-018,118,3,Week 4,Vital Signs,1,2025-09-25
TF-201-118-018,118,3,Week 4,PASI Score,1,2025-09-29
TF-201-118-018,118,3,Week 4,Adverse Events,1,2025-09-22
TF-201-118-018,118,4,Week 8,Vital Signs,1,2025-10-28
TF-201-118-018,118,4,Week 8,PASI Score,1,2025-10-24
TF-201-118-018,118,4,Week 8,Laboratory,1,2025-10-26
TF-201-118-018,118,4,Week 8,Adverse Events,1,2025-10-19
TF-201-118-018,118,5,Week 12,Vital Signs,0,
TF-201-118-018,118,5,Week 12,PASI Score,1,2025-11-21
TF-201-118-018,118,5,Week 12,Adverse Events,1,2025-11-23
TF-201-118-018,118,6,Week 16 EOT,Vital Signs,1,2025-12-15
TF-201-118-018,118,6,Week 16 EOT,PASI Score,1,2025-12-18
TF-201-118-018,118,6,Week 16 EOT,Laboratory,1,2025-12-14
TF-201-118-018,118,6,Week 16 EOT,Adverse Events,1,2025-12-18
TF-201-118-018,118,6,Week 16 EOT,End of Treatment,1,2025-12-10
TF-201-118-019,118,1,Screening,Demographics,1,2026-07-29
TF-201-118-019,118,1,Screening,Inclusion/Exclusion,1,2026-07-25
TF-201-118-019,118,1,Screening,Medical History,1,2026-07-24
TF-201-118-019,118,1,Screening,Informed Consent,1,2026-07-24
TF-201-118-019,118,1,Screening,Laboratory,1,2026-07-28
TF-201-118-019,118,2,Baseline,Vital Signs,1,2026-08-23
TF-201-118-019,118,2,Baseline,PASI Score,1,2026-08-22
TF-201-118-019,118,2,Baseline,Laboratory,1,2026-08-28
TF-201-118-019,118,2,Baseline,Randomisation,1,2026-08-25
TF-201-118-020,118,1,Screening,Demographics,1,2025-05-29
TF-201-118-020,118,1,Screening,Inclusion/Exclusion,1,2025-05-27
TF-201-118-020,118,1,Screening,Medical History,1,2025-06-02
TF-201-118-020,118,1,Screening,Informed Consent,1,2025-05-30
TF-201-118-020,118,1,Screening,Laboratory,1,2025-06-04
TF-201-118-020,118,2,Baseline,Vital Signs,1,2025-07-08
TF-201-118-020,118,2,Baseline,PASI Score,1,2025-07-13
TF-201-118-020,118,2,Baseline,Laboratory,1,2025-07-10
TF-201-118-020,118,2,Baseline,Randomisation,1,2025-07-08
TF-201-118-020,118,3,Week 4,Vital Signs,1,2025-07-31
TF-201-118-020,118,3,Week 4,PASI Score,1,2025-07-29
TF-201-118-020,118,3,Week 4,Adverse Events,1,2025-07-26
TF-201-118-020,118,4,Week 8,Vital Signs,1,2025-08-30
TF-201-118-020,118,4,Week 8,PASI Score,1,2025-09-01
TF-201-118-020,118,4,Week 8,Laboratory,1,2025-09-01
TF-201-118-020,118,4,Week 8,Adverse Events,1,2025-09-07
TF-201-118-020,118,5,Week 12,Vital Signs,1,2025-10-01
TF-201-118-020,118,5,Week 12,PASI Score,1,2025-10-04
TF-201-118-020,118,5,Week 12,Adverse Events,1,2025-10-07
TF-201-118-020,118,6,Week 16 EOT,Vital Signs,1,2025-11-04
TF-201-118-020,118,6,Week 16 EOT,PASI Score,1,2025-10-28
TF-201-118-020,118,6,Week 16 EOT,Laboratory,1,2025-10-26
TF-201-118-020,118,6,Week 16 EOT,Adverse Events,1,2025-10-31
TF-201-118-020,118,6,Week 16 EOT,End of Treatment,1,2025-10-27
TF-201-118-021,118,1,Screening,Demographics,1,2026-05-12
TF-201-118-021,118,1,Screening,Inclusion/Exclusion,1,2026-05-09
TF-201-118-021,118,1,Screening,Medical History,1,2026-05-12
TF-201-118-021,118,1,Screening,Informed Consent,1,2026-05-12
TF-201-118-021,118,1,Screening,Laboratory,1,2026-05-07
TF-201-118-021,118,2,Baseline,Vital Signs,1,2026-06-10
TF-201-118-021,118,2,Baseline,PASI Score,1,2026-06-15
TF-201-118-021,118,2,Baseline,Laboratory,1,2026-06-10
TF-201-118-021,118,2,Baseline,Randomisation,1,2026-06-06
TF-201-118-021,118,3,Week 4,Vital Signs,1,2026-07-03
TF-201-118-021,118,3,Week 4,PASI Score,1,2026-07-02
TF-201-118-021,118,3,Week 4,Adverse Events,1,2026-06-30
TF-201-118-021,118,4,Week 8,Vital Signs,1,2026-08-13
TF-201-118-021,118,4,Week 8,PASI Score,1,2026-08-03
TF-201-118-021,118,4,Week 8,Laboratory,1,2026-08-06
TF-201-118-021,118,4,Week 8,Adverse Events,1,2026-08-12
TF-201-118-021,118,5,Week 12,Vital Signs,1,2026-09-04
TF-201-118-021,118,5,Week 12,PASI Score,1,2026-09-03
TF-201-118-021,118,5,Week 12,Adverse Events,1,2026-09-08
TF-201-119-001,119,1,Screening,Demographics,1,2025-10-05
TF-201-119-001,119,1,Screening,Inclusion/Exclusion,1,2025-09-30
TF-201-119-001,119,1,Screening,Medical History,1,2025-10-05
TF-201-119-001,119,1,Screening,Informed Consent,1,2025-09-30
TF-201-119-001,119,1,Screening,Laboratory,1,2025-10-05
TF-201-119-001,119,2,Baseline,Vital Signs,1,2025-10-16
TF-201-119-001,119,2,Baseline,PASI Score,1,2025-10-17
TF-201-119-001,119,2,Baseline,Laboratory,1,2025-10-23
TF-201-119-001,119,2,Baseline,Randomisation,1,2025-10-19
TF-201-119-001,119,3,Week 4,Vital Signs,1,2025-11-23
TF-201-119-001,119,3,Week 4,PASI Score,0,
TF-201-119-001,119,3,Week 4,Adverse Events,1,2025-11-18
TF-201-119-001,119,4,Week 8,Vital Signs,1,2025-12-09
TF-201-119-001,119,4,Week 8,PASI Score,1,2025-12-15
TF-201-119-001,119,4,Week 8,Laboratory,1,2025-12-17
TF-201-119-001,119,4,Week 8,Adverse Events,1,2025-12-10
TF-201-119-001,119,5,Week 12,Vital Signs,1,2026-01-19
TF-201-119-001,119,5,Week 12,PASI Score,1,2026-01-17
TF-201-119-001,119,5,Week 12,Adverse Events,1,2026-01-13
TF-201-119-001,119,6,Week 16 EOT,Vital Signs,1,2026-02-20
TF-201-119-001,119,6,Week 16 EOT,PASI Score,1,2026-02-13
TF-201-119-001,119,6,Week 16 EOT,Laboratory,1,2026-02-18
TF-201-119-001,119,6,Week 16 EOT,Adverse Events,1,2026-02-18
TF-201-119-001,119,6,Week 16 EOT,End of Treatment,1,2026-02-13
TF-201-119-002,119,1,Screening,Demographics,1,2026-02-10
TF-201-119-002,119,1,Screening,Inclusion/Exclusion,1,2026-02-04
TF-201-119-002,119,1,Screening,Medical History,1,2026-02-12
TF-201-119-002,119,1,Screening,Informed Consent,1,2026-02-02
TF-201-119-002,119,1,Screening,Laboratory,1,2026-02-13
TF-201-119-002,119,2,Baseline,Vital Signs,1,2026-03-13
TF-201-119-002,119,2,Baseline,PASI Score,1,2026-03-11
TF-201-119-002,119,2,Baseline,Laboratory,1,2026-03-19
TF-201-119-002,119,2,Baseline,Randomisation,1,2026-03-13
TF-201-119-002,119,3,Week 4,Vital Signs,1,2026-04-08
TF-201-119-002,119,3,Week 4,PASI Score,1,2026-04-06
TF-201-119-002,119,3,Week 4,Adverse Events,1,2026-04-04
TF-201-119-002,119,4,Week 8,Vital Signs,1,2026-05-07
TF-201-119-002,119,4,Week 8,PASI Score,1,2026-05-09
TF-201-119-002,119,4,Week 8,Laboratory,1,2026-05-15
TF-201-119-002,119,4,Week 8,Adverse Events,1,2026-05-10
TF-201-119-002,119,5,Week 12,Vital Signs,1,2026-06-05
TF-201-119-002,119,5,Week 12,PASI Score,1,2026-06-10
TF-201-119-002,119,5,Week 12,Adverse Events,1,2026-06-07
TF-201-119-002,119,6,Week 16 EOT,Vital Signs,1,2026-07-04
TF-201-119-002,119,6,Week 16 EOT,PASI Score,1,2026-07-03
TF-201-119-002,119,6,Week 16 EOT,Laboratory,1,2026-07-02
TF-201-119-002,119,6,Week 16 EOT,Adverse Events,1,2026-07-11
TF-201-119-002,119,6,Week 16 EOT,End of Treatment,1,2026-07-02
TF-201-119-003,119,1,Screening,Demographics,1,2025-11-04
TF-201-119-003,119,1,Screening,Inclusion/Exclusion,1,2025-11-06
TF-201-119-003,119,1,Screening,Medical History,1,2025-10-30
TF-201-119-003,119,1,Screening,Informed Consent,1,2025-11-03
TF-201-119-003,119,1,Screening,Laboratory,1,2025-10-30
TF-201-119-003,119,2,Baseline,Vital Signs,1,2025-11-26
TF-201-119-003,119,2,Baseline,PASI Score,1,2025-11-21
TF-201-119-003,119,2,Baseline,Laboratory,1,2025-11-20
TF-201-119-003,119,2,Baseline,Randomisation,1,2025-11-20
TF-201-119-003,119,3,Week 4,Vital Signs,1,2025-12-25
TF-201-119-003,119,3,Week 4,PASI Score,1,2025-12-21
TF-201-119-003,119,3,Week 4,Adverse Events,1,2025-12-16
TF-201-119-003,119,5,Week 12,Vital Signs,1,2026-02-08
TF-201-119-003,119,5,Week 12,PASI Score,1,2026-02-13
TF-201-119-003,119,5,Week 12,Adverse Events,1,2026-02-17
TF-201-119-003,119,6,Week 16 EOT,Vital Signs,0,
TF-201-119-003,119,6,Week 16 EOT,PASI Score,1,2026-03-17
TF-201-119-003,119,6,Week 16 EOT,Laboratory,1,2026-03-12
TF-201-119-003,119,6,Week 16 EOT,Adverse Events,1,2026-03-12
TF-201-119-003,119,6,Week 16 EOT,End of Treatment,1,2026-03-10
TF-201-119-004,119,1,Screening,Demographics,1,2026-05-12
TF-201-119-004,119,1,Screening,Inclusion/Exclusion,1,2026-05-05
TF-201-119-004,119,1,Screening,Medical History,1,2026-05-07
TF-201-119-004,119,1,Screening,Informed Consent,1,2026-05-07
TF-201-119-004,119,1,Screening,Laboratory,1,2026-05-05
TF-201-119-004,119,2,Baseline,Vital Signs,1,2026-06-03
TF-201-119-004,119,2,Baseline,PASI Score,1,2026-05-29
TF-201-119-004,119,2,Baseline,Laboratory,0,
TF-201-119-004,119,2,Baseline,Randomisation,1,2026-05-28
TF-201-119-004,119,3,Week 4,Vital Signs,1,2026-07-01
TF-201-119-004,119,3,Week 4,PASI Score,1,2026-06-27
TF-201-119-004,119,3,Week 4,Adverse Events,1,2026-07-02
TF-201-119-004,119,4,Week 8,Vital Signs,1,2026-08-02
TF-201-119-004,119,4,Week 8,PASI Score,1,2026-07-29
TF-201-119-004,119,4,Week 8,Laboratory,1,2026-07-29
TF-201-119-004,119,4,Week 8,Adverse Events,1,2026-07-27
TF-201-119-004,119,5,Week 12,Vital Signs,1,2026-08-21
TF-201-119-004,119,5,Week 12,PASI Score,1,2026-08-25
TF-201-119-004,119,5,Week 12,Adverse Events,1,2026-08-26
TF-201-119-005,119,1,Screening,Demographics,1,2025-05-19
TF-201-119-005,119,1,Screening,Inclusion/Exclusion,1,2025-05-22
TF-201-119-005,119,1,Screening,Medical History,1,2025-05-22
TF-201-119-005,119,1,Screening,Informed Consent,1,2025-05-20
TF-201-119-005,119,1,Screening,Laboratory,1,2025-05-16
TF-201-119-005,119,2,Baseline,Vital Signs,1,2025-06-19
TF-201-119-005,119,2,Baseline,PASI Score,0,
TF-201-119-005,119,2,Baseline,Laboratory,1,2025-06-24
TF-201-119-005,119,2,Baseline,Randomisation,1,2025-06-23
TF-201-119-005,119,3,Week 4,Vital Signs,1,2025-07-20
TF-201-119-005,119,3,Week 4,PASI Score,1,2025-07-17
TF-201-119-005,119,3,Week 4,Adverse Events,1,2025-07-24
TF-201-119-005,119,4,Week 8,Vital Signs,1,2025-08-19
TF-201-119-005,119,4,Week 8,PASI Score,1,2025-08-16
TF-201-119-005,119,4,Week 8,Laboratory,1,2025-08-12
TF-201-119-005,119,4,Week 8,Adverse Events,1,2025-08-18
TF-201-119-005,119,5,Week 12,Vital Signs,1,2025-09-15
TF-201-119-005,119,5,Week 12,PASI Score,1,2025-09-12
TF-201-119-005,119,5,Week 12,Adverse Events,1,2025-09-14
TF-201-119-005,119,6,Week 16 EOT,Vital Signs,1,2025-10-07
TF-201-119-005,119,6,Week 16 EOT,PASI Score,0,
TF-201-119-005,119,6,Week 16 EOT,Laboratory,1,2025-10-18
TF-201-119-005,119,6,Week 16 EOT,Adverse Events,1,2025-10-09
TF-201-119-005,119,6,Week 16 EOT,End of Treatment,1,2025-10-07
TF-201-119-006,119,1,Screening,Demographics,1,2026-05-25
TF-201-119-006,119,1,Screening,Inclusion/Exclusion,1,2026-05-25
TF-201-119-006,119,1,Screening,Medical History,1,2026-05-18
TF-201-119-006,119,1,Screening,Informed Consent,1,2026-05-24
TF-201-119-006,119,1,Screening,Laboratory,1,2026-05-20
TF-201-119-006,119,2,Baseline,Vital Signs,1,2026-05-29
TF-201-119-006,119,2,Baseline,PASI Score,1,2026-05-29
TF-201-119-006,119,2,Baseline,Laboratory,1,2026-05-29
TF-201-119-006,119,2,Baseline,Randomisation,1,2026-06-07
TF-201-119-006,119,3,Week 4,Vital Signs,1,2026-06-25
TF-201-119-006,119,3,Week 4,PASI Score,1,2026-06-23
TF-201-119-006,119,3,Week 4,Adverse Events,1,2026-06-20
TF-201-119-006,119,4,Week 8,Vital Signs,1,2026-07-28
TF-201-119-006,119,4,Week 8,PASI Score,1,2026-07-28
TF-201-119-006,119,4,Week 8,Laboratory,1,2026-07-27
TF-201-119-006,119,4,Week 8,Adverse Events,1,2026-08-01
TF-201-119-006,119,5,Week 12,Vital Signs,1,2026-08-24
TF-201-119-006,119,5,Week 12,PASI Score,1,2026-08-26
TF-201-119-006,119,5,Week 12,Adverse Events,1,2026-08-29
TF-201-119-007,119,1,Screening,Demographics,1,2025-10-07
TF-201-119-007,119,1,Screening,Inclusion/Exclusion,1,2025-10-02
TF-201-119-007,119,1,Screening,Medical History,1,2025-10-08
TF-201-119-007,119,1,Screening,Informed Consent,1,2025-10-10
TF-201-119-007,119,1,Screening,Laboratory,1,2025-10-08
TF-201-119-007,119,2,Baseline,Vital Signs,1,2025-11-02
TF-201-119-007,119,2,Baseline,PASI Score,1,2025-10-31
TF-201-119-007,119,2,Baseline,Laboratory,1,2025-11-02
TF-201-119-007,119,2,Baseline,Randomisation,1,2025-11-05
TF-201-119-007,119,3,Week 4,Vital Signs,1,2025-12-03
TF-201-119-007,119,3,Week 4,PASI Score,1,2025-12-03
TF-201-119-007,119,3,Week 4,Adverse Events,1,2025-12-11
TF-201-119-007,119,4,Week 8,Vital Signs,1,2025-12-25
TF-201-119-007,119,4,Week 8,PASI Score,1,2025-12-29
TF-201-119-007,119,4,Week 8,Laboratory,1,2025-12-28
TF-201-119-007,119,4,Week 8,Adverse Events,1,2025-12-23
TF-201-119-007,119,5,Week 12,Vital Signs,1,2026-01-24
TF-201-119-007,119,5,Week 12,PASI Score,1,2026-02-02
TF-201-119-007,119,5,Week 12,Adverse Events,1,2026-01-25
TF-201-119-007,119,6,Week 16 EOT,Vital Signs,1,2026-02-25
TF-201-119-007,119,6,Week 16 EOT,PASI Score,1,2026-02-21
TF-201-119-007,119,6,Week 16 EOT,Laboratory,1,2026-02-19
TF-201-119-007,119,6,Week 16 EOT,Adverse Events,1,2026-02-19
TF-201-119-007,119,6,Week 16 EOT,End of Treatment,0,
TF-201-119-008,119,1,Screening,Demographics,1,2026-04-21
TF-201-119-008,119,1,Screening,Inclusion/Exclusion,1,2026-04-22
TF-201-119-008,119,1,Screening,Medical History,1,2026-04-17
TF-201-119-008,119,1,Screening,Informed Consent,1,2026-04-26
TF-201-119-008,119,1,Screening,Laboratory,1,2026-04-24
TF-201-119-008,119,2,Baseline,Vital Signs,1,2026-05-11
TF-201-119-008,119,2,Baseline,PASI Score,1,2026-05-12
TF-201-119-008,119,2,Baseline,Laboratory,1,2026-05-12
TF-201-119-008,119,2,Baseline,Randomisation,1,2026-05-20
TF-201-119-008,119,3,Week 4,Vital Signs,1,2026-06-05
TF-201-119-008,119,3,Week 4,PASI Score,1,2026-06-16
TF-201-119-008,119,3,Week 4,Adverse Events,1,2026-06-14
TF-201-119-008,119,4,Week 8,Vital Signs,1,2026-07-10
TF-201-119-008,119,4,Week 8,PASI Score,1,2026-07-09
TF-201-119-008,119,4,Week 8,Laboratory,0,
TF-201-119-008,119,4,Week 8,Adverse Events,1,2026-07-09
TF-201-119-008,119,5,Week 12,Vital Signs,1,2026-08-06
TF-201-119-008,119,5,Week 12,PASI Score,0,
TF-201-119-008,119,5,Week 12,Adverse Events,1,2026-08-09
TF-201-119-008,119,6,Week 16 EOT,Vital Signs,1,2026-09-04
TF-201-119-008,119,6,Week 16 EOT,PASI Score,1,2026-09-05
TF-201-119-008,119,6,Week 16 EOT,Laboratory,1,2026-08-30
TF-201-119-008,119,6,Week 16 EOT,Adverse Events,1,2026-08-27
TF-201-119-008,119,6,Week 16 EOT,End of Treatment,1,2026-08-26
TF-201-119-009,119,1,Screening,Demographics,1,2026-04-27
TF-201-119-009,119,1,Screening,Inclusion/Exclusion,1,2026-04-23
TF-201-119-009,119,1,Screening,Medical History,1,2026-04-29
TF-201-119-009,119,1,Screening,Informed Consent,1,2026-04-28
TF-201-119-009,119,1,Screening,Laboratory,1,2026-04-22
TF-201-119-009,119,2,Baseline,Vital Signs,1,2026-05-16
TF-201-119-009,119,2,Baseline,PASI Score,1,2026-05-24
TF-201-119-009,119,2,Baseline,Laboratory,1,2026-05-21
TF-201-119-009,119,2,Baseline,Randomisation,0,
TF-201-119-009,119,3,Week 4,Vital Signs,1,2026-06-17
TF-201-119-009,119,3,Week 4,PASI Score,1,2026-06-12
TF-201-119-009,119,3,Week 4,Adverse Events,1,2026-06-11
TF-201-119-009,119,4,Week 8,Vital Signs,1,2026-07-13
TF-201-119-009,119,4,Week 8,PASI Score,1,2026-07-09
TF-201-119-009,119,4,Week 8,Laboratory,1,2026-07-15
TF-201-119-009,119,4,Week 8,Adverse Events,1,2026-07-18
TF-201-119-009,119,5,Week 12,Vital Signs,1,2026-08-14
TF-201-119-009,119,5,Week 12,PASI Score,1,2026-08-11
TF-201-119-009,119,5,Week 12,Adverse Events,1,2026-08-14
TF-201-119-009,119,6,Week 16 EOT,Vital Signs,1,2026-09-08
TF-201-119-009,119,6,Week 16 EOT,PASI Score,1,2026-09-03
TF-201-119-009,119,6,Week 16 EOT,Laboratory,1,2026-09-06
TF-201-119-009,119,6,Week 16 EOT,Adverse Events,1,2026-09-06
TF-201-119-009,119,6,Week 16 EOT,End of Treatment,1,2026-09-04
TF-201-120-001,120,1,Screening,Demographics,1,2026-05-02
TF-201-120-001,120,1,Screening,Inclusion/Exclusion,1,2026-05-01
TF-201-120-001,120,1,Screening,Medical History,1,2026-04-27
TF-201-120-001,120,1,Screening,Informed Consent,1,2026-04-26
TF-201-120-001,120,1,Screening,Laboratory,1,2026-05-01
TF-201-120-001,120,2,Baseline,Vital Signs,1,2026-05-20
TF-201-120-001,120,2,Baseline,PASI Score,1,2026-05-25
TF-201-120-001,120,2,Baseline,Laboratory,1,2026-05-22
TF-201-120-001,120,2,Baseline,Randomisation,1,2026-05-21
TF-201-120-001,120,3,Week 4,Vital Signs,1,2026-06-19
TF-201-120-001,120,3,Week 4,PASI Score,1,2026-06-19
TF-201-120-001,120,3,Week 4,Adverse Events,1,2026-06-21
TF-201-120-001,120,4,Week 8,Vital Signs,1,2026-07-22
TF-201-120-001,120,4,Week 8,PASI Score,1,2026-07-25
TF-201-120-001,120,4,Week 8,Laboratory,1,2026-07-30
TF-201-120-001,120,4,Week 8,Adverse Events,1,2026-07-21
TF-201-120-001,120,5,Week 12,Vital Signs,1,2026-08-16
TF-201-120-001,120,5,Week 12,PASI Score,1,2026-08-15
TF-201-120-001,120,5,Week 12,Adverse Events,1,2026-08-16
TF-201-120-001,120,6,Week 16 EOT,Vital Signs,1,2026-09-05
TF-201-120-001,120,6,Week 16 EOT,PASI Score,1,2026-09-06
TF-201-120-001,120,6,Week 16 EOT,Laboratory,1,2026-09-12
TF-201-120-001,120,6,Week 16 EOT,Adverse Events,1,2026-09-11
TF-201-120-001,120,6,Week 16 EOT,End of Treatment,1,2026-09-14
TF-201-120-002,120,1,Screening,Demographics,1,2026-03-10
TF-201-120-002,120,1,Screening,Inclusion/Exclusion,1,2026-03-07
TF-201-120-002,120,1,Screening,Medical History,1,2026-03-14
TF-201-120-002,120,1,Screening,Informed Consent,1,2026-03-09
TF-201-120-002,120,1,Screening,Laboratory,1,2026-03-10
TF-201-120-002,120,2,Baseline,Vital Signs,1,2026-04-07
TF-201-120-002,120,2,Baseline,PASI Score,1,2026-04-05
TF-201-120-002,120,2,Baseline,Laboratory,1,2026-04-02
TF-201-120-002,120,2,Baseline,Randomisation,1,2026-04-09
TF-201-120-002,120,3,Week 4,Vital Signs,1,2026-05-06
TF-201-120-002,120,3,Week 4,PASI Score,1,2026-05-05
TF-201-120-002,120,3,Week 4,Adverse Events,1,2026-05-11
TF-201-120-002,120,4,Week 8,Vital Signs,1,2026-06-03
TF-201-120-002,120,4,Week 8,PASI Score,1,2026-06-01
TF-201-120-002,120,4,Week 8,Laboratory,1,2026-05-24
TF-201-120-002,120,4,Week 8,Adverse Events,1,2026-06-03
TF-201-120-002,120,5,Week 12,Vital Signs,1,2026-07-06
TF-201-120-002,120,5,Week 12,PASI Score,1,2026-06-29
TF-201-120-002,120,5,Week 12,Adverse Events,1,2026-07-04
TF-201-120-002,120,6,Week 16 EOT,Vital Signs,1,2026-07-22
TF-201-120-002,120,6,Week 16 EOT,PASI Score,1,2026-07-25
TF-201-120-002,120,6,Week 16 EOT,Laboratory,1,2026-07-28
TF-201-120-002,120,6,Week 16 EOT,Adverse Events,1,2026-07-20
TF-201-120-002,120,6,Week 16 EOT,End of Treatment,1,2026-07-21
TF-201-120-003,120,1,Screening,Demographics,1,2025-06-23
TF-201-120-003,120,1,Screening,Inclusion/Exclusion,1,2025-07-01
TF-201-120-003,120,1,Screening,Medical History,1,2025-06-30
TF-201-120-003,120,1,Screening,Informed Consent,1,2025-06-22
TF-201-120-003,120,1,Screening,Laboratory,1,2025-06-22
TF-201-120-003,120,2,Baseline,Vital Signs,1,2025-07-24
TF-201-120-003,120,2,Baseline,PASI Score,1,2025-07-27
TF-201-120-003,120,2,Baseline,Laboratory,1,2025-07-27
TF-201-120-003,120,2,Baseline,Randomisation,1,2025-07-22
TF-201-120-003,120,3,Week 4,Vital Signs,1,2025-08-24
TF-201-120-003,120,3,Week 4,PASI Score,1,2025-08-26
TF-201-120-003,120,3,Week 4,Adverse Events,1,2025-08-24
TF-201-120-003,120,4,Week 8,Vital Signs,1,2025-09-22
TF-201-120-003,120,4,Week 8,PASI Score,1,2025-09-25
TF-201-120-003,120,4,Week 8,Laboratory,1,2025-09-18
TF-201-120-003,120,4,Week 8,Adverse Events,1,2025-09-16
TF-201-120-003,120,5,Week 12,Vital Signs,1,2025-10-24
TF-201-120-003,120,5,Week 12,PASI Score,1,2025-10-21
TF-201-120-003,120,5,Week 12,Adverse Events,1,2025-10-25
TF-201-120-003,120,6,Week 16 EOT,Vital Signs,1,2025-11-15
TF-201-120-003,120,6,Week 16 EOT,PASI Score,1,2025-11-12
TF-201-120-003,120,6,Week 16 EOT,Laboratory,1,2025-11-12
TF-201-120-003,120,6,Week 16 EOT,Adverse Events,1,2025-11-06
TF-201-120-003,120,6,Week 16 EOT,End of Treatment,1,2025-11-11
TF-201-120-004,120,1,Screening,Demographics,1,2025-10-28
TF-201-120-004,120,1,Screening,Inclusion/Exclusion,1,2025-10-30
TF-201-120-004,120,1,Screening,Medical History,1,2025-10-28
TF-201-120-004,120,1,Screening,Informed Consent,1,2025-10-25
TF-201-120-004,120,1,Screening,Laboratory,1,2025-10-31
TF-201-120-004,120,2,Baseline,Vital Signs,1,2025-11-15
TF-201-120-004,120,2,Baseline,PASI Score,1,2025-11-09
TF-201-120-004,120,2,Baseline,Laboratory,0,
TF-201-120-004,120,2,Baseline,Randomisation,1,2025-11-11
TF-201-120-004,120,3,Week 4,Vital Signs,1,2025-12-14
TF-201-120-004,120,3,Week 4,PASI Score,1,2025-12-10
TF-201-120-004,120,3,Week 4,Adverse Events,1,2025-12-09
TF-201-120-004,120,4,Week 8,Vital Signs,1,2026-01-12
TF-201-120-004,120,4,Week 8,PASI Score,1,2026-01-08
TF-201-120-004,120,4,Week 8,Laboratory,1,2026-01-04
TF-201-120-004,120,4,Week 8,Adverse Events,1,2026-01-08
TF-201-120-004,120,5,Week 12,Vital Signs,1,2026-02-09
TF-201-120-004,120,5,Week 12,PASI Score,1,2026-01-30
TF-201-120-004,120,5,Week 12,Adverse Events,1,2026-02-03
TF-201-120-004,120,6,Week 16 EOT,Vital Signs,1,2026-02-24
TF-201-120-004,120,6,Week 16 EOT,PASI Score,1,2026-03-05
TF-201-120-004,120,6,Week 16 EOT,Laboratory,1,2026-03-01
TF-201-120-004,120,6,Week 16 EOT,Adverse Events,1,2026-02-23
TF-201-120-004,120,6,Week 16 EOT,End of Treatment,1,2026-02-22
TF-201-120-005,120,1,Screening,Demographics,1,2026-02-09
TF-201-120-005,120,1,Screening,Inclusion/Exclusion,1,2026-02-04
TF-201-120-005,120,1,Screening,Medical History,1,2026-02-13
TF-201-120-005,120,1,Screening,Informed Consent,1,2026-02-05
TF-201-120-005,120,1,Screening,Laboratory,1,2026-02-07
TF-201-120-005,120,2,Baseline,Vital Signs,1,2026-03-27
TF-201-120-005,120,2,Baseline,PASI Score,1,2026-03-25
TF-201-120-005,120,2,Baseline,Laboratory,1,2026-03-27
TF-201-120-005,120,2,Baseline,Randomisation,1,2026-03-27
TF-201-120-005,120,3,Week 4,Vital Signs,1,2026-04-20
TF-201-120-005,120,3,Week 4,PASI Score,1,2026-04-16
TF-201-120-005,120,3,Week 4,Adverse Events,1,2026-04-22
TF-201-120-005,120,4,Week 8,Vital Signs,1,2026-05-18
TF-201-120-005,120,4,Week 8,PASI Score,1,2026-05-12
TF-201-120-005,120,4,Week 8,Laboratory,1,2026-05-21
TF-201-120-005,120,4,Week 8,Adverse Events,1,2026-05-17
TF-201-120-005,120,5,Week 12,Vital Signs,1,2026-06-19
TF-201-120-005,120,5,Week 12,PASI Score,1,2026-06-12
TF-201-120-005,120,5,Week 12,Adverse Events,1,2026-06-23
TF-201-120-005,120,6,Week 16 EOT,Vital Signs,1,2026-07-08
TF-201-120-005,120,6,Week 16 EOT,PASI Score,1,2026-07-11
TF-201-120-005,120,6,Week 16 EOT,Laboratory,1,2026-07-09
TF-201-120-005,120,6,Week 16 EOT,Adverse Events,1,2026-07-11
TF-201-120-005,120,6,Week 16 EOT,End of Treatment,1,2026-07-08
TF-201-120-006,120,1,Screening,Demographics,1,2025-07-06
TF-201-120-006,120,1,Screening,Inclusion/Exclusion,1,2025-07-02
TF-201-120-006,120,1,Screening,Medical History,1,2025-07-08
TF-201-120-006,120,1,Screening,Informed Consent,1,2025-07-04
TF-201-120-006,120,1,Screening,Laboratory,1,2025-06-29
TF-201-120-006,120,2,Baseline,Vital Signs,1,2025-07-30
TF-201-120-006,120,2,Baseline,PASI Score,1,2025-07-19
TF-201-120-006,120,2,Baseline,Laboratory,1,2025-07-27
TF-201-120-006,120,2,Baseline,Randomisation,1,2025-07-27
TF-201-120-006,120,3,Week 4,Vital Signs,1,2025-08-16
TF-201-120-006,120,3,Week 4,PASI Score,0,
TF-201-120-006,120,3,Week 4,Adverse Events,1,2025-08-22
TF-201-120-006,120,4,Week 8,Vital Signs,1,2025-09-20
TF-201-120-006,120,4,Week 8,PASI Score,1,2025-09-18
TF-201-120-006,120,4,Week 8,Laboratory,1,2025-09-16
TF-201-120-006,120,4,Week 8,Adverse Events,1,2025-09-15
TF-201-120-006,120,5,Week 12,Vital Signs,1,2025-10-16
TF-201-120-006,120,5,Week 12,PASI Score,1,2025-10-21
TF-201-120-006,120,5,Week 12,Adverse Events,1,2025-10-25
TF-201-120-006,120,6,Week 16 EOT,Vital Signs,1,2025-11-19
TF-201-120-006,120,6,Week 16 EOT,PASI Score,1,2025-11-22
TF-201-120-006,120,6,Week 16 EOT,Laboratory,1,2025-11-14
TF-201-120-006,120,6,Week 16 EOT,Adverse Events,1,2025-11-12
TF-201-120-006,120,6,Week 16 EOT,End of Treatment,1,2025-11-20
TF-201-120-007,120,1,Screening,Demographics,1,2026-06-08
TF-201-120-007,120,1,Screening,Inclusion/Exclusion,1,2026-06-09
TF-201-120-007,120,1,Screening,Medical History,1,2026-06-02
TF-201-120-007,120,1,Screening,Informed Consent,1,2026-06-11
TF-201-120-007,120,1,Screening,Laboratory,1,2026-06-09
TF-201-120-007,120,2,Baseline,Vital Signs,1,2026-06-26
TF-201-120-007,120,2,Baseline,PASI Score,1,2026-07-01
TF-201-120-007,120,2,Baseline,Laboratory,1,2026-07-03
TF-201-120-007,120,2,Baseline,Randomisation,1,2026-06-29
TF-201-120-007,120,3,Week 4,Vital Signs,0,
TF-201-120-007,120,3,Week 4,PASI Score,1,2026-07-28
TF-201-120-007,120,3,Week 4,Adverse Events,1,2026-07-26
TF-201-120-007,120,4,Week 8,Vital Signs,1,2026-08-20
TF-201-120-007,120,4,Week 8,PASI Score,1,2026-08-17
TF-201-120-007,120,4,Week 8,Laboratory,1,2026-08-27
TF-201-120-007,120,4,Week 8,Adverse Events,1,2026-08-18
TF-201-120-008,120,1,Screening,Demographics,1,2025-09-06
TF-201-120-008,120,1,Screening,Inclusion/Exclusion,1,2025-09-07
TF-201-120-008,120,1,Screening,Medical History,1,2025-09-03
TF-201-120-008,120,1,Screening,Informed Consent,1,2025-09-08
TF-201-120-008,120,1,Screening,Laboratory,1,2025-09-03
TF-201-120-008,120,2,Baseline,Vital Signs,1,2025-10-11
TF-201-120-008,120,2,Baseline,PASI Score,1,2025-10-14
TF-201-120-008,120,2,Baseline,Laboratory,1,2025-10-15
TF-201-120-008,120,2,Baseline,Randomisation,1,2025-10-17
TF-201-120-008,120,3,Week 4,Vital Signs,1,2025-11-09
TF-201-120-008,120,3,Week 4,PASI Score,1,2025-11-17
TF-201-120-008,120,3,Week 4,Adverse Events,1,2025-11-15
TF-201-120-008,120,4,Week 8,Vital Signs,1,2025-12-05
TF-201-120-008,120,4,Week 8,PASI Score,1,2025-12-07
TF-201-120-008,120,4,Week 8,Laboratory,1,2025-12-14
TF-201-120-008,120,4,Week 8,Adverse Events,1,2025-12-14
TF-201-120-008,120,5,Week 12,Vital Signs,1,2026-01-06
TF-201-120-008,120,5,Week 12,PASI Score,1,2026-01-10
TF-201-120-008,120,5,Week 12,Adverse Events,1,2026-01-13
TF-201-120-008,120,6,Week 16 EOT,Vital Signs,1,2026-02-04
TF-201-120-008,120,6,Week 16 EOT,PASI Score,1,2026-01-30
TF-201-120-008,120,6,Week 16 EOT,Laboratory,1,2026-01-30
TF-201-120-008,120,6,Week 16 EOT,Adverse Events,1,2026-01-29
TF-201-120-008,120,6,Week 16 EOT,End of Treatment,1,2026-01-30
TF-201-120-009,120,1,Screening,Demographics,1,2026-03-15
TF-201-120-009,120,1,Screening,Inclusion/Exclusion,1,2026-03-26
TF-201-120-009,120,1,Screening,Medical History,1,2026-03-21
TF-201-120-009,120,1,Screening,Informed Consent,1,2026-03-26
TF-201-120-009,120,1,Screening,Laboratory,1,2026-03-16
TF-201-120-009,120,2,Baseline,Vital Signs,1,2026-04-14
TF-201-120-009,120,2,Baseline,PASI Score,1,2026-04-10
TF-201-120-009,120,2,Baseline,Laboratory,1,2026-04-14
TF-201-120-009,120,2,Baseline,Randomisation,1,2026-04-17
TF-201-120-009,120,3,Week 4,Vital Signs,1,2026-05-11
TF-201-120-009,120,3,Week 4,PASI Score,1,2026-05-09
TF-201-120-009,120,3,Week 4,Adverse Events,1,2026-05-14
TF-201-120-009,120,4,Week 8,Vital Signs,1,2026-06-08
TF-201-120-009,120,4,Week 8,PASI Score,1,2026-06-13
TF-201-120-009,120,4,Week 8,Laboratory,1,2026-06-07
TF-201-120-009,120,4,Week 8,Adverse Events,1,2026-06-07
TF-201-120-009,120,5,Week 12,Vital Signs,1,2026-07-09
TF-201-120-009,120,5,Week 12,PASI Score,1,2026-07-06
TF-201-120-009,120,5,Week 12,Adverse Events,1,2026-07-15
TF-201-120-009,120,6,Week 16 EOT,Vital Signs,1,2026-08-06
TF-201-120-009,120,6,Week 16 EOT,PASI Score,1,2026-07-29
TF-201-120-009,120,6,Week 16 EOT,Laboratory,1,2026-08-02
TF-201-120-009,120,6,Week 16 EOT,Adverse Events,1,2026-07-29
TF-201-120-009,120,6,Week 16 EOT,End of Treatment,1,2026-07-29
TF-201-120-010,120,1,Screening,Demographics,1,2025-11-29
TF-201-120-010,120,1,Screening,Inclusion/Exclusion,1,2025-11-22
TF-201-120-010,120,1,Screening,Medical History,1,2025-11-24
TF-201-120-010,120,1,Screening,Informed Consent,1,2025-11-28
TF-201-120-010,120,1,Screening,Laboratory,1,2025-11-27
TF-201-120-010,120,2,Baseline,Vital Signs,1,2025-12-13
TF-201-120-010,120,2,Baseline,PASI Score,1,2025-12-19
TF-201-120-010,120,2,Baseline,Laboratory,1,2025-12-19
TF-201-120-010,120,2,Baseline,Randomisation,1,2025-12-17
TF-201-120-010,120,3,Week 4,Vital Signs,1,2026-01-12
TF-201-120-010,120,3,Week 4,PASI Score,1,2026-01-06
TF-201-120-010,120,3,Week 4,Adverse Events,1,2026-01-06
TF-201-120-010,120,4,Week 8,Vital Signs,1,2026-02-04
TF-201-120-010,120,4,Week 8,PASI Score,1,2026-02-14
TF-201-120-010,120,4,Week 8,Laboratory,1,2026-02-11
TF-201-120-010,120,4,Week 8,Adverse Events,1,2026-02-11
TF-201-120-010,120,5,Week 12,Vital Signs,1,2026-03-11
TF-201-120-010,120,5,Week 12,PASI Score,1,2026-03-11
TF-201-120-010,120,5,Week 12,Adverse Events,1,2026-03-11
TF-201-120-010,120,6,Week 16 EOT,Vital Signs,1,2026-04-14
TF-201-120-010,120,6,Week 16 EOT,PASI Score,1,2026-04-17
TF-201-120-010,120,6,Week 16 EOT,Laboratory,1,2026-04-21
TF-201-120-010,120,6,Week 16 EOT,Adverse Events,1,2026-04-18
TF-201-120-010,120,6,Week 16 EOT,End of Treatment,1,2026-04-19
TF-201-120-011,120,1,Screening,Demographics,1,2025-07-19
TF-201-120-011,120,1,Screening,Inclusion/Exclusion,1,2025-07-20
TF-201-120-011,120,1,Screening,Medical History,1,2025-07-16
TF-201-120-011,120,1,Screening,Informed Consent,1,2025-07-20
TF-201-120-011,120,1,Screening,Laboratory,1,2025-07-20
TF-201-120-011,120,2,Baseline,Vital Signs,1,2025-08-13
TF-201-120-011,120,2,Baseline,PASI Score,1,2025-08-20
TF-201-120-011,120,2,Baseline,Laboratory,0,
TF-201-120-011,120,2,Baseline,Randomisation,1,2025-08-12
TF-201-120-011,120,3,Week 4,Vital Signs,1,2025-09-13
TF-201-120-011,120,3,Week 4,PASI Score,1,2025-09-09
TF-201-120-011,120,3,Week 4,Adverse Events,1,2025-09-12
TF-201-120-011,120,4,Week 8,Vital Signs,1,2025-10-07
TF-201-120-011,120,4,Week 8,PASI Score,1,2025-10-18
TF-201-120-011,120,4,Week 8,Laboratory,1,2025-10-07
TF-201-120-011,120,4,Week 8,Adverse Events,1,2025-10-09
TF-201-120-011,120,5,Week 12,Vital Signs,1,2025-11-11
TF-201-120-011,120,5,Week 12,PASI Score,1,2025-11-02
TF-201-120-011,120,5,Week 12,Adverse Events,1,2025-11-06
TF-201-120-011,120,6,Week 16 EOT,Vital Signs,1,2025-12-13
TF-201-120-011,120,6,Week 16 EOT,PASI Score,1,2025-12-07
TF-201-120-011,120,6,Week 16 EOT,Laboratory,1,2025-12-08
TF-201-120-011,120,6,Week 16 EOT,Adverse Events,1,2025-12-11
TF-201-120-011,120,6,Week 16 EOT,End of Treatment,1,2025-12-08
TF-201-120-012,120,1,Screening,Demographics,0,
TF-201-120-012,120,1,Screening,Inclusion/Exclusion,1,2026-07-23
TF-201-120-012,120,1,Screening,Medical History,1,2026-07-18
TF-201-120-012,120,1,Screening,Informed Consent,1,2026-07-18
TF-201-120-012,120,1,Screening,Laboratory,1,2026-07-16
TF-201-120-012,120,2,Baseline,Vital Signs,1,2026-08-09
TF-201-120-012,120,2,Baseline,PASI Score,1,2026-08-03
TF-201-120-012,120,2,Baseline,Laboratory,1,2026-08-05
TF-201-120-012,120,2,Baseline,Randomisation,1,2026-08-09
TF-201-120-012,120,3,Week 4,Vital Signs,1,2026-09-02
TF-201-120-012,120,3,Week 4,PASI Score,1,2026-08-29
TF-201-120-012,120,3,Week 4,Adverse Events,0,
TF-201-120-013,120,1,Screening,Demographics,1,2026-08-13
TF-201-120-013,120,1,Screening,Inclusion/Exclusion,1,2026-08-10
TF-201-120-013,120,1,Screening,Medical History,1,2026-08-16
TF-201-120-013,120,1,Screening,Informed Consent,1,2026-08-17
TF-201-120-013,120,1,Screening,Laboratory,1,2026-08-15
TF-201-120-013,120,2,Baseline,Vital Signs,1,2026-09-03
TF-201-120-013,120,2,Baseline,PASI Score,1,2026-09-05
TF-201-120-013,120,2,Baseline,Laboratory,1,2026-09-01
TF-201-120-013,120,2,Baseline,Randomisation,1,2026-08-31
TF-201-120-014,120,1,Screening,Demographics,1,2026-01-20
TF-201-120-014,120,1,Screening,Inclusion/Exclusion,1,2026-01-13
TF-201-120-014,120,1,Screening,Medical History,1,2026-01-16
TF-201-120-014,120,1,Screening,Informed Consent,1,2026-01-14
TF-201-120-014,120,1,Screening,Laboratory,1,2026-01-20
TF-201-120-014,120,2,Baseline,Vital Signs,1,2026-02-08
TF-201-120-014,120,2,Baseline,PASI Score,1,2026-02-10
TF-201-120-014,120,2,Baseline,Laboratory,1,2026-02-11
TF-201-120-014,120,2,Baseline,Randomisation,1,2026-02-07
TF-201-120-014,120,3,Week 4,Vital Signs,1,2026-03-06
TF-201-120-014,120,3,Week 4,PASI Score,1,2026-03-07
TF-201-120-014,120,3,Week 4,Adverse Events,1,2026-03-07
TF-201-120-014,120,4,Week 8,Vital Signs,1,2026-04-04
TF-201-120-014,120,4,Week 8,PASI Score,1,2026-04-06
TF-201-120-014,120,4,Week 8,Laboratory,1,2026-04-15
TF-201-120-014,120,4,Week 8,Adverse Events,1,2026-04-08
TF-201-120-014,120,5,Week 12,Vital Signs,1,2026-05-12
TF-201-120-014,120,5,Week 12,PASI Score,1,2026-05-04
TF-201-120-014,120,5,Week 12,Adverse Events,1,2026-05-13
TF-201-120-014,120,6,Week 16 EOT,Vital Signs,1,2026-06-05
TF-201-120-014,120,6,Week 16 EOT,PASI Score,1,2026-06-11
TF-201-120-014,120,6,Week 16 EOT,Laboratory,1,2026-06-08
TF-201-120-014,120,6,Week 16 EOT,Adverse Events,1,2026-06-08
TF-201-120-014,120,6,Week 16 EOT,End of Treatment,1,2026-06-03
TF-201-120-015,120,1,Screening,Demographics,1,2025-10-04
TF-201-120-015,120,1,Screening,Inclusion/Exclusion,1,2025-10-01
TF-201-120-015,120,1,Screening,Medical History,1,2025-09-29
TF-201-120-015,120,1,Screening,Informed Consent,1,2025-10-01
TF-201-120-015,120,1,Screening,Laboratory,1,2025-09-28
TF-201-120-015,120,2,Baseline,Vital Signs,1,2025-11-17
TF-201-120-015,120,2,Baseline,PASI Score,1,2025-11-08
TF-201-120-015,120,2,Baseline,Laboratory,1,2025-11-17
TF-201-120-015,120,2,Baseline,Randomisation,1,2025-11-16
TF-201-120-015,120,3,Week 4,Vital Signs,1,2025-12-08
TF-201-120-015,120,3,Week 4,PASI Score,1,2025-12-13
TF-201-120-015,120,3,Week 4,Adverse Events,0,
TF-201-120-015,120,4,Week 8,Vital Signs,1,2026-01-12
TF-201-120-015,120,4,Week 8,PASI Score,1,2026-01-10
TF-201-120-015,120,4,Week 8,Laboratory,1,2026-01-06
TF-201-120-015,120,4,Week 8,Adverse Events,1,2026-01-12
TF-201-120-015,120,5,Week 12,Vital Signs,1,2026-02-03
TF-201-120-015,120,5,Week 12,PASI Score,1,2026-02-04
TF-201-120-015,120,5,Week 12,Adverse Events,1,2026-02-02
TF-201-120-015,120,6,Week 16 EOT,Vital Signs,1,2026-03-07
TF-201-120-015,120,6,Week 16 EOT,PASI Score,1,2026-03-06
TF-201-120-015,120,6,Week 16 EOT,Laboratory,1,2026-03-09
TF-201-120-015,120,6,Week 16 EOT,Adverse Events,1,2026-03-03
TF-201-120-015,120,6,Week 16 EOT,End of Treatment,1,2026-03-04
TF-201-120-016,120,1,Screening,Demographics,1,2026-05-13
TF-201-120-016,120,1,Screening,Inclusion/Exclusion,1,2026-05-16
TF-201-120-016,120,1,Screening,Medical History,1,2026-05-17
TF-201-120-016,120,1,Screening,Informed Consent,1,2026-05-18
TF-201-120-016,120,1,Screening,Laboratory,1,2026-05-07
TF-201-120-016,120,2,Baseline,Vital Signs,1,2026-05-31
TF-201-120-016,120,2,Baseline,PASI Score,1,2026-05-29
TF-201-120-016,120,2,Baseline,Laboratory,1,2026-06-07
TF-201-120-016,120,2,Baseline,Randomisation,1,2026-05-31
TF-201-120-016,120,3,Week 4,Vital Signs,1,2026-06-27
TF-201-120-016,120,3,Week 4,PASI Score,1,2026-07-07
TF-201-120-016,120,3,Week 4,Adverse Events,1,2026-07-06
TF-201-120-016,120,4,Week 8,Vital Signs,1,2026-08-03
TF-201-120-016,120,4,Week 8,PASI Score,1,2026-07-26
TF-201-120-016,120,4,Week 8,Laboratory,1,2026-08-06
TF-201-120-016,120,4,Week 8,Adverse Events,1,2026-08-03
TF-201-120-016,120,5,Week 12,Vital Signs,1,2026-08-24
TF-201-120-016,120,5,Week 12,PASI Score,1,2026-08-25
TF-201-120-016,120,5,Week 12,Adverse Events,1,2026-08-20
TF-201-120-017,120,1,Screening,Demographics,1,2025-10-30
TF-201-120-017,120,1,Screening,Inclusion/Exclusion,1,2025-10-24
TF-201-120-017,120,1,Screening,Medical History,1,2025-10-27
TF-201-120-017,120,1,Screening,Informed Consent,1,2025-10-28
TF-201-120-017,120,1,Screening,Laboratory,1,2025-10-31
TF-201-120-017,120,2,Baseline,Vital Signs,1,2025-12-03
TF-201-120-017,120,2,Baseline,PASI Score,1,2025-12-06
TF-201-120-017,120,2,Baseline,Laboratory,1,2025-12-10
TF-201-120-017,120,2,Baseline,Randomisation,1,2025-12-08
TF-201-120-017,120,3,Week 4,Vital Signs,1,2025-12-27
TF-201-120-017,120,3,Week 4,PASI Score,1,2026-01-04
TF-201-120-017,120,3,Week 4,Adverse Events,1,2026-01-04
TF-201-120-017,120,4,Week 8,Vital Signs,1,2026-02-04
TF-201-120-017,120,4,Week 8,PASI Score,1,2026-02-02
TF-201-120-017,120,4,Week 8,Laboratory,1,2026-01-28
TF-201-120-017,120,4,Week 8,Adverse Events,1,2026-01-29
TF-201-120-017,120,5,Week 12,Vital Signs,1,2026-02-19
TF-201-120-017,120,5,Week 12,PASI Score,1,2026-02-22
TF-201-120-017,120,5,Week 12,Adverse Events,1,2026-02-24
TF-201-120-017,120,6,Week 16 EOT,Vital Signs,1,2026-03-28
TF-201-120-017,120,6,Week 16 EOT,PASI Score,1,2026-04-02
TF-201-120-017,120,6,Week 16 EOT,Laboratory,1,2026-03-30
TF-201-120-017,120,6,Week 16 EOT,Adverse Events,1,2026-03-31
TF-201-120-017,120,6,Week 16 EOT,End of Treatment,1,2026-04-03
TF-201-120-018,120,1,Screening,Demographics,1,2026-03-27
TF-201-120-018,120,1,Screening,Inclusion/Exclusion,1,2026-03-28
TF-201-120-018,120,1,Screening,Medical History,1,2026-03-23
TF-201-120-018,120,1,Screening,Informed Consent,1,2026-03-21
TF-201-120-018,120,1,Screening,Laboratory,1,2026-03-22
TF-201-120-018,120,2,Baseline,Vital Signs,1,2026-04-12
TF-201-120-018,120,2,Baseline,PASI Score,0,
TF-201-120-018,120,2,Baseline,Laboratory,1,2026-04-14
TF-201-120-018,120,2,Baseline,Randomisation,1,2026-04-10
TF-201-120-018,120,3,Week 4,Vital Signs,1,2026-05-07
TF-201-120-018,120,3,Week 4,PASI Score,1,2026-05-01
TF-201-120-018,120,3,Week 4,Adverse Events,1,2026-05-12
TF-201-120-018,120,4,Week 8,Vital Signs,1,2026-06-06
TF-201-120-018,120,4,Week 8,PASI Score,1,2026-06-09
TF-201-120-018,120,4,Week 8,Laboratory,1,2026-06-09
TF-201-120-018,120,4,Week 8,Adverse Events,1,2026-06-04
TF-201-120-018,120,5,Week 12,Vital Signs,1,2026-07-05
TF-201-120-018,120,5,Week 12,PASI Score,1,2026-07-07
TF-201-120-018,120,5,Week 12,Adverse Events,1,2026-07-09
TF-201-120-018,120,6,Week 16 EOT,Vital Signs,1,2026-07-29
TF-201-120-018,120,6,Week 16 EOT,PASI Score,1,2026-08-02
TF-201-120-018,120,6,Week 16 EOT,Laboratory,1,2026-07-27
TF-201-120-018,120,6,Week 16 EOT,Adverse Events,1,2026-08-01
TF-201-120-018,120,6,Week 16 EOT,End of Treatment,0,
TF-201-120-019,120,1,Screening,Demographics,1,2026-04-11
TF-201-120-019,120,1,Screening,Inclusion/Exclusion,1,2026-04-06
TF-201-120-019,120,1,Screening,Medical History,1,2026-04-11
TF-201-120-019,120,1,Screening,Informed Consent,1,2026-04-11
TF-201-120-019,120,1,Screening,Laboratory,1,2026-04-12
TF-201-120-019,120,2,Baseline,Vital Signs,1,2026-04-29
TF-201-120-019,120,2,Baseline,PASI Score,1,2026-05-04
TF-201-120-019,120,2,Baseline,Laboratory,1,2026-04-30
TF-201-120-019,120,2,Baseline,Randomisation,1,2026-05-09
TF-201-120-019,120,3,Week 4,Vital Signs,1,2026-06-04
TF-201-120-019,120,3,Week 4,PASI Score,1,2026-05-28
TF-201-120-019,120,3,Week 4,Adverse Events,1,2026-06-07
TF-201-120-019,120,4,Week 8,Vital Signs,1,2026-07-05
TF-201-120-019,120,4,Week 8,PASI Score,1,2026-07-04
TF-201-120-019,120,4,Week 8,Laboratory,1,2026-07-06
TF-201-120-019,120,4,Week 8,Adverse Events,1,2026-07-04
TF-201-120-019,120,5,Week 12,Vital Signs,1,2026-07-20
TF-201-120-019,120,5,Week 12,PASI Score,1,2026-07-19
TF-201-120-019,120,5,Week 12,Adverse Events,1,2026-07-28
TF-201-120-019,120,6,Week 16 EOT,Vital Signs,1,2026-08-22
TF-201-120-019,120,6,Week 16 EOT,PASI Score,1,2026-08-21
TF-201-120-019,120,6,Week 16 EOT,Laboratory,1,2026-08-17
TF-201-120-019,120,6,Week 16 EOT,Adverse Events,1,2026-08-24
TF-201-120-019,120,6,Week 16 EOT,End of Treatment,1,2026-08-18
TF-201-120-020,120,1,Screening,Demographics,1,2025-07-08
TF-201-120-020,120,1,Screening,Inclusion/Exclusion,1,2025-07-14
TF-201-120-020,120,1,Screening,Medical History,1,2025-07-14
TF-201-120-020,120,1,Screening,Informed Consent,1,2025-07-07
TF-201-120-020,120,1,Screening,Laboratory,1,2025-07-10
TF-201-120-020,120,2,Baseline,Vital Signs,1,2025-08-13
TF-201-120-020,120,2,Baseline,PASI Score,1,2025-08-14
TF-201-120-020,120,2,Baseline,Laboratory,1,2025-08-11
TF-201-120-020,120,2,Baseline,Randomisation,1,2025-08-19
TF-201-120-020,120,3,Week 4,Vital Signs,1,2025-09-11
TF-201-120-020,120,3,Week 4,PASI Score,1,2025-09-16
TF-201-120-020,120,3,Week 4,Adverse Events,1,2025-09-12
TF-201-120-020,120,4,Week 8,Vital Signs,1,2025-10-18
TF-201-120-020,120,4,Week 8,PASI Score,1,2025-10-10
TF-201-120-020,120,4,Week 8,Laboratory,1,2025-10-15
TF-201-120-020,120,4,Week 8,Adverse Events,1,2025-10-15
TF-201-120-020,120,5,Week 12,Vital Signs,1,2025-11-11
TF-201-120-020,120,5,Week 12,PASI Score,1,2025-11-15
TF-201-120-020,120,5,Week 12,Adverse Events,1,2025-11-11
TF-201-120-020,120,6,Week 16 EOT,Vital Signs,1,2025-12-08
TF-201-120-020,120,6,Week 16 EOT,PASI Score,1,2025-12-09
TF-201-120-020,120,6,Week 16 EOT,Laboratory,1,2025-12-06
TF-201-120-020,120,6,Week 16 EOT,Adverse Events,1,2025-12-13
TF-201-120-020,120,6,Week 16 EOT,End of Treatment,1,2025-12-06
TF-201-120-021,120,1,Screening,Demographics,1,2026-01-05
TF-201-120-021,120,1,Screening,Inclusion/Exclusion,1,2026-01-05
TF-201-120-021,120,1,Screening,Medical History,1,2026-01-09
TF-201-120-021,120,1,Screening,Informed Consent,1,2026-01-09
TF-201-120-021,120,1,Screening,Laboratory,1,2026-01-06
TF-201-120-021,120,2,Baseline,Vital Signs,1,2026-02-08
TF-201-120-021,120,2,Baseline,PASI Score,1,2026-02-09
TF-201-120-021,120,2,Baseline,Laboratory,1,2026-02-04
TF-201-120-021,120,2,Baseline,Randomisation,1,2026-02-09
TF-201-120-021,120,3,Week 4,Vital Signs,1,2026-03-04
TF-201-120-021,120,3,Week 4,PASI Score,1,2026-03-11
TF-201-120-021,120,3,Week 4,Adverse Events,1,2026-03-08
TF-201-120-021,120,4,Week 8,Vital Signs,1,2026-04-02
TF-201-120-021,120,4,Week 8,PASI Score,1,2026-04-05
TF-201-120-021,120,4,Week 8,Laboratory,1,2026-04-05
TF-201-120-021,120,4,Week 8,Adverse Events,1,2026-03-28
TF-201-120-021,120,5,Week 12,Vital Signs,1,2026-05-02
TF-201-120-021,120,5,Week 12,PASI Score,1,2026-04-29
TF-201-120-021,120,5,Week 12,Adverse Events,1,2026-05-02
TF-201-120-021,120,6,Week 16 EOT,Vital Signs,1,2026-05-29
TF-201-120-021,120,6,Week 16 EOT,PASI Score,1,2026-05-28
TF-201-120-021,120,6,Week 16 EOT,Laboratory,1,2026-05-29
TF-201-120-021,120,6,Week 16 EOT,Adverse Events,1,2026-05-25
TF-201-120-021,120,6,Week 16 EOT,End of Treatment,1,2026-05-23
TF-201-120-022,120,1,Screening,Demographics,1,2026-02-10
TF-201-120-022,120,1,Screening,Inclusion/Exclusion,1,2026-01-30
TF-201-120-022,120,1,Screening,Medical History,1,2026-02-02
TF-201-120-022,120,1,Screening,Informed Consent,1,2026-02-10
TF-201-120-022,120,1,Screening,Laboratory,1,2026-02-10
TF-201-120-022,120,2,Baseline,Vital Signs,1,2026-02-22
TF-201-120-022,120,2,Baseline,PASI Score,1,2026-02-27
TF-201-120-022,120,2,Baseline,Laboratory,0,
TF-201-120-022,120,2,Baseline,Randomisation,1,2026-02-17
TF-201-120-022,120,3,Week 4,Vital Signs,1,2026-03-26
TF-201-120-022,120,3,Week 4,PASI Score,1,2026-03-20
TF-201-120-022,120,3,Week 4,Adverse Events,1,2026-03-30
TF-201-120-022,120,4,Week 8,Vital Signs,1,2026-04-20
TF-201-120-022,120,4,Week 8,PASI Score,1,2026-04-20
TF-201-120-022,120,4,Week 8,Laboratory,1,2026-04-22
TF-201-120-022,120,4,Week 8,Adverse Events,1,2026-04-15
TF-201-120-022,120,5,Week 12,Vital Signs,1,2026-05-17
TF-201-120-022,120,5,Week 12,PASI Score,1,2026-05-15
TF-201-120-022,120,5,Week 12,Adverse Events,1,2026-05-16
TF-201-120-022,120,6,Week 16 EOT,Vital Signs,1,2026-06-04
TF-201-120-022,120,6,Week 16 EOT,PASI Score,0,
TF-201-120-022,120,6,Week 16 EOT,Laboratory,1,2026-06-05
TF-201-120-022,120,6,Week 16 EOT,Adverse Events,1,2026-06-14
TF-201-120-022,120,6,Week 16 EOT,End of Treatment,1,2026-06-09
TF-201-120-023,120,1,Screening,Demographics,1,2026-03-03
TF-201-120-023,120,1,Screening,Inclusion/Exclusion,1,2026-02-28
TF-201-120-023,120,1,Screening,Medical History,1,2026-02-20
TF-201-120-023,120,1,Screening,Informed Consent,1,2026-03-03
TF-201-120-023,120,1,Screening,Laboratory,1,2026-03-02
TF-201-120-023,120,2,Baseline,Vital Signs,1,2026-03-25
TF-201-120-023,120,2,Baseline,PASI Score,1,2026-03-20
TF-201-120-023,120,2,Baseline,Laboratory,1,2026-03-19
TF-201-120-023,120,2,Baseline,Randomisation,1,2026-03-23
TF-201-120-023,120,3,Week 4,Vital Signs,1,2026-04-12
TF-201-120-023,120,3,Week 4,PASI Score,1,2026-04-16
TF-201-120-023,120,3,Week 4,Adverse Events,1,2026-04-18
TF-201-120-023,120,4,Week 8,Vital Signs,1,2026-05-17
TF-201-120-023,120,4,Week 8,PASI Score,1,2026-05-11
TF-201-120-023,120,4,Week 8,Laboratory,1,2026-05-14
TF-201-120-023,120,4,Week 8,Adverse Events,1,2026-05-18
TF-201-120-023,120,5,Week 12,Vital Signs,1,2026-06-06
TF-201-120-023,120,5,Week 12,PASI Score,1,2026-06-13
TF-201-120-023,120,5,Week 12,Adverse Events,1,2026-06-12
TF-201-120-023,120,6,Week 16 EOT,Vital Signs,1,2026-07-17
TF-201-120-023,120,6,Week 16 EOT,PASI Score,1,2026-07-21
TF-201-120-023,120,6,Week 16 EOT,Laboratory,1,2026-07-18
TF-201-120-023,120,6,Week 16 EOT,Adverse Events,1,2026-07-14
TF-201-120-023,120,6,Week 16 EOT,End of Treatment,1,2026-07-19
TF-201-120-024,120,1,Screening,Demographics,1,2026-02-07
TF-201-120-024,120,1,Screening,Inclusion/Exclusion,1,2026-02-12
TF-201-120-024,120,1,Screening,Medical History,1,2026-02-13
TF-201-120-024,120,1,Screening,Informed Consent,1,2026-02-10
TF-201-120-024,120,1,Screening,Laboratory,1,2026-02-10
TF-201-120-024,120,2,Baseline,Vital Signs,1,2026-03-16
TF-201-120-024,120,2,Baseline,PASI Score,1,2026-03-13
TF-201-120-024,120,2,Baseline,Laboratory,0,
TF-201-120-024,120,2,Baseline,Randomisation,1,2026-03-10
TF-201-120-024,120,3,Week 4,Vital Signs,1,2026-04-05
TF-201-120-024,120,3,Week 4,PASI Score,1,2026-04-12
TF-201-120-024,120,3,Week 4,Adverse Events,1,2026-04-11
TF-201-120-024,120,4,Week 8,Vital Signs,1,2026-05-03
TF-201-120-024,120,4,Week 8,PASI Score,1,2026-05-02
TF-201-120-024,120,4,Week 8,Laboratory,1,2026-05-04
TF-201-120-024,120,4,Week 8,Adverse Events,1,2026-05-08
TF-201-120-024,120,5,Week 12,Vital Signs,1,2026-05-31
TF-201-120-024,120,5,Week 12,PASI Score,1,2026-06-06
TF-201-120-024,120,5,Week 12,Adverse Events,1,2026-05-31
TF-201-120-024,120,6,Week 16 EOT,Vital Signs,1,2026-07-04
TF-201-120-024,120,6,Week 16 EOT,PASI Score,1,2026-07-15
TF-201-120-024,120,6,Week 16 EOT,Laboratory,1,2026-07-11
TF-201-120-024,120,6,Week 16 EOT,Adverse Events,1,2026-07-14
TF-201-120-024,120,6,Week 16 EOT,End of Treatment,1,2026-07-09
TF-201-120-025,120,1,Screening,Demographics,1,2026-07-20
TF-201-120-025,120,1,Screening,Inclusion/Exclusion,1,2026-07-17
TF-201-120-025,120,1,Screening,Medical History,1,2026-07-18
TF-201-120-025,120,1,Screening,Informed Consent,1,2026-07-18
TF-201-120-025,120,1,Screening,Laboratory,1,2026-07-24
TF-201-120-025,120,2,Baseline,Vital Signs,1,2026-08-18
TF-201-120-025,120,2,Baseline,PASI Score,1,2026-08-20
TF-201-120-025,120,2,Baseline,Laboratory,1,2026-08-20
TF-201-120-025,120,2,Baseline,Randomisation,1,2026-08-25
TF-201-121-001,121,1,Screening,Demographics,1,2026-08-16
TF-201-121-001,121,1,Screening,Inclusion/Exclusion,1,2026-08-13
TF-201-121-001,121,1,Screening,Medical History,1,2026-08-17
TF-201-121-001,121,1,Screening,Informed Consent,1,2026-08-15
TF-201-121-001,121,1,Screening,Laboratory,1,2026-08-19
TF-201-121-001,121,2,Baseline,Vital Signs,1,2026-09-02
TF-201-121-001,121,2,Baseline,PASI Score,1,2026-09-03
TF-201-121-001,121,2,Baseline,Laboratory,1,2026-09-08
TF-201-121-001,121,2,Baseline,Randomisation,1,2026-09-05
TF-201-121-002,121,1,Screening,Demographics,1,2026-07-20
TF-201-121-002,121,1,Screening,Inclusion/Exclusion,1,2026-07-26
TF-201-121-002,121,1,Screening,Medical History,1,2026-07-22
TF-201-121-002,121,1,Screening,Informed Consent,0,
TF-201-121-002,121,1,Screening,Laboratory,1,2026-07-24
TF-201-121-002,121,2,Baseline,Vital Signs,1,2026-08-31
TF-201-121-002,121,2,Baseline,PASI Score,1,2026-08-28
TF-201-121-002,121,2,Baseline,Laboratory,1,2026-08-27
TF-201-121-002,121,2,Baseline,Randomisation,1,2026-09-07
TF-201-121-003,121,1,Screening,Demographics,1,2026-07-20
TF-201-121-003,121,1,Screening,Inclusion/Exclusion,1,2026-07-22
TF-201-121-003,121,1,Screening,Medical History,1,2026-07-20
TF-201-121-003,121,1,Screening,Informed Consent,1,2026-07-23
TF-201-121-003,121,1,Screening,Laboratory,1,2026-07-21
TF-201-121-003,121,2,Baseline,Vital Signs,1,2026-08-31
TF-201-121-003,121,2,Baseline,PASI Score,1,2026-08-28
TF-201-121-003,121,2,Baseline,Laboratory,1,2026-08-26
TF-201-121-003,121,2,Baseline,Randomisation,1,2026-08-30
TF-201-121-004,121,1,Screening,Demographics,1,2026-06-15
TF-201-121-004,121,1,Screening,Inclusion/Exclusion,1,2026-06-10
TF-201-121-004,121,1,Screening,Medical History,1,2026-06-07
TF-201-121-004,121,1,Screening,Informed Consent,1,2026-06-12
TF-201-121-004,121,1,Screening,Laboratory,1,2026-06-14
TF-201-121-004,121,2,Baseline,Vital Signs,1,2026-06-26
TF-201-121-004,121,2,Baseline,PASI Score,1,2026-07-02
TF-201-121-004,121,2,Baseline,Laboratory,1,2026-07-03
TF-201-121-004,121,2,Baseline,Randomisation,1,2026-07-07
TF-201-121-004,121,3,Week 4,Vital Signs,1,2026-07-26
TF-201-121-004,121,3,Week 4,PASI Score,1,2026-07-25
TF-201-121-004,121,3,Week 4,Adverse Events,1,2026-07-31
TF-201-121-004,121,4,Week 8,Vital Signs,1,2026-08-23
TF-201-121-004,121,4,Week 8,PASI Score,1,2026-08-30
TF-201-121-004,121,4,Week 8,Laboratory,1,2026-08-22
TF-201-121-004,121,4,Week 8,Adverse Events,1,2026-08-26
TF-201-121-005,121,1,Screening,Demographics,1,2025-10-27
TF-201-121-005,121,1,Screening,Inclusion/Exclusion,1,2025-10-21
TF-201-121-005,121,1,Screening,Medical History,1,2025-10-20
TF-201-121-005,121,1,Screening,Informed Consent,1,2025-10-17
TF-201-121-005,121,1,Screening,Laboratory,1,2025-10-17
TF-201-121-005,121,2,Baseline,Vital Signs,1,2025-11-24
TF-201-121-005,121,2,Baseline,PASI Score,1,2025-11-26
TF-201-121-005,121,2,Baseline,Laboratory,1,2025-11-20
TF-201-121-005,121,2,Baseline,Randomisation,1,2025-11-24
TF-201-121-005,121,3,Week 4,Vital Signs,1,2025-12-17
TF-201-121-005,121,3,Week 4,PASI Score,1,2025-12-18
TF-201-121-005,121,3,Week 4,Adverse Events,1,2025-12-13
TF-201-121-005,121,4,Week 8,Vital Signs,1,2026-01-09
TF-201-121-005,121,4,Week 8,PASI Score,1,2026-01-18
TF-201-121-005,121,4,Week 8,Laboratory,1,2026-01-10
TF-201-121-005,121,4,Week 8,Adverse Events,1,2026-01-11
TF-201-121-005,121,5,Week 12,Vital Signs,1,2026-02-15
TF-201-121-005,121,5,Week 12,PASI Score,1,2026-02-14
TF-201-121-005,121,5,Week 12,Adverse Events,1,2026-02-11
TF-201-121-005,121,6,Week 16 EOT,Vital Signs,1,2026-02-25
TF-201-121-005,121,6,Week 16 EOT,PASI Score,1,2026-03-07
TF-201-121-005,121,6,Week 16 EOT,Laboratory,1,2026-02-25
TF-201-121-005,121,6,Week 16 EOT,Adverse Events,1,2026-03-03
TF-201-121-005,121,6,Week 16 EOT,End of Treatment,1,2026-02-27
TF-201-121-006,121,1,Screening,Demographics,1,2026-08-04
TF-201-121-006,121,1,Screening,Inclusion/Exclusion,1,2026-08-06
TF-201-121-006,121,1,Screening,Medical History,1,2026-07-28
TF-201-121-006,121,1,Screening,Informed Consent,1,2026-08-03
TF-201-121-006,121,1,Screening,Laboratory,1,2026-08-03
TF-201-121-006,121,2,Baseline,Vital Signs,1,2026-09-01
TF-201-121-006,121,2,Baseline,PASI Score,1,2026-08-28
TF-201-121-006,121,2,Baseline,Laboratory,1,2026-09-04
TF-201-121-006,121,2,Baseline,Randomisation,1,2026-08-30
TF-201-121-007,121,1,Screening,Demographics,1,2025-10-03
TF-201-121-007,121,1,Screening,Inclusion/Exclusion,1,2025-10-09
TF-201-121-007,121,1,Screening,Medical History,1,2025-10-06
TF-201-121-007,121,1,Screening,Informed Consent,1,2025-10-08
TF-201-121-007,121,1,Screening,Laboratory,1,2025-10-13
TF-201-121-007,121,2,Baseline,Vital Signs,1,2025-10-27
TF-201-121-007,121,2,Baseline,PASI Score,1,2025-10-27
TF-201-121-007,121,2,Baseline,Laboratory,1,2025-10-30
TF-201-121-007,121,2,Baseline,Randomisation,1,2025-10-26
TF-201-121-007,121,3,Week 4,Vital Signs,1,2025-12-05
TF-201-121-007,121,3,Week 4,PASI Score,1,2025-11-27
TF-201-121-007,121,3,Week 4,Adverse Events,1,2025-11-26
TF-201-121-007,121,4,Week 8,Vital Signs,1,2025-12-24
TF-201-121-007,121,4,Week 8,PASI Score,1,2025-12-29
TF-201-121-007,121,4,Week 8,Laboratory,1,2025-12-22
TF-201-121-007,121,4,Week 8,Adverse Events,1,2025-12-27
TF-201-121-007,121,5,Week 12,Vital Signs,1,2026-02-01
TF-201-121-007,121,5,Week 12,PASI Score,1,2026-01-27
TF-201-121-007,121,5,Week 12,Adverse Events,1,2026-01-31
TF-201-121-007,121,6,Week 16 EOT,Vital Signs,0,
TF-201-121-007,121,6,Week 16 EOT,PASI Score,1,2026-02-19
TF-201-121-007,121,6,Week 16 EOT,Laboratory,1,2026-02-17
TF-201-121-007,121,6,Week 16 EOT,Adverse Events,1,2026-02-17
TF-201-121-007,121,6,Week 16 EOT,End of Treatment,1,2026-02-18
TF-201-121-008,121,1,Screening,Demographics,1,2026-08-03
TF-201-121-008,121,1,Screening,Inclusion/Exclusion,1,2026-07-25
TF-201-121-008,121,1,Screening,Medical History,1,2026-07-26
TF-201-121-008,121,1,Screening,Informed Consent,1,2026-07-25
TF-201-121-008,121,1,Screening,Laboratory,1,2026-07-26
TF-201-121-008,121,2,Baseline,Vital Signs,1,2026-09-02
TF-201-121-008,121,2,Baseline,PASI Score,1,2026-08-29
TF-201-121-008,121,2,Baseline,Laboratory,1,2026-09-02
TF-201-121-008,121,2,Baseline,Randomisation,1,2026-08-29
TF-201-121-009,121,1,Screening,Demographics,1,2025-11-16
TF-201-121-009,121,1,Screening,Inclusion/Exclusion,1,2025-11-19
TF-201-121-009,121,1,Screening,Medical History,1,2025-11-10
TF-201-121-009,121,1,Screening,Informed Consent,1,2025-11-12
TF-201-121-009,121,1,Screening,Laboratory,1,2025-11-16
TF-201-121-009,121,2,Baseline,Vital Signs,1,2025-12-12
TF-201-121-009,121,2,Baseline,PASI Score,1,2025-12-09
TF-201-121-009,121,2,Baseline,Laboratory,1,2025-12-06
TF-201-121-009,121,2,Baseline,Randomisation,1,2025-12-11
TF-201-121-009,121,3,Week 4,Vital Signs,1,2025-12-30
TF-201-121-009,121,3,Week 4,PASI Score,1,2025-12-29
TF-201-121-009,121,3,Week 4,Adverse Events,1,2025-12-27
TF-201-121-009,121,4,Week 8,Vital Signs,1,2026-01-27
TF-201-121-009,121,4,Week 8,PASI Score,1,2026-02-05
TF-201-121-009,121,4,Week 8,Laboratory,1,2026-02-02
TF-201-121-009,121,4,Week 8,Adverse Events,1,2026-01-29
TF-201-121-009,121,5,Week 12,Vital Signs,1,2026-02-28
TF-201-121-009,121,5,Week 12,PASI Score,1,2026-02-27
TF-201-121-009,121,5,Week 12,Adverse Events,1,2026-02-22
TF-201-121-009,121,6,Week 16 EOT,Vital Signs,1,2026-03-21
TF-201-121-009,121,6,Week 16 EOT,PASI Score,1,2026-03-21
TF-201-121-009,121,6,Week 16 EOT,Laboratory,1,2026-03-25
TF-201-121-009,121,6,Week 16 EOT,Adverse Events,1,2026-03-24
TF-201-121-009,121,6,Week 16 EOT,End of Treatment,1,2026-03-23
TF-201-121-010,121,1,Screening,Demographics,1,2026-03-29
TF-201-121-010,121,1,Screening,Inclusion/Exclusion,1,2026-03-21
TF-201-121-010,121,1,Screening,Medical History,1,2026-03-20
TF-201-121-010,121,1,Screening,Informed Consent,1,2026-03-26
TF-201-121-010,121,1,Screening,Laboratory,1,2026-03-26
TF-201-121-010,121,2,Baseline,Vital Signs,1,2026-05-02
TF-201-121-010,121,2,Baseline,PASI Score,1,2026-04-30
TF-201-121-010,121,2,Baseline,Laboratory,1,2026-05-04
TF-201-121-010,121,2,Baseline,Randomisation,1,2026-05-04
TF-201-121-010,121,4,Week 8,Vital Signs,1,2026-06-27
TF-201-121-010,121,4,Week 8,PASI Score,1,2026-06-23
TF-201-121-010,121,4,Week 8,Laboratory,1,2026-06-28
TF-201-121-010,121,4,Week 8,Adverse Events,1,2026-06-25
TF-201-121-010,121,5,Week 12,Vital Signs,1,2026-07-30
TF-201-121-010,121,5,Week 12,PASI Score,1,2026-08-05
TF-201-121-010,121,5,Week 12,Adverse Events,1,2026-07-29
TF-201-121-010,121,6,Week 16 EOT,Vital Signs,1,2026-08-17
TF-201-121-010,121,6,Week 16 EOT,PASI Score,1,2026-08-27
TF-201-121-010,121,6,Week 16 EOT,Laboratory,1,2026-08-23
TF-201-121-010,121,6,Week 16 EOT,Adverse Events,1,2026-08-16
TF-201-121-010,121,6,Week 16 EOT,End of Treatment,1,2026-08-26
TF-201-121-011,121,1,Screening,Demographics,1,2025-07-27
TF-201-121-011,121,1,Screening,Inclusion/Exclusion,1,2025-07-25
TF-201-121-011,121,1,Screening,Medical History,1,2025-07-30
TF-201-121-011,121,1,Screening,Informed Consent,1,2025-07-26
TF-201-121-011,121,1,Screening,Laboratory,1,2025-07-28
TF-201-121-011,121,2,Baseline,Vital Signs,1,2025-09-08
TF-201-121-011,121,2,Baseline,PASI Score,1,2025-09-11
TF-201-121-011,121,2,Baseline,Laboratory,1,2025-09-02
TF-201-121-011,121,2,Baseline,Randomisation,1,2025-09-11
TF-201-121-011,121,3,Week 4,Vital Signs,1,2025-09-28
TF-201-121-011,121,3,Week 4,PASI Score,1,2025-10-07
TF-201-121-011,121,3,Week 4,Adverse Events,1,2025-10-01
TF-201-121-011,121,4,Week 8,Vital Signs,1,2025-10-27
TF-201-121-011,121,4,Week 8,PASI Score,1,2025-10-26
TF-201-121-011,121,4,Week 8,Laboratory,1,2025-10-26
TF-201-121-011,121,4,Week 8,Adverse Events,1,2025-10-25
TF-201-121-011,121,5,Week 12,Vital Signs,1,2025-11-30
TF-201-121-011,121,5,Week 12,PASI Score,1,2025-11-28
TF-201-121-011,121,5,Week 12,Adverse Events,1,2025-11-29
TF-201-121-011,121,6,Week 16 EOT,Vital Signs,1,2025-12-29
TF-201-121-011,121,6,Week 16 EOT,PASI Score,1,2026-01-03
TF-201-121-011,121,6,Week 16 EOT,Laboratory,1,2025-12-29
TF-201-121-011,121,6,Week 16 EOT,Adverse Events,1,2025-12-31
TF-201-121-011,121,6,Week 16 EOT,End of Treatment,1,2026-01-01
TF-201-121-012,121,1,Screening,Demographics,1,2026-06-03
TF-201-121-012,121,1,Screening,Inclusion/Exclusion,1,2026-06-04
TF-201-121-012,121,1,Screening,Medical History,1,2026-06-05
TF-201-121-012,121,1,Screening,Informed Consent,1,2026-05-29
TF-201-121-012,121,1,Screening,Laboratory,1,2026-06-04
TF-201-121-012,121,2,Baseline,Vital Signs,1,2026-07-06
TF-201-121-012,121,2,Baseline,PASI Score,1,2026-07-08
TF-201-121-012,121,2,Baseline,Laboratory,1,2026-07-02
TF-201-121-012,121,2,Baseline,Randomisation,1,2026-06-27
TF-201-121-012,121,3,Week 4,Vital Signs,1,2026-08-03
TF-201-121-012,121,3,Week 4,PASI Score,1,2026-07-28
TF-201-121-012,121,3,Week 4,Adverse Events,1,2026-08-04
TF-201-121-013,121,1,Screening,Demographics,1,2025-05-25
TF-201-121-013,121,1,Screening,Inclusion/Exclusion,1,2025-05-29
TF-201-121-013,121,1,Screening,Medical History,1,2025-06-03
TF-201-121-013,121,1,Screening,Informed Consent,1,2025-06-04
TF-201-121-013,121,1,Screening,Laboratory,1,2025-05-28
TF-201-121-013,121,2,Baseline,Vital Signs,1,2025-07-13
TF-201-121-013,121,2,Baseline,PASI Score,1,2025-07-17
TF-201-121-013,121,2,Baseline,Laboratory,1,2025-07-07
TF-201-121-013,121,2,Baseline,Randomisation,1,2025-07-09
TF-201-121-013,121,3,Week 4,Vital Signs,1,2025-08-08
TF-201-121-013,121,3,Week 4,PASI Score,1,2025-08-14
TF-201-121-013,121,3,Week 4,Adverse Events,1,2025-08-16
TF-201-121-013,121,4,Week 8,Vital Signs,1,2025-09-04
TF-201-121-013,121,4,Week 8,PASI Score,1,2025-09-03
TF-201-121-013,121,4,Week 8,Laboratory,1,2025-09-08
TF-201-121-013,121,4,Week 8,Adverse Events,1,2025-09-03
TF-201-121-013,121,5,Week 12,Vital Signs,1,2025-10-04
TF-201-121-013,121,5,Week 12,PASI Score,1,2025-09-30
TF-201-121-013,121,5,Week 12,Adverse Events,1,2025-09-26
TF-201-121-013,121,6,Week 16 EOT,Vital Signs,1,2025-11-01
TF-201-121-013,121,6,Week 16 EOT,PASI Score,1,2025-11-08
TF-201-121-013,121,6,Week 16 EOT,Laboratory,1,2025-11-11
TF-201-121-013,121,6,Week 16 EOT,Adverse Events,1,2025-11-03
TF-201-121-013,121,6,Week 16 EOT,End of Treatment,1,2025-11-11
TF-201-121-014,121,1,Screening,Demographics,1,2025-07-29
TF-201-121-014,121,1,Screening,Inclusion/Exclusion,1,2025-07-21
TF-201-121-014,121,1,Screening,Medical History,1,2025-07-28
TF-201-121-014,121,1,Screening,Informed Consent,1,2025-07-23
TF-201-121-014,121,1,Screening,Laboratory,1,2025-07-27
TF-201-121-014,121,2,Baseline,Vital Signs,1,2025-08-22
TF-201-121-014,121,2,Baseline,PASI Score,1,2025-08-20
TF-201-121-014,121,2,Baseline,Laboratory,1,2025-08-21
TF-201-121-014,121,2,Baseline,Randomisation,1,2025-08-22
TF-201-121-014,121,3,Week 4,Vital Signs,1,2025-09-28
TF-201-121-014,121,3,Week 4,PASI Score,1,2025-09-25
TF-201-121-014,121,3,Week 4,Adverse Events,1,2025-09-18
TF-201-121-014,121,4,Week 8,Vital Signs,1,2025-10-21
TF-201-121-014,121,4,Week 8,PASI Score,1,2025-10-21
TF-201-121-014,121,4,Week 8,Laboratory,1,2025-10-17
TF-201-121-014,121,4,Week 8,Adverse Events,1,2025-10-25
TF-201-121-014,121,5,Week 12,Vital Signs,1,2025-11-16
TF-201-121-014,121,5,Week 12,PASI Score,1,2025-11-14
TF-201-121-014,121,5,Week 12,Adverse Events,1,2025-11-17
TF-201-121-014,121,6,Week 16 EOT,Vital Signs,1,2025-12-14
TF-201-121-014,121,6,Week 16 EOT,PASI Score,1,2025-12-09
TF-201-121-014,121,6,Week 16 EOT,Laboratory,1,2025-12-19
TF-201-121-014,121,6,Week 16 EOT,Adverse Events,1,2025-12-08
TF-201-121-014,121,6,Week 16 EOT,End of Treatment,1,2025-12-10
TF-201-121-015,121,1,Screening,Demographics,1,2025-11-26
TF-201-121-015,121,1,Screening,Inclusion/Exclusion,1,2025-11-26
TF-201-121-015,121,1,Screening,Medical History,1,2025-12-03
TF-201-121-015,121,1,Screening,Informed Consent,1,2025-12-05
TF-201-121-015,121,1,Screening,Laboratory,1,2025-12-03
TF-201-121-015,121,2,Baseline,Vital Signs,1,2026-01-08
TF-201-121-015,121,2,Baseline,PASI Score,1,2026-01-08
TF-201-121-015,121,2,Baseline,Laboratory,1,2026-01-08
TF-201-121-015,121,2,Baseline,Randomisation,1,2026-01-08
TF-201-121-015,121,3,Week 4,Vital Signs,1,2026-02-17
TF-201-121-015,121,3,Week 4,PASI Score,1,2026-02-07
TF-201-121-015,121,3,Week 4,Adverse Events,1,2026-02-18
TF-201-121-015,121,4,Week 8,Vital Signs,1,2026-02-27
TF-201-121-015,121,4,Week 8,PASI Score,1,2026-03-04
TF-201-121-015,121,4,Week 8,Laboratory,1,2026-03-09
TF-201-121-015,121,4,Week 8,Adverse Events,1,2026-03-06
TF-201-121-015,121,5,Week 12,Vital Signs,1,2026-04-08
TF-201-121-015,121,5,Week 12,PASI Score,1,2026-04-09
TF-201-121-015,121,5,Week 12,Adverse Events,1,2026-04-08
TF-201-121-015,121,6,Week 16 EOT,Vital Signs,1,2026-04-21
TF-201-121-015,121,6,Week 16 EOT,PASI Score,1,2026-04-29
TF-201-121-015,121,6,Week 16 EOT,Laboratory,1,2026-04-26
TF-201-121-015,121,6,Week 16 EOT,Adverse Events,1,2026-04-25
TF-201-121-015,121,6,Week 16 EOT,End of Treatment,1,2026-05-01
TF-201-122-001,122,1,Screening,Demographics,1,2025-12-08
TF-201-122-001,122,1,Screening,Inclusion/Exclusion,1,2025-12-06
TF-201-122-001,122,1,Screening,Medical History,1,2025-12-04
TF-201-122-001,122,1,Screening,Informed Consent,1,2025-12-04
TF-201-122-001,122,1,Screening,Laboratory,1,2025-12-02
TF-201-122-001,122,2,Baseline,Vital Signs,1,2026-01-22
TF-201-122-001,122,2,Baseline,PASI Score,1,2026-01-20
TF-201-122-001,122,2,Baseline,Laboratory,1,2026-01-20
TF-201-122-001,122,2,Baseline,Randomisation,1,2026-01-17
TF-201-122-001,122,3,Week 4,Vital Signs,1,2026-02-18
TF-201-122-001,122,3,Week 4,PASI Score,1,2026-02-17
TF-201-122-001,122,3,Week 4,Adverse Events,1,2026-02-12
TF-201-122-001,122,4,Week 8,Vital Signs,1,2026-03-15
TF-201-122-001,122,4,Week 8,PASI Score,1,2026-03-11
TF-201-122-001,122,4,Week 8,Laboratory,1,2026-03-21
TF-201-122-001,122,4,Week 8,Adverse Events,1,2026-03-12
TF-201-122-001,122,5,Week 12,Vital Signs,1,2026-04-10
TF-201-122-001,122,5,Week 12,PASI Score,1,2026-04-12
TF-201-122-001,122,5,Week 12,Adverse Events,1,2026-04-06
TF-201-122-001,122,6,Week 16 EOT,Vital Signs,1,2026-05-12
TF-201-122-001,122,6,Week 16 EOT,PASI Score,1,2026-05-09
TF-201-122-001,122,6,Week 16 EOT,Laboratory,1,2026-05-13
TF-201-122-001,122,6,Week 16 EOT,Adverse Events,1,2026-05-14
TF-201-122-001,122,6,Week 16 EOT,End of Treatment,1,2026-05-14
TF-201-122-002,122,1,Screening,Demographics,1,2026-04-11
TF-201-122-002,122,1,Screening,Inclusion/Exclusion,1,2026-04-05
TF-201-122-002,122,1,Screening,Medical History,1,2026-04-09
TF-201-122-002,122,1,Screening,Informed Consent,1,2026-04-04
TF-201-122-002,122,1,Screening,Laboratory,1,2026-04-04
TF-201-122-002,122,2,Baseline,Vital Signs,1,2026-04-24
TF-201-122-002,122,2,Baseline,PASI Score,1,2026-04-23
TF-201-122-002,122,2,Baseline,Laboratory,1,2026-05-04
TF-201-122-002,122,2,Baseline,Randomisation,1,2026-04-28
TF-201-122-002,122,3,Week 4,Vital Signs,1,2026-05-28
TF-201-122-002,122,3,Week 4,PASI Score,1,2026-05-23
TF-201-122-002,122,3,Week 4,Adverse Events,1,2026-05-25
TF-201-122-002,122,4,Week 8,Vital Signs,1,2026-06-23
TF-201-122-002,122,4,Week 8,PASI Score,1,2026-06-24
TF-201-122-002,122,4,Week 8,Laboratory,1,2026-06-27
TF-201-122-002,122,4,Week 8,Adverse Events,1,2026-06-25
TF-201-122-002,122,5,Week 12,Vital Signs,1,2026-07-27
TF-201-122-002,122,5,Week 12,PASI Score,1,2026-07-25
TF-201-122-002,122,5,Week 12,Adverse Events,1,2026-07-17
TF-201-122-002,122,6,Week 16 EOT,Vital Signs,1,2026-08-10
TF-201-122-002,122,6,Week 16 EOT,PASI Score,1,2026-08-10
TF-201-122-002,122,6,Week 16 EOT,Laboratory,1,2026-08-09
TF-201-122-002,122,6,Week 16 EOT,Adverse Events,1,2026-08-07
TF-201-122-002,122,6,Week 16 EOT,End of Treatment,1,2026-08-16
TF-201-122-003,122,1,Screening,Demographics,1,2026-04-18
TF-201-122-003,122,1,Screening,Inclusion/Exclusion,1,2026-04-16
TF-201-122-003,122,1,Screening,Medical History,1,2026-04-21
TF-201-122-003,122,1,Screening,Informed Consent,1,2026-04-15
TF-201-122-003,122,1,Screening,Laboratory,1,2026-04-19
TF-201-122-003,122,2,Baseline,Vital Signs,1,2026-05-27
TF-201-122-003,122,2,Baseline,PASI Score,1,2026-05-23
TF-201-122-003,122,2,Baseline,Laboratory,1,2026-05-23
TF-201-122-003,122,2,Baseline,Randomisation,1,2026-05-31
TF-201-122-003,122,3,Week 4,Vital Signs,1,2026-06-27
TF-201-122-003,122,3,Week 4,PASI Score,1,2026-06-20
TF-201-122-003,122,3,Week 4,Adverse Events,1,2026-06-29
TF-201-122-003,122,4,Week 8,Vital Signs,1,2026-07-20
TF-201-122-003,122,4,Week 8,PASI Score,1,2026-07-18
TF-201-122-003,122,4,Week 8,Laboratory,1,2026-07-23
TF-201-122-003,122,4,Week 8,Adverse Events,1,2026-07-19
TF-201-122-004,122,1,Screening,Demographics,1,2026-02-18
TF-201-122-004,122,1,Screening,Inclusion/Exclusion,1,2026-02-23
TF-201-122-004,122,1,Screening,Medical History,1,2026-02-14
TF-201-122-004,122,1,Screening,Informed Consent,1,2026-02-18
TF-201-122-004,122,1,Screening,Laboratory,1,2026-02-16
TF-201-122-004,122,2,Baseline,Vital Signs,1,2026-03-21
TF-201-122-004,122,2,Baseline,PASI Score,1,2026-03-29
TF-201-122-004,122,2,Baseline,Laboratory,1,2026-03-22
TF-201-122-004,122,2,Baseline,Randomisation,1,2026-03-30
TF-201-122-004,122,3,Week 4,Vital Signs,1,2026-04-20
TF-201-122-004,122,3,Week 4,PASI Score,1,2026-04-25
TF-201-122-004,122,3,Week 4,Adverse Events,1,2026-04-19
TF-201-122-004,122,4,Week 8,Vital Signs,1,2026-05-20
TF-201-122-004,122,4,Week 8,PASI Score,1,2026-05-16
TF-201-122-004,122,4,Week 8,Laboratory,1,2026-05-19
TF-201-122-004,122,4,Week 8,Adverse Events,1,2026-05-25
TF-201-122-004,122,5,Week 12,Vital Signs,1,2026-06-20
TF-201-122-004,122,5,Week 12,PASI Score,1,2026-06-14
TF-201-122-004,122,5,Week 12,Adverse Events,1,2026-06-15
TF-201-122-004,122,6,Week 16 EOT,Vital Signs,1,2026-07-15
TF-201-122-004,122,6,Week 16 EOT,PASI Score,1,2026-07-25
TF-201-122-004,122,6,Week 16 EOT,Laboratory,1,2026-07-25
TF-201-122-004,122,6,Week 16 EOT,Adverse Events,1,2026-07-21
TF-201-122-004,122,6,Week 16 EOT,End of Treatment,1,2026-07-24
TF-201-122-005,122,1,Screening,Demographics,1,2025-12-01
TF-201-122-005,122,1,Screening,Inclusion/Exclusion,1,2025-11-26
TF-201-122-005,122,1,Screening,Medical History,1,2025-11-27
TF-201-122-005,122,1,Screening,Informed Consent,1,2025-11-29
TF-201-122-005,122,1,Screening,Laboratory,1,2025-12-07
TF-201-122-005,122,2,Baseline,Vital Signs,1,2025-12-30
TF-201-122-005,122,2,Baseline,PASI Score,1,2025-12-19
TF-201-122-005,122,2,Baseline,Laboratory,1,2025-12-26
TF-201-122-005,122,2,Baseline,Randomisation,1,2025-12-19
TF-201-122-005,122,3,Week 4,Vital Signs,1,2026-01-17
TF-201-122-005,122,3,Week 4,PASI Score,1,2026-01-16
TF-201-122-005,122,3,Week 4,Adverse Events,1,2026-01-16
TF-201-122-005,122,4,Week 8,Vital Signs,1,2026-02-20
TF-201-122-005,122,4,Week 8,PASI Score,1,2026-02-21
TF-201-122-005,122,4,Week 8,Laboratory,1,2026-02-16
TF-201-122-005,122,4,Week 8,Adverse Events,1,2026-02-11
TF-201-122-005,122,5,Week 12,Vital Signs,1,2026-03-18
TF-201-122-005,122,5,Week 12,PASI Score,1,2026-03-14
TF-201-122-005,122,5,Week 12,Adverse Events,0,
TF-201-122-005,122,6,Week 16 EOT,Vital Signs,1,2026-04-12
TF-201-122-005,122,6,Week 16 EOT,PASI Score,1,2026-04-13
TF-201-122-005,122,6,Week 16 EOT,Laboratory,1,2026-04-15
TF-201-122-005,122,6,Week 16 EOT,Adverse Events,1,2026-04-16
TF-201-122-005,122,6,Week 16 EOT,End of Treatment,1,2026-04-08
TF-201-122-006,122,1,Screening,Demographics,1,2025-07-04
TF-201-122-006,122,1,Screening,Inclusion/Exclusion,1,2025-07-12
TF-201-122-006,122,1,Screening,Medical History,1,2025-07-04
TF-201-122-006,122,1,Screening,Informed Consent,1,2025-07-04
TF-201-122-006,122,1,Screening,Laboratory,1,2025-07-08
TF-201-122-006,122,2,Baseline,Vital Signs,1,2025-07-23
TF-201-122-006,122,2,Baseline,PASI Score,1,2025-07-20
TF-201-122-006,122,2,Baseline,Laboratory,1,2025-07-30
TF-201-122-006,122,2,Baseline,Randomisation,1,2025-07-27
TF-201-122-006,122,3,Week 4,Vital Signs,1,2025-08-17
TF-201-122-006,122,3,Week 4,PASI Score,1,2025-08-18
TF-201-122-006,122,3,Week 4,Adverse Events,1,2025-08-24
TF-201-122-006,122,4,Week 8,Vital Signs,1,2025-09-21
TF-201-122-006,122,4,Week 8,PASI Score,1,2025-09-25
TF-201-122-006,122,4,Week 8,Laboratory,1,2025-09-25
TF-201-122-006,122,4,Week 8,Adverse Events,1,2025-09-23
TF-201-122-006,122,5,Week 12,Vital Signs,1,2025-10-16
TF-201-122-006,122,5,Week 12,PASI Score,1,2025-10-21
TF-201-122-006,122,5,Week 12,Adverse Events,1,2025-10-12
TF-201-122-006,122,6,Week 16 EOT,Vital Signs,1,2025-11-16
TF-201-122-006,122,6,Week 16 EOT,PASI Score,1,2025-11-06
TF-201-122-006,122,6,Week 16 EOT,Laboratory,1,2025-11-05
TF-201-122-006,122,6,Week 16 EOT,Adverse Events,1,2025-11-06
TF-201-122-006,122,6,Week 16 EOT,End of Treatment,1,2025-11-16
TF-201-122-007,122,1,Screening,Demographics,1,2025-06-09
TF-201-122-007,122,1,Screening,Inclusion/Exclusion,1,2025-06-15
TF-201-122-007,122,1,Screening,Medical History,1,2025-06-10
TF-201-122-007,122,1,Screening,Informed Consent,1,2025-06-15
TF-201-122-007,122,1,Screening,Laboratory,1,2025-06-15
TF-201-122-007,122,2,Baseline,Vital Signs,1,2025-07-05
TF-201-122-007,122,2,Baseline,PASI Score,1,2025-07-04
TF-201-122-007,122,2,Baseline,Laboratory,1,2025-06-28
TF-201-122-007,122,2,Baseline,Randomisation,1,2025-07-06
TF-201-122-007,122,3,Week 4,Vital Signs,1,2025-07-27
TF-201-122-007,122,3,Week 4,PASI Score,1,2025-07-28
TF-201-122-007,122,3,Week 4,Adverse Events,1,2025-07-23
TF-201-122-007,122,4,Week 8,Vital Signs,1,2025-09-05
TF-201-122-007,122,4,Week 8,PASI Score,1,2025-08-30
TF-201-122-007,122,4,Week 8,Laboratory,1,2025-08-29
TF-201-122-007,122,4,Week 8,Adverse Events,1,2025-09-03
TF-201-122-007,122,5,Week 12,Vital Signs,1,2025-09-30
TF-201-122-007,122,5,Week 12,PASI Score,1,2025-09-28
TF-201-122-007,122,5,Week 12,Adverse Events,1,2025-09-28
TF-201-122-007,122,6,Week 16 EOT,Vital Signs,1,2025-10-27
TF-201-122-007,122,6,Week 16 EOT,PASI Score,1,2025-10-25
TF-201-122-007,122,6,Week 16 EOT,Laboratory,1,2025-10-31
TF-201-122-007,122,6,Week 16 EOT,Adverse Events,1,2025-10-27
TF-201-122-007,122,6,Week 16 EOT,End of Treatment,1,2025-10-28
TF-201-122-008,122,1,Screening,Demographics,1,2025-05-02
TF-201-122-008,122,1,Screening,Inclusion/Exclusion,1,2025-05-07
TF-201-122-008,122,1,Screening,Medical History,1,2025-05-05
TF-201-122-008,122,1,Screening,Informed Consent,1,2025-05-10
TF-201-122-008,122,1,Screening,Laboratory,1,2025-05-06
TF-201-122-008,122,2,Baseline,Vital Signs,1,2025-06-13
TF-201-122-008,122,2,Baseline,PASI Score,1,2025-06-15
TF-201-122-008,122,2,Baseline,Laboratory,1,2025-06-16
TF-201-122-008,122,2,Baseline,Randomisation,1,2025-06-18
TF-201-122-008,122,3,Week 4,Vital Signs,1,2025-07-20
TF-201-122-008,122,3,Week 4,PASI Score,1,2025-07-19
TF-201-122-008,122,3,Week 4,Adverse Events,1,2025-07-16
TF-201-122-008,122,4,Week 8,Vital Signs,1,2025-08-14
TF-201-122-008,122,4,Week 8,PASI Score,1,2025-08-15
TF-201-122-008,122,4,Week 8,Laboratory,1,2025-08-07
TF-201-122-008,122,4,Week 8,Adverse Events,1,2025-08-16
TF-201-122-008,122,5,Week 12,Vital Signs,1,2025-09-10
TF-201-122-008,122,5,Week 12,PASI Score,1,2025-09-13
TF-201-122-008,122,5,Week 12,Adverse Events,1,2025-09-09
TF-201-122-008,122,6,Week 16 EOT,Vital Signs,1,2025-10-02
TF-201-122-008,122,6,Week 16 EOT,PASI Score,1,2025-10-03
TF-201-122-008,122,6,Week 16 EOT,Laboratory,1,2025-10-06
TF-201-122-008,122,6,Week 16 EOT,Adverse Events,1,2025-10-12
TF-201-122-008,122,6,Week 16 EOT,End of Treatment,1,2025-10-06
TF-201-122-009,122,1,Screening,Demographics,1,2025-11-13
TF-201-122-009,122,1,Screening,Inclusion/Exclusion,1,2025-11-13
TF-201-122-009,122,1,Screening,Medical History,1,2025-11-12
TF-201-122-009,122,1,Screening,Informed Consent,1,2025-11-10
TF-201-122-009,122,1,Screening,Laboratory,1,2025-11-15
TF-201-122-009,122,2,Baseline,Vital Signs,1,2025-12-17
TF-201-122-009,122,2,Baseline,PASI Score,1,2025-12-23
TF-201-122-009,122,2,Baseline,Laboratory,1,2025-12-15
TF-201-122-009,122,2,Baseline,Randomisation,1,2025-12-13
TF-201-122-009,122,3,Week 4,Vital Signs,1,2026-01-13
TF-201-122-009,122,3,Week 4,PASI Score,1,2026-01-10
TF-201-122-009,122,3,Week 4,Adverse Events,1,2026-01-10
TF-201-122-009,122,4,Week 8,Vital Signs,1,2026-02-14
TF-201-122-009,122,4,Week 8,PASI Score,1,2026-02-15
TF-201-122-009,122,4,Week 8,Laboratory,1,2026-02-07
TF-201-122-009,122,4,Week 8,Adverse Events,1,2026-02-08
TF-201-122-009,122,5,Week 12,Vital Signs,1,2026-03-10
TF-201-122-009,122,5,Week 12,PASI Score,1,2026-03-14
TF-201-122-009,122,5,Week 12,Adverse Events,1,2026-03-15
TF-201-122-010,122,1,Screening,Demographics,1,2026-04-24
TF-201-122-010,122,1,Screening,Inclusion/Exclusion,0,
TF-201-122-010,122,1,Screening,Medical History,1,2026-05-01
TF-201-122-010,122,1,Screening,Informed Consent,1,2026-05-04
TF-201-122-010,122,1,Screening,Laboratory,1,2026-04-25
TF-201-122-010,122,2,Baseline,Vital Signs,1,2026-06-04
TF-201-122-010,122,2,Baseline,PASI Score,1,2026-05-28
TF-201-122-010,122,2,Baseline,Laboratory,1,2026-05-26
TF-201-122-010,122,2,Baseline,Randomisation,1,2026-05-29
TF-201-122-010,122,3,Week 4,Vital Signs,1,2026-06-23
TF-201-122-010,122,3,Week 4,PASI Score,1,2026-07-02
TF-201-122-010,122,3,Week 4,Adverse Events,1,2026-06-28
TF-201-122-010,122,4,Week 8,Vital Signs,1,2026-07-27
TF-201-122-010,122,4,Week 8,PASI Score,1,2026-07-21
TF-201-122-010,122,4,Week 8,Laboratory,1,2026-07-26
TF-201-122-010,122,4,Week 8,Adverse Events,1,2026-07-16
TF-201-122-010,122,5,Week 12,Vital Signs,1,2026-08-21
TF-201-122-010,122,5,Week 12,PASI Score,1,2026-08-23
TF-201-122-010,122,5,Week 12,Adverse Events,1,2026-08-26
TF-201-122-011,122,1,Screening,Demographics,1,2025-06-12
TF-201-122-011,122,1,Screening,Inclusion/Exclusion,1,2025-06-12
TF-201-122-011,122,1,Screening,Medical History,1,2025-06-16
TF-201-122-011,122,1,Screening,Informed Consent,1,2025-06-08
TF-201-122-011,122,1,Screening,Laboratory,1,2025-06-16
TF-201-122-011,122,2,Baseline,Vital Signs,1,2025-07-15
TF-201-122-011,122,2,Baseline,PASI Score,1,2025-07-08
TF-201-122-011,122,2,Baseline,Laboratory,1,2025-07-12
TF-201-122-011,122,2,Baseline,Randomisation,1,2025-07-08
TF-201-122-011,122,3,Week 4,Vital Signs,1,2025-08-10
TF-201-122-011,122,3,Week 4,PASI Score,1,2025-08-05
TF-201-122-011,122,3,Week 4,Adverse Events,1,2025-08-03
TF-201-122-011,122,4,Week 8,Vital Signs,1,2025-09-10
TF-201-122-011,122,4,Week 8,PASI Score,1,2025-09-12
TF-201-122-011,122,4,Week 8,Laboratory,1,2025-09-13
TF-201-122-011,122,4,Week 8,Adverse Events,1,2025-09-14
TF-201-122-011,122,5,Week 12,Vital Signs,1,2025-09-22
TF-201-122-011,122,5,Week 12,PASI Score,1,2025-09-23
TF-201-122-011,122,5,Week 12,Adverse Events,1,2025-10-02
TF-201-122-011,122,6,Week 16 EOT,Vital Signs,1,2025-10-29
TF-201-122-011,122,6,Week 16 EOT,PASI Score,1,2025-10-31
TF-201-122-011,122,6,Week 16 EOT,Laboratory,1,2025-11-05
TF-201-122-011,122,6,Week 16 EOT,Adverse Events,1,2025-11-03
TF-201-122-011,122,6,Week 16 EOT,End of Treatment,1,2025-10-27
TF-201-122-012,122,1,Screening,Demographics,1,2025-11-03
TF-201-122-012,122,1,Screening,Inclusion/Exclusion,1,2025-11-09
TF-201-122-012,122,1,Screening,Medical History,1,2025-11-04
TF-201-122-012,122,1,Screening,Informed Consent,1,2025-11-01
TF-201-122-012,122,1,Screening,Laboratory,1,2025-10-31
TF-201-122-012,122,2,Baseline,Vital Signs,1,2025-11-19
TF-201-122-012,122,2,Baseline,PASI Score,1,2025-11-28
TF-201-122-012,122,2,Baseline,Laboratory,1,2025-11-20
TF-201-122-012,122,2,Baseline,Randomisation,1,2025-11-21
TF-201-122-012,122,3,Week 4,Vital Signs,1,2025-12-22
TF-201-122-012,122,3,Week 4,PASI Score,1,2025-12-23
TF-201-122-012,122,3,Week 4,Adverse Events,1,2025-12-24
TF-201-122-012,122,4,Week 8,Vital Signs,1,2026-01-26
TF-201-122-012,122,4,Week 8,PASI Score,1,2026-01-29
TF-201-122-012,122,4,Week 8,Laboratory,1,2026-02-02
TF-201-122-012,122,4,Week 8,Adverse Events,1,2026-01-24
TF-201-122-012,122,5,Week 12,Vital Signs,1,2026-02-19
TF-201-122-012,122,5,Week 12,PASI Score,1,2026-02-14
TF-201-122-012,122,5,Week 12,Adverse Events,1,2026-02-13
TF-201-122-012,122,6,Week 16 EOT,Vital Signs,1,2026-03-17
TF-201-122-012,122,6,Week 16 EOT,PASI Score,1,2026-03-25
TF-201-122-012,122,6,Week 16 EOT,Laboratory,1,2026-03-24
TF-201-122-012,122,6,Week 16 EOT,Adverse Events,1,2026-03-24
TF-201-122-012,122,6,Week 16 EOT,End of Treatment,1,2026-03-18
TF-201-122-013,122,1,Screening,Demographics,1,2026-01-31
TF-201-122-013,122,1,Screening,Inclusion/Exclusion,1,2026-02-03
TF-201-122-013,122,1,Screening,Medical History,1,2026-01-28
TF-201-122-013,122,1,Screening,Informed Consent,1,2026-01-28
TF-201-122-013,122,1,Screening,Laboratory,1,2026-01-26
TF-201-122-013,122,2,Baseline,Vital Signs,1,2026-03-15
TF-201-122-013,122,2,Baseline,PASI Score,1,2026-03-13
TF-201-122-013,122,2,Baseline,Laboratory,1,2026-03-11
TF-201-122-013,122,2,Baseline,Randomisation,1,2026-03-15
TF-201-122-013,122,3,Week 4,Vital Signs,1,2026-04-14
TF-201-122-013,122,3,Week 4,PASI Score,1,2026-04-08
TF-201-122-013,122,3,Week 4,Adverse Events,1,2026-04-09
TF-201-122-013,122,4,Week 8,Vital Signs,1,2026-05-06
TF-201-122-013,122,4,Week 8,PASI Score,1,2026-05-09
TF-201-122-013,122,4,Week 8,Laboratory,1,2026-05-01
TF-201-122-013,122,4,Week 8,Adverse Events,1,2026-05-09
TF-201-122-013,122,5,Week 12,Vital Signs,1,2026-06-07
TF-201-122-013,122,5,Week 12,PASI Score,1,2026-06-05
TF-201-122-013,122,5,Week 12,Adverse Events,1,2026-06-09
TF-201-122-013,122,6,Week 16 EOT,Vital Signs,1,2026-07-13
TF-201-122-013,122,6,Week 16 EOT,PASI Score,1,2026-07-11
TF-201-122-013,122,6,Week 16 EOT,Laboratory,1,2026-07-11
TF-201-122-013,122,6,Week 16 EOT,Adverse Events,1,2026-07-12
TF-201-122-013,122,6,Week 16 EOT,End of Treatment,1,2026-07-06
TF-201-122-014,122,1,Screening,Demographics,1,2026-02-15
TF-201-122-014,122,1,Screening,Inclusion/Exclusion,0,
TF-201-122-014,122,1,Screening,Medical History,0,
TF-201-122-014,122,1,Screening,Informed Consent,1,2026-02-21
TF-201-122-014,122,1,Screening,Laboratory,1,2026-02-19
TF-201-122-014,122,2,Baseline,Vital Signs,1,2026-03-20
TF-201-122-014,122,2,Baseline,PASI Score,1,2026-03-24
TF-201-122-014,122,2,Baseline,Laboratory,1,2026-03-16
TF-201-122-014,122,2,Baseline,Randomisation,1,2026-03-17
TF-201-122-014,122,3,Week 4,Vital Signs,1,2026-04-12
TF-201-122-014,122,3,Week 4,PASI Score,1,2026-04-19
TF-201-122-014,122,3,Week 4,Adverse Events,1,2026-04-15
TF-201-122-014,122,4,Week 8,Vital Signs,1,2026-05-21
TF-201-122-014,122,4,Week 8,PASI Score,1,2026-05-17
TF-201-122-014,122,4,Week 8,Laboratory,1,2026-05-12
TF-201-122-014,122,4,Week 8,Adverse Events,1,2026-05-15
TF-201-122-014,122,5,Week 12,Vital Signs,1,2026-06-18
TF-201-122-014,122,5,Week 12,PASI Score,1,2026-06-10
TF-201-122-014,122,5,Week 12,Adverse Events,1,2026-06-11
TF-201-122-014,122,6,Week 16 EOT,Vital Signs,1,2026-07-08
TF-201-122-014,122,6,Week 16 EOT,PASI Score,1,2026-07-06
TF-201-122-014,122,6,Week 16 EOT,Laboratory,1,2026-07-11
TF-201-122-014,122,6,Week 16 EOT,Adverse Events,1,2026-07-05
TF-201-122-014,122,6,Week 16 EOT,End of Treatment,1,2026-07-14
TF-201-122-015,122,1,Screening,Demographics,1,2026-06-20
TF-201-122-015,122,1,Screening,Inclusion/Exclusion,1,2026-06-24
TF-201-122-015,122,1,Screening,Medical History,1,2026-06-19
TF-201-122-015,122,1,Screening,Informed Consent,1,2026-06-27
TF-201-122-015,122,1,Screening,Laboratory,1,2026-06-29
TF-201-122-015,122,2,Baseline,Vital Signs,1,2026-07-09
TF-201-122-015,122,2,Baseline,PASI Score,1,2026-07-17
TF-201-122-015,122,2,Baseline,Laboratory,1,2026-07-18
TF-201-122-015,122,2,Baseline,Randomisation,1,2026-07-16
TF-201-122-015,122,3,Week 4,Vital Signs,1,2026-08-06
TF-201-122-015,122,3,Week 4,PASI Score,1,2026-08-14
TF-201-122-015,122,3,Week 4,Adverse Events,1,2026-08-08
TF-201-122-015,122,4,Week 8,Vital Signs,1,2026-09-09
TF-201-122-015,122,4,Week 8,PASI Score,1,2026-09-10
TF-201-122-015,122,4,Week 8,Laboratory,1,2026-09-12
TF-201-122-015,122,4,Week 8,Adverse Events,1,2026-09-04
TF-201-122-016,122,1,Screening,Demographics,0,
TF-201-122-016,122,1,Screening,Inclusion/Exclusion,1,2025-04-22
TF-201-122-016,122,1,Screening,Medical History,1,2025-04-24
TF-201-122-016,122,1,Screening,Informed Consent,1,2025-04-26
TF-201-122-016,122,1,Screening,Laboratory,1,2025-04-27
TF-201-122-016,122,2,Baseline,Vital Signs,1,2025-05-29
TF-201-122-016,122,2,Baseline,PASI Score,1,2025-05-24
TF-201-122-016,122,2,Baseline,Laboratory,1,2025-05-22
TF-201-122-016,122,2,Baseline,Randomisation,1,2025-05-21
TF-201-122-016,122,3,Week 4,Vital Signs,1,2025-06-26
TF-201-122-016,122,3,Week 4,PASI Score,1,2025-06-17
TF-201-122-016,122,3,Week 4,Adverse Events,1,2025-06-17
TF-201-122-016,122,4,Week 8,Vital Signs,1,2025-07-22
TF-201-122-016,122,4,Week 8,PASI Score,1,2025-07-16
TF-201-122-016,122,4,Week 8,Laboratory,1,2025-07-14
TF-201-122-016,122,4,Week 8,Adverse Events,1,2025-07-22
TF-201-122-016,122,5,Week 12,Vital Signs,1,2025-08-19
TF-201-122-016,122,5,Week 12,PASI Score,1,2025-08-21
TF-201-122-016,122,5,Week 12,Adverse Events,1,2025-08-20
TF-201-122-016,122,6,Week 16 EOT,Vital Signs,1,2025-09-12
TF-201-122-016,122,6,Week 16 EOT,PASI Score,1,2025-09-18
TF-201-122-016,122,6,Week 16 EOT,Laboratory,1,2025-09-11
TF-201-122-016,122,6,Week 16 EOT,Adverse Events,1,2025-09-16
TF-201-122-016,122,6,Week 16 EOT,End of Treatment,1,2025-09-19
TF-201-122-017,122,1,Screening,Demographics,1,2026-03-31
TF-201-122-017,122,1,Screening,Inclusion/Exclusion,1,2026-04-03
TF-201-122-017,122,1,Screening,Medical History,1,2026-04-02
TF-201-122-017,122,1,Screening,Informed Consent,1,2026-04-03
TF-201-122-017,122,1,Screening,Laboratory,1,2026-04-04
TF-201-122-017,122,2,Baseline,Vital Signs,1,2026-04-16
TF-201-122-017,122,2,Baseline,PASI Score,1,2026-04-22
TF-201-122-017,122,2,Baseline,Laboratory,1,2026-04-24
TF-201-122-017,122,2,Baseline,Randomisation,1,2026-04-14
TF-201-122-017,122,3,Week 4,Vital Signs,1,2026-05-19
TF-201-122-017,122,3,Week 4,PASI Score,1,2026-05-19
TF-201-122-017,122,3,Week 4,Adverse Events,1,2026-05-21
TF-201-122-017,122,4,Week 8,Vital Signs,1,2026-06-13
TF-201-122-017,122,4,Week 8,PASI Score,1,2026-06-19
TF-201-122-017,122,4,Week 8,Laboratory,1,2026-06-12
TF-201-122-017,122,4,Week 8,Adverse Events,1,2026-06-16
TF-201-122-017,122,5,Week 12,Vital Signs,1,2026-07-17
TF-201-122-017,122,5,Week 12,PASI Score,1,2026-07-11
TF-201-122-017,122,5,Week 12,Adverse Events,1,2026-07-19
TF-201-122-017,122,6,Week 16 EOT,Vital Signs,1,2026-08-06
TF-201-122-017,122,6,Week 16 EOT,PASI Score,1,2026-08-11
TF-201-122-017,122,6,Week 16 EOT,Laboratory,1,2026-08-15
TF-201-122-017,122,6,Week 16 EOT,Adverse Events,1,2026-08-04
TF-201-122-017,122,6,Week 16 EOT,End of Treatment,1,2026-08-04
TF-201-122-018,122,1,Screening,Demographics,1,2025-05-16
TF-201-122-018,122,1,Screening,Inclusion/Exclusion,1,2025-05-12
TF-201-122-018,122,1,Screening,Medical History,1,2025-05-11
TF-201-122-018,122,1,Screening,Informed Consent,1,2025-05-08
TF-201-122-018,122,1,Screening,Laboratory,1,2025-05-15
TF-201-122-018,122,2,Baseline,Vital Signs,1,2025-05-29
TF-201-122-018,122,2,Baseline,PASI Score,1,2025-05-25
TF-201-122-018,122,2,Baseline,Laboratory,1,2025-05-24
TF-201-122-018,122,2,Baseline,Randomisation,1,2025-05-27
TF-201-122-018,122,3,Week 4,Vital Signs,1,2025-06-21
TF-201-122-018,122,3,Week 4,PASI Score,1,2025-06-19
TF-201-122-018,122,3,Week 4,Adverse Events,1,2025-06-20
TF-201-122-018,122,4,Week 8,Vital Signs,1,2025-07-18
TF-201-122-018,122,4,Week 8,PASI Score,1,2025-07-21
TF-201-122-018,122,4,Week 8,Laboratory,1,2025-07-16
TF-201-122-018,122,4,Week 8,Adverse Events,1,2025-07-17
TF-201-122-018,122,5,Week 12,Vital Signs,1,2025-08-08
TF-201-122-018,122,5,Week 12,PASI Score,1,2025-08-13
TF-201-122-018,122,5,Week 12,Adverse Events,1,2025-08-12
TF-201-122-018,122,6,Week 16 EOT,Vital Signs,1,2025-09-22
TF-201-122-018,122,6,Week 16 EOT,PASI Score,1,2025-09-22
TF-201-122-018,122,6,Week 16 EOT,Laboratory,1,2025-09-17
TF-201-122-018,122,6,Week 16 EOT,Adverse Events,1,2025-09-21
TF-201-122-018,122,6,Week 16 EOT,End of Treatment,1,2025-09-22
TF-201-122-019,122,1,Screening,Demographics,1,2026-01-14
TF-201-122-019,122,1,Screening,Inclusion/Exclusion,1,2026-01-20
TF-201-122-019,122,1,Screening,Medical History,1,2026-01-09
TF-201-122-019,122,1,Screening,Informed Consent,1,2026-01-10
TF-201-122-019,122,1,Screening,Laboratory,1,2026-01-09
TF-201-122-019,122,2,Baseline,Vital Signs,1,2026-02-26
TF-201-122-019,122,2,Baseline,PASI Score,1,2026-02-25
TF-201-122-019,122,2,Baseline,Laboratory,1,2026-02-21
TF-201-122-019,122,2,Baseline,Randomisation,1,2026-02-24
TF-201-122-019,122,3,Week 4,Vital Signs,1,2026-03-26
TF-201-122-019,122,3,Week 4,PASI Score,1,2026-03-22
TF-201-122-019,122,3,Week 4,Adverse Events,1,2026-03-26
TF-201-122-019,122,4,Week 8,Vital Signs,1,2026-04-24
TF-201-122-019,122,4,Week 8,PASI Score,1,2026-04-22
TF-201-122-019,122,4,Week 8,Laboratory,1,2026-04-18
TF-201-122-019,122,4,Week 8,Adverse Events,1,2026-04-26
TF-201-122-019,122,5,Week 12,Vital Signs,1,2026-05-21
TF-201-122-019,122,5,Week 12,PASI Score,1,2026-05-12
TF-201-122-019,122,5,Week 12,Adverse Events,1,2026-05-19
TF-201-122-019,122,6,Week 16 EOT,Vital Signs,1,2026-06-06
TF-201-122-019,122,6,Week 16 EOT,PASI Score,1,2026-06-17
TF-201-122-019,122,6,Week 16 EOT,Laboratory,1,2026-06-16
TF-201-122-019,122,6,Week 16 EOT,Adverse Events,1,2026-06-15
TF-201-122-019,122,6,Week 16 EOT,End of Treatment,1,2026-06-14
TF-201-122-020,122,1,Screening,Demographics,1,2025-05-26
TF-201-122-020,122,1,Screening,Inclusion/Exclusion,1,2025-05-19
TF-201-122-020,122,1,Screening,Medical History,1,2025-05-29
TF-201-122-020,122,1,Screening,Informed Consent,1,2025-05-23
TF-201-122-020,122,1,Screening,Laboratory,1,2025-05-21
TF-201-122-020,122,2,Baseline,Vital Signs,1,2025-06-11
TF-201-122-020,122,2,Baseline,PASI Score,1,2025-06-15
TF-201-122-020,122,2,Baseline,Laboratory,1,2025-06-15
TF-201-122-020,122,2,Baseline,Randomisation,1,2025-06-12
TF-201-122-020,122,3,Week 4,Vital Signs,1,2025-07-12
TF-201-122-020,122,3,Week 4,PASI Score,1,2025-07-13
TF-201-122-020,122,3,Week 4,Adverse Events,1,2025-07-15
TF-201-122-020,122,4,Week 8,Vital Signs,1,2025-08-13
TF-201-122-020,122,4,Week 8,PASI Score,1,2025-08-05
TF-201-122-020,122,4,Week 8,Laboratory,1,2025-08-13
TF-201-122-020,122,4,Week 8,Adverse Events,1,2025-08-09
TF-201-122-020,122,5,Week 12,Vital Signs,1,2025-09-09
TF-201-122-020,122,5,Week 12,PASI Score,1,2025-09-05
TF-201-122-020,122,5,Week 12,Adverse Events,1,2025-09-07
TF-201-122-020,122,6,Week 16 EOT,Vital Signs,1,2025-10-10
TF-201-122-020,122,6,Week 16 EOT,PASI Score,1,2025-09-30
TF-201-122-020,122,6,Week 16 EOT,Laboratory,1,2025-10-02
TF-201-122-020,122,6,Week 16 EOT,Adverse Events,1,2025-10-09
TF-201-122-020,122,6,Week 16 EOT,End of Treatment,1,2025-10-08
TF-201-122-021,122,1,Screening,Demographics,1,2025-04-09
TF-201-122-021,122,1,Screening,Inclusion/Exclusion,1,2025-04-11
TF-201-122-021,122,1,Screening,Medical History,1,2025-04-04
TF-201-122-021,122,1,Screening,Informed Consent,1,2025-04-09
TF-201-122-021,122,1,Screening,Laboratory,1,2025-04-01
TF-201-122-021,122,2,Baseline,Vital Signs,1,2025-04-29
TF-201-122-021,122,2,Baseline,PASI Score,1,2025-04-29
TF-201-122-021,122,2,Baseline,Laboratory,1,2025-04-24
TF-201-122-021,122,2,Baseline,Randomisation,1,2025-04-21
TF-201-122-021,122,3,Week 4,Vital Signs,1,2025-05-28
TF-201-122-021,122,3,Week 4,PASI Score,1,2025-05-22
TF-201-122-021,122,3,Week 4,Adverse Events,1,2025-05-24
TF-201-122-021,122,4,Week 8,Vital Signs,1,2025-06-17
TF-201-122-021,122,4,Week 8,PASI Score,1,2025-06-17
TF-201-122-021,122,4,Week 8,Laboratory,1,2025-06-25
TF-201-122-021,122,4,Week 8,Adverse Events,1,2025-06-22
TF-201-122-021,122,5,Week 12,Vital Signs,1,2025-07-22
TF-201-122-021,122,5,Week 12,PASI Score,1,2025-07-26
TF-201-122-021,122,5,Week 12,Adverse Events,1,2025-07-27
TF-201-122-021,122,6,Week 16 EOT,Vital Signs,1,2025-08-18
TF-201-122-021,122,6,Week 16 EOT,PASI Score,1,2025-08-19
TF-201-122-021,122,6,Week 16 EOT,Laboratory,1,2025-08-27
TF-201-122-021,122,6,Week 16 EOT,Adverse Events,1,2025-08-28
TF-201-122-021,122,6,Week 16 EOT,End of Treatment,1,2025-08-18
TF-201-122-022,122,1,Screening,Demographics,1,2025-08-20
TF-201-122-022,122,1,Screening,Inclusion/Exclusion,1,2025-08-28
TF-201-122-022,122,1,Screening,Medical History,1,2025-08-28
TF-201-122-022,122,1,Screening,Informed Consent,1,2025-08-30
TF-201-122-022,122,1,Screening,Laboratory,1,2025-08-25
TF-201-122-022,122,2,Baseline,Vital Signs,1,2025-09-28
TF-201-122-022,122,2,Baseline,PASI Score,1,2025-09-27
TF-201-122-022,122,2,Baseline,Laboratory,1,2025-09-22
TF-201-122-022,122,2,Baseline,Randomisation,1,2025-09-28
TF-201-122-022,122,3,Week 4,Vital Signs,1,2025-10-15
TF-201-122-022,122,3,Week 4,PASI Score,1,2025-10-14
TF-201-122-022,122,3,Week 4,Adverse Events,1,2025-10-19
TF-201-122-022,122,4,Week 8,Vital Signs,1,2025-11-24
TF-201-122-022,122,4,Week 8,PASI Score,1,2025-11-23
TF-201-122-022,122,4,Week 8,Laboratory,1,2025-11-28
TF-201-122-022,122,4,Week 8,Adverse Events,1,2025-11-23
TF-201-122-022,122,5,Week 12,Vital Signs,1,2025-12-25
TF-201-122-022,122,5,Week 12,PASI Score,1,2025-12-24
TF-201-122-022,122,5,Week 12,Adverse Events,1,2025-12-26
TF-201-122-022,122,6,Week 16 EOT,Vital Signs,1,2026-01-20
TF-201-122-022,122,6,Week 16 EOT,PASI Score,1,2026-01-18
TF-201-122-022,122,6,Week 16 EOT,Laboratory,1,2026-01-19
TF-201-122-022,122,6,Week 16 EOT,Adverse Events,1,2026-01-14
TF-201-122-022,122,6,Week 16 EOT,End of Treatment,1,2026-01-18
TF-201-122-023,122,1,Screening,Demographics,1,2025-05-16
TF-201-122-023,122,1,Screening,Inclusion/Exclusion,1,2025-05-17
TF-201-122-023,122,1,Screening,Medical History,1,2025-05-11
TF-201-122-023,122,1,Screening,Informed Consent,1,2025-05-20
TF-201-122-023,122,1,Screening,Laboratory,1,2025-05-15
TF-201-122-023,122,2,Baseline,Vital Signs,1,2025-06-15
TF-201-122-023,122,2,Baseline,PASI Score,1,2025-06-08
TF-201-122-023,122,2,Baseline,Laboratory,1,2025-06-07
TF-201-122-023,122,2,Baseline,Randomisation,1,2025-06-15
TF-201-122-023,122,3,Week 4,Vital Signs,1,2025-07-08
TF-201-122-023,122,3,Week 4,PASI Score,1,2025-07-13
TF-201-122-023,122,3,Week 4,Adverse Events,1,2025-07-14
TF-201-122-023,122,4,Week 8,Vital Signs,1,2025-08-05
TF-201-122-023,122,4,Week 8,PASI Score,0,
TF-201-122-023,122,4,Week 8,Laboratory,1,2025-08-10
TF-201-122-023,122,4,Week 8,Adverse Events,1,2025-08-10
TF-201-122-023,122,5,Week 12,Vital Signs,1,2025-09-14
TF-201-122-023,122,5,Week 12,PASI Score,1,2025-09-06
TF-201-122-023,122,5,Week 12,Adverse Events,1,2025-09-08
TF-201-122-023,122,6,Week 16 EOT,Vital Signs,1,2025-09-30
TF-201-122-023,122,6,Week 16 EOT,PASI Score,1,2025-10-04
TF-201-122-023,122,6,Week 16 EOT,Laboratory,1,2025-09-23
TF-201-122-023,122,6,Week 16 EOT,Adverse Events,1,2025-10-03
TF-201-122-023,122,6,Week 16 EOT,End of Treatment,1,2025-09-23
TF-201-123-001,123,1,Screening,Demographics,1,2025-07-08
TF-201-123-001,123,1,Screening,Inclusion/Exclusion,1,2025-07-04
TF-201-123-001,123,1,Screening,Medical History,1,2025-07-02
TF-201-123-001,123,1,Screening,Informed Consent,1,2025-07-01
TF-201-123-001,123,1,Screening,Laboratory,1,2025-07-02
TF-201-123-001,123,2,Baseline,Vital Signs,1,2025-07-23
TF-201-123-001,123,2,Baseline,PASI Score,1,2025-07-22
TF-201-123-001,123,2,Baseline,Laboratory,1,2025-07-22
TF-201-123-001,123,2,Baseline,Randomisation,1,2025-07-26
TF-201-123-001,123,3,Week 4,Vital Signs,1,2025-08-24
TF-201-123-001,123,3,Week 4,PASI Score,1,2025-08-27
TF-201-123-001,123,3,Week 4,Adverse Events,1,2025-08-19
TF-201-123-001,123,4,Week 8,Vital Signs,1,2025-09-21
TF-201-123-001,123,4,Week 8,PASI Score,1,2025-09-19
TF-201-123-001,123,4,Week 8,Laboratory,1,2025-09-20
TF-201-123-001,123,4,Week 8,Adverse Events,1,2025-09-14
TF-201-123-001,123,5,Week 12,Vital Signs,1,2025-10-12
TF-201-123-001,123,5,Week 12,PASI Score,1,2025-10-09
TF-201-123-001,123,5,Week 12,Adverse Events,1,2025-10-13
TF-201-123-001,123,6,Week 16 EOT,Vital Signs,1,2025-12-01
TF-201-123-001,123,6,Week 16 EOT,PASI Score,1,2025-11-23
TF-201-123-001,123,6,Week 16 EOT,Laboratory,1,2025-12-01
TF-201-123-001,123,6,Week 16 EOT,Adverse Events,1,2025-11-26
TF-201-123-001,123,6,Week 16 EOT,End of Treatment,1,2025-11-25
TF-201-123-002,123,1,Screening,Demographics,1,2026-02-07
TF-201-123-002,123,1,Screening,Inclusion/Exclusion,1,2026-02-08
TF-201-123-002,123,1,Screening,Medical History,1,2026-02-09
TF-201-123-002,123,1,Screening,Informed Consent,1,2026-02-01
TF-201-123-002,123,1,Screening,Laboratory,1,2026-02-05
TF-201-123-002,123,2,Baseline,Vital Signs,1,2026-03-19
TF-201-123-002,123,2,Baseline,PASI Score,1,2026-03-13
TF-201-123-002,123,2,Baseline,Laboratory,1,2026-03-17
TF-201-123-002,123,2,Baseline,Randomisation,1,2026-03-13
TF-201-123-002,123,3,Week 4,Vital Signs,1,2026-04-10
TF-201-123-002,123,3,Week 4,PASI Score,1,2026-04-13
TF-201-123-002,123,3,Week 4,Adverse Events,1,2026-04-17
TF-201-123-002,123,5,Week 12,Vital Signs,1,2026-06-07
TF-201-123-002,123,5,Week 12,PASI Score,1,2026-06-16
TF-201-123-002,123,5,Week 12,Adverse Events,1,2026-06-15
TF-201-123-002,123,6,Week 16 EOT,Vital Signs,1,2026-07-03
TF-201-123-002,123,6,Week 16 EOT,PASI Score,1,2026-07-08
TF-201-123-002,123,6,Week 16 EOT,Laboratory,1,2026-07-05
TF-201-123-002,123,6,Week 16 EOT,Adverse Events,1,2026-07-09
TF-201-123-002,123,6,Week 16 EOT,End of Treatment,1,2026-07-03
TF-201-123-003,123,1,Screening,Demographics,1,2026-02-07
TF-201-123-003,123,1,Screening,Inclusion/Exclusion,1,2026-02-07
TF-201-123-003,123,1,Screening,Medical History,1,2026-02-10
TF-201-123-003,123,1,Screening,Informed Consent,1,2026-02-16
TF-201-123-003,123,1,Screening,Laboratory,1,2026-02-17
TF-201-123-003,123,2,Baseline,Vital Signs,1,2026-03-14
TF-201-123-003,123,2,Baseline,PASI Score,1,2026-03-21
TF-201-123-003,123,2,Baseline,Laboratory,1,2026-03-21
TF-201-123-003,123,2,Baseline,Randomisation,1,2026-03-15
TF-201-123-003,123,4,Week 8,Vital Signs,1,2026-05-14
TF-201-123-003,123,4,Week 8,PASI Score,1,2026-05-12
TF-201-123-003,123,4,Week 8,Laboratory,1,2026-05-09
TF-201-123-003,123,4,Week 8,Adverse Events,1,2026-05-16
TF-201-123-003,123,5,Week 12,Vital Signs,1,2026-06-08
TF-201-123-003,123,5,Week 12,PASI Score,1,2026-06-11
TF-201-123-003,123,5,Week 12,Adverse Events,1,2026-06-15
TF-201-123-003,123,6,Week 16 EOT,Vital Signs,1,2026-07-04
TF-201-123-003,123,6,Week 16 EOT,PASI Score,1,2026-07-10
TF-201-123-003,123,6,Week 16 EOT,Laboratory,1,2026-07-10
TF-201-123-003,123,6,Week 16 EOT,Adverse Events,1,2026-07-07
TF-201-123-003,123,6,Week 16 EOT,End of Treatment,1,2026-07-07
TF-201-123-004,123,1,Screening,Demographics,1,2025-12-19
TF-201-123-004,123,1,Screening,Inclusion/Exclusion,1,2025-12-20
TF-201-123-004,123,1,Screening,Medical History,1,2025-12-24
TF-201-123-004,123,1,Screening,Informed Consent,1,2025-12-23
TF-201-123-004,123,1,Screening,Laboratory,1,2025-12-17
TF-201-123-004,123,2,Baseline,Vital Signs,1,2026-01-16
TF-201-123-004,123,2,Baseline,PASI Score,1,2026-01-17
TF-201-123-004,123,2,Baseline,Laboratory,1,2026-01-16
TF-201-123-004,123,2,Baseline,Randomisation,1,2026-01-11
TF-201-123-004,123,3,Week 4,Vital Signs,1,2026-02-06
TF-201-123-004,123,3,Week 4,PASI Score,1,2026-02-05
TF-201-123-004,123,3,Week 4,Adverse Events,1,2026-02-13
TF-201-123-004,123,4,Week 8,Vital Signs,1,2026-03-13
TF-201-123-004,123,4,Week 8,PASI Score,1,2026-03-04
TF-201-123-004,123,4,Week 8,Laboratory,1,2026-03-15
TF-201-123-004,123,4,Week 8,Adverse Events,1,2026-03-04
TF-201-123-004,123,5,Week 12,Vital Signs,1,2026-04-08
TF-201-123-004,123,5,Week 12,PASI Score,1,2026-04-09
TF-201-123-004,123,5,Week 12,Adverse Events,1,2026-04-03
TF-201-123-004,123,6,Week 16 EOT,Vital Signs,1,2026-05-12
TF-201-123-004,123,6,Week 16 EOT,PASI Score,1,2026-05-07
TF-201-123-004,123,6,Week 16 EOT,Laboratory,1,2026-05-12
TF-201-123-004,123,6,Week 16 EOT,Adverse Events,1,2026-05-09
TF-201-123-004,123,6,Week 16 EOT,End of Treatment,1,2026-05-08
TF-201-123-005,123,1,Screening,Demographics,1,2026-04-03
TF-201-123-005,123,1,Screening,Inclusion/Exclusion,1,2026-03-31
TF-201-123-005,123,1,Screening,Medical History,1,2026-04-01
TF-201-123-005,123,1,Screening,Informed Consent,1,2026-03-29
TF-201-123-005,123,1,Screening,Laboratory,1,2026-04-02
TF-201-123-005,123,2,Baseline,Vital Signs,1,2026-04-20
TF-201-123-005,123,2,Baseline,PASI Score,1,2026-04-17
TF-201-123-005,123,2,Baseline,Laboratory,1,2026-04-16
TF-201-123-005,123,2,Baseline,Randomisation,1,2026-04-18
TF-201-123-005,123,3,Week 4,Vital Signs,1,2026-05-24
TF-201-123-005,123,3,Week 4,PASI Score,1,2026-05-23
TF-201-123-005,123,3,Week 4,Adverse Events,1,2026-05-17
TF-201-123-005,123,4,Week 8,Vital Signs,1,2026-06-10
TF-201-123-005,123,4,Week 8,PASI Score,1,2026-06-18
TF-201-123-005,123,4,Week 8,Laboratory,1,2026-06-13
TF-201-123-005,123,4,Week 8,Adverse Events,1,2026-06-09
TF-201-123-005,123,5,Week 12,Vital Signs,1,2026-07-20
TF-201-123-005,123,5,Week 12,PASI Score,1,2026-07-11
TF-201-123-005,123,5,Week 12,Adverse Events,1,2026-07-12
TF-201-123-005,123,6,Week 16 EOT,Vital Signs,1,2026-08-11
TF-201-123-005,123,6,Week 16 EOT,PASI Score,1,2026-08-05
TF-201-123-005,123,6,Week 16 EOT,Laboratory,1,2026-08-11
TF-201-123-005,123,6,Week 16 EOT,Adverse Events,1,2026-08-04
TF-201-123-005,123,6,Week 16 EOT,End of Treatment,1,2026-08-06
TF-201-123-006,123,1,Screening,Demographics,1,2026-02-18
TF-201-123-006,123,1,Screening,Inclusion/Exclusion,1,2026-02-25
TF-201-123-006,123,1,Screening,Medical History,1,2026-02-16
TF-201-123-006,123,1,Screening,Informed Consent,1,2026-02-22
TF-201-123-006,123,1,Screening,Laboratory,1,2026-02-24
TF-201-123-006,123,2,Baseline,Vital Signs,1,2026-03-15
TF-201-123-006,123,2,Baseline,PASI Score,1,2026-03-18
TF-201-123-006,123,2,Baseline,Laboratory,1,2026-03-24
TF-201-123-006,123,2,Baseline,Randomisation,1,2026-03-25
TF-201-123-006,123,3,Week 4,Vital Signs,1,2026-04-19
TF-201-123-006,123,3,Week 4,PASI Score,1,2026-04-14
TF-201-123-006,123,3,Week 4,Adverse Events,1,2026-04-14
TF-201-123-006,123,4,Week 8,Vital Signs,1,2026-05-19
TF-201-123-006,123,4,Week 8,PASI Score,1,2026-05-15
TF-201-123-006,123,4,Week 8,Laboratory,1,2026-05-24
TF-201-123-006,123,4,Week 8,Adverse Events,1,2026-05-20
TF-201-123-006,123,5,Week 12,Vital Signs,0,
TF-201-123-006,123,5,Week 12,PASI Score,1,2026-06-12
TF-201-123-006,123,5,Week 12,Adverse Events,1,2026-06-12
TF-201-123-006,123,6,Week 16 EOT,Vital Signs,1,2026-07-11
TF-201-123-006,123,6,Week 16 EOT,PASI Score,1,2026-07-17
TF-201-123-006,123,6,Week 16 EOT,Laboratory,1,2026-07-16
TF-201-123-006,123,6,Week 16 EOT,Adverse Events,1,2026-07-21
TF-201-123-006,123,6,Week 16 EOT,End of Treatment,1,2026-07-10
TF-201-123-007,123,1,Screening,Demographics,1,2026-02-03
TF-201-123-007,123,1,Screening,Inclusion/Exclusion,1,2026-01-25
TF-201-123-007,123,1,Screening,Medical History,1,2026-02-01
TF-201-123-007,123,1,Screening,Informed Consent,1,2026-01-27
TF-201-123-007,123,1,Screening,Laboratory,1,2026-02-02
TF-201-123-007,123,2,Baseline,Vital Signs,1,2026-03-11
TF-201-123-007,123,2,Baseline,PASI Score,1,2026-03-07
TF-201-123-007,123,2,Baseline,Laboratory,1,2026-03-11
TF-201-123-007,123,2,Baseline,Randomisation,1,2026-03-04
TF-201-123-007,123,3,Week 4,Vital Signs,1,2026-04-03
TF-201-123-007,123,3,Week 4,PASI Score,1,2026-03-31
TF-201-123-007,123,3,Week 4,Adverse Events,1,2026-03-28
TF-201-123-007,123,4,Week 8,Vital Signs,1,2026-04-24
TF-201-123-007,123,4,Week 8,PASI Score,1,2026-04-29
TF-201-123-007,123,4,Week 8,Laboratory,0,
TF-201-123-007,123,4,Week 8,Adverse Events,1,2026-04-28
TF-201-123-007,123,5,Week 12,Vital Signs,1,2026-06-02
TF-201-123-007,123,5,Week 12,PASI Score,1,2026-05-31
TF-201-123-007,123,5,Week 12,Adverse Events,1,2026-06-01
TF-201-123-007,123,6,Week 16 EOT,Vital Signs,1,2026-07-07
TF-201-123-007,123,6,Week 16 EOT,PASI Score,1,2026-07-03
TF-201-123-007,123,6,Week 16 EOT,Laboratory,1,2026-07-04
TF-201-123-007,123,6,Week 16 EOT,Adverse Events,1,2026-07-07
TF-201-123-007,123,6,Week 16 EOT,End of Treatment,1,2026-07-05
TF-201-123-008,123,1,Screening,Demographics,1,2025-03-28
TF-201-123-008,123,1,Screening,Inclusion/Exclusion,1,2025-03-30
TF-201-123-008,123,1,Screening,Medical History,1,2025-04-02
TF-201-123-008,123,1,Screening,Informed Consent,1,2025-03-25
TF-201-123-008,123,1,Screening,Laboratory,1,2025-04-03
TF-201-123-008,123,2,Baseline,Vital Signs,1,2025-04-30
TF-201-123-008,123,2,Baseline,PASI Score,1,2025-05-03
TF-201-123-008,123,2,Baseline,Laboratory,1,2025-05-02
TF-201-123-008,123,2,Baseline,Randomisation,1,2025-04-29
TF-201-123-008,123,3,Week 4,Vital Signs,1,2025-05-19
TF-201-123-008,123,3,Week 4,PASI Score,1,2025-05-20
TF-201-123-008,123,3,Week 4,Adverse Events,1,2025-05-16
TF-201-123-008,123,4,Week 8,Vital Signs,1,2025-06-30
TF-201-123-008,123,4,Week 8,PASI Score,1,2025-06-24
TF-201-123-008,123,4,Week 8,Laboratory,1,2025-06-30
TF-201-123-008,123,4,Week 8,Adverse Events,1,2025-06-26
TF-201-123-008,123,5,Week 12,Vital Signs,1,2025-07-27
TF-201-123-008,123,5,Week 12,PASI Score,1,2025-07-30
TF-201-123-008,123,5,Week 12,Adverse Events,1,2025-07-25
TF-201-123-008,123,6,Week 16 EOT,Vital Signs,1,2025-09-01
TF-201-123-008,123,6,Week 16 EOT,PASI Score,1,2025-09-02
TF-201-123-008,123,6,Week 16 EOT,Laboratory,1,2025-08-29
TF-201-123-008,123,6,Week 16 EOT,Adverse Events,1,2025-09-02
TF-201-123-008,123,6,Week 16 EOT,End of Treatment,1,2025-08-28
TF-201-123-009,123,1,Screening,Demographics,1,2025-02-15
TF-201-123-009,123,1,Screening,Inclusion/Exclusion,1,2025-02-18
TF-201-123-009,123,1,Screening,Medical History,1,2025-02-13
TF-201-123-009,123,1,Screening,Informed Consent,1,2025-02-11
TF-201-123-009,123,1,Screening,Laboratory,1,2025-02-22
TF-201-123-009,123,2,Baseline,Vital Signs,1,2025-03-20
TF-201-123-009,123,2,Baseline,PASI Score,1,2025-03-26
TF-201-123-009,123,2,Baseline,Laboratory,1,2025-03-19
TF-201-123-009,123,2,Baseline,Randomisation,1,2025-03-24
TF-201-123-009,123,3,Week 4,Vital Signs,1,2025-04-19
TF-201-123-009,123,3,Week 4,PASI Score,1,2025-04-16
TF-201-123-009,123,3,Week 4,Adverse Events,1,2025-04-24
TF-201-123-009,123,4,Week 8,Vital Signs,1,2025-05-24
TF-201-123-009,123,4,Week 8,PASI Score,1,2025-05-17
TF-201-123-009,123,4,Week 8,Laboratory,1,2025-05-25
TF-201-123-009,123,4,Week 8,Adverse Events,1,2025-05-14
TF-201-123-009,123,5,Week 12,Vital Signs,1,2025-06-05
TF-201-123-009,123,5,Week 12,PASI Score,1,2025-06-06
TF-201-123-009,123,5,Week 12,Adverse Events,1,2025-06-16
TF-201-123-009,123,6,Week 16 EOT,Vital Signs,1,2025-07-11
TF-201-123-009,123,6,Week 16 EOT,PASI Score,1,2025-07-12
TF-201-123-009,123,6,Week 16 EOT,Laboratory,1,2025-07-04
TF-201-123-009,123,6,Week 16 EOT,Adverse Events,1,2025-07-04
TF-201-123-009,123,6,Week 16 EOT,End of Treatment,1,2025-07-06
TF-201-123-010,123,1,Screening,Demographics,1,2025-05-30
TF-201-123-010,123,1,Screening,Inclusion/Exclusion,1,2025-05-31
TF-201-123-010,123,1,Screening,Medical History,1,2025-06-06
TF-201-123-010,123,1,Screening,Informed Consent,1,2025-06-01
TF-201-123-010,123,1,Screening,Laboratory,1,2025-05-28
TF-201-123-010,123,2,Baseline,Vital Signs,1,2025-06-29
TF-201-123-010,123,2,Baseline,PASI Score,1,2025-06-29
TF-201-123-010,123,2,Baseline,Laboratory,1,2025-06-25
TF-201-123-010,123,2,Baseline,Randomisation,1,2025-06-30
TF-201-123-010,123,3,Week 4,Vital Signs,1,2025-07-20
TF-201-123-010,123,3,Week 4,PASI Score,1,2025-07-16
TF-201-123-010,123,3,Week 4,Adverse Events,1,2025-07-21
TF-201-123-010,123,4,Week 8,Vital Signs,1,2025-08-22
TF-201-123-010,123,4,Week 8,PASI Score,1,2025-08-25
TF-201-123-010,123,4,Week 8,Laboratory,1,2025-08-21
TF-201-123-010,123,4,Week 8,Adverse Events,1,2025-08-27
TF-201-123-010,123,5,Week 12,Vital Signs,1,2025-09-11
TF-201-123-010,123,5,Week 12,PASI Score,1,2025-09-16
TF-201-123-010,123,5,Week 12,Adverse Events,1,2025-09-09
TF-201-123-010,123,6,Week 16 EOT,Vital Signs,1,2025-10-16
TF-201-123-010,123,6,Week 16 EOT,PASI Score,1,2025-10-22
TF-201-123-010,123,6,Week 16 EOT,Laboratory,1,2025-10-11
TF-201-123-010,123,6,Week 16 EOT,Adverse Events,1,2025-10-15
TF-201-123-010,123,6,Week 16 EOT,End of Treatment,1,2025-10-17
TF-201-123-011,123,1,Screening,Demographics,1,2025-03-04
TF-201-123-011,123,1,Screening,Inclusion/Exclusion,1,2025-03-07
TF-201-123-011,123,1,Screening,Medical History,1,2025-03-11
TF-201-123-011,123,1,Screening,Informed Consent,1,2025-03-14
TF-201-123-011,123,1,Screening,Laboratory,1,2025-03-13
TF-201-123-011,123,2,Baseline,Vital Signs,1,2025-04-10
TF-201-123-011,123,2,Baseline,PASI Score,1,2025-04-06
TF-201-123-011,123,2,Baseline,Laboratory,1,2025-04-11
TF-201-123-011,123,2,Baseline,Randomisation,1,2025-04-15
TF-201-123-011,123,3,Week 4,Vital Signs,1,2025-05-01
TF-201-123-011,123,3,Week 4,PASI Score,1,2025-05-04
TF-201-123-011,123,3,Week 4,Adverse Events,1,2025-05-07
TF-201-123-011,123,4,Week 8,Vital Signs,1,2025-06-11
TF-201-123-011,123,4,Week 8,PASI Score,1,2025-06-05
TF-201-123-011,123,4,Week 8,Laboratory,1,2025-06-08
TF-201-123-011,123,4,Week 8,Adverse Events,1,2025-06-07
TF-201-123-011,123,5,Week 12,Vital Signs,1,2025-07-03
TF-201-123-011,123,5,Week 12,PASI Score,1,2025-07-04
TF-201-123-011,123,5,Week 12,Adverse Events,1,2025-07-04
TF-201-123-011,123,6,Week 16 EOT,Vital Signs,1,2025-08-01
TF-201-123-011,123,6,Week 16 EOT,PASI Score,1,2025-08-04
TF-201-123-011,123,6,Week 16 EOT,Laboratory,1,2025-08-10
TF-201-123-011,123,6,Week 16 EOT,Adverse Events,1,2025-08-09
TF-201-123-011,123,6,Week 16 EOT,End of Treatment,1,2025-08-06
TF-201-123-012,123,1,Screening,Demographics,1,2026-06-08
TF-201-123-012,123,1,Screening,Inclusion/Exclusion,1,2026-06-14
TF-201-123-012,123,1,Screening,Medical History,1,2026-06-11
TF-201-123-012,123,1,Screening,Informed Consent,1,2026-06-05
TF-201-123-012,123,1,Screening,Laboratory,1,2026-06-10
TF-201-123-012,123,2,Baseline,Vital Signs,1,2026-06-28
TF-201-123-012,123,2,Baseline,PASI Score,1,2026-06-21
TF-201-123-012,123,2,Baseline,Laboratory,1,2026-06-29
TF-201-123-012,123,2,Baseline,Randomisation,1,2026-06-26
TF-201-123-012,123,3,Week 4,Vital Signs,1,2026-07-28
TF-201-123-012,123,3,Week 4,PASI Score,1,2026-07-27
TF-201-123-012,123,3,Week 4,Adverse Events,1,2026-07-22
TF-201-123-013,123,1,Screening,Demographics,1,2025-08-24
TF-201-123-013,123,1,Screening,Inclusion/Exclusion,1,2025-08-22
TF-201-123-013,123,1,Screening,Medical History,1,2025-08-24
TF-201-123-013,123,1,Screening,Informed Consent,1,2025-08-30
TF-201-123-013,123,1,Screening,Laboratory,1,2025-08-21
TF-201-123-013,123,2,Baseline,Vital Signs,1,2025-10-07
TF-201-123-013,123,2,Baseline,PASI Score,1,2025-10-05
TF-201-123-013,123,2,Baseline,Laboratory,1,2025-10-08
TF-201-123-013,123,2,Baseline,Randomisation,1,2025-09-29
TF-201-123-013,123,3,Week 4,Vital Signs,1,2025-11-02
TF-201-123-013,123,3,Week 4,PASI Score,1,2025-10-28
TF-201-123-013,123,3,Week 4,Adverse Events,1,2025-11-07
TF-201-123-013,123,4,Week 8,Vital Signs,1,2025-12-02
TF-201-123-013,123,4,Week 8,PASI Score,1,2025-11-23
TF-201-123-013,123,4,Week 8,Laboratory,1,2025-12-03
TF-201-123-013,123,4,Week 8,Adverse Events,1,2025-12-01
TF-201-123-013,123,5,Week 12,Vital Signs,1,2025-12-27
TF-201-123-013,123,5,Week 12,PASI Score,1,2025-12-28
TF-201-123-013,123,5,Week 12,Adverse Events,1,2025-12-27
TF-201-123-013,123,6,Week 16 EOT,Vital Signs,1,2026-01-20
TF-201-123-013,123,6,Week 16 EOT,PASI Score,1,2026-01-17
TF-201-123-013,123,6,Week 16 EOT,Laboratory,1,2026-01-23
TF-201-123-013,123,6,Week 16 EOT,Adverse Events,1,2026-01-17
TF-201-123-013,123,6,Week 16 EOT,End of Treatment,1,2026-01-27
TF-201-123-014,123,1,Screening,Demographics,1,2026-01-18
TF-201-123-014,123,1,Screening,Inclusion/Exclusion,1,2026-01-09
TF-201-123-014,123,1,Screening,Medical History,1,2026-01-10
TF-201-123-014,123,1,Screening,Informed Consent,1,2026-01-17
TF-201-123-014,123,1,Screening,Laboratory,1,2026-01-16
TF-201-123-014,123,2,Baseline,Vital Signs,0,
TF-201-123-014,123,2,Baseline,PASI Score,1,2026-02-16
TF-201-123-014,123,2,Baseline,Laboratory,1,2026-02-19
TF-201-123-014,123,2,Baseline,Randomisation,1,2026-02-15
TF-201-123-014,123,3,Week 4,Vital Signs,1,2026-03-17
TF-201-123-014,123,3,Week 4,PASI Score,1,2026-03-20
TF-201-123-014,123,3,Week 4,Adverse Events,1,2026-03-11
TF-201-123-014,123,4,Week 8,Vital Signs,1,2026-04-14
TF-201-123-014,123,4,Week 8,PASI Score,1,2026-04-13
TF-201-123-014,123,4,Week 8,Laboratory,1,2026-04-13
TF-201-123-014,123,4,Week 8,Adverse Events,0,
TF-201-123-014,123,5,Week 12,Vital Signs,1,2026-05-10
TF-201-123-014,123,5,Week 12,PASI Score,1,2026-05-09
TF-201-123-014,123,5,Week 12,Adverse Events,1,2026-05-10
TF-201-123-015,123,1,Screening,Demographics,1,2025-09-26
TF-201-123-015,123,1,Screening,Inclusion/Exclusion,1,2025-09-19
TF-201-123-015,123,1,Screening,Medical History,1,2025-09-20
TF-201-123-015,123,1,Screening,Informed Consent,1,2025-09-18
TF-201-123-015,123,1,Screening,Laboratory,1,2025-09-28
TF-201-123-015,123,2,Baseline,Vital Signs,1,2025-10-28
TF-201-123-015,123,2,Baseline,PASI Score,1,2025-10-31
TF-201-123-015,123,2,Baseline,Laboratory,1,2025-10-24
TF-201-123-015,123,2,Baseline,Randomisation,1,2025-10-25
TF-201-123-015,123,3,Week 4,Vital Signs,1,2025-11-26
TF-201-123-015,123,3,Week 4,PASI Score,1,2025-11-27
TF-201-123-015,123,3,Week 4,Adverse Events,1,2025-11-21
TF-201-123-015,123,4,Week 8,Vital Signs,1,2025-12-27
TF-201-123-015,123,4,Week 8,PASI Score,1,2025-12-24
TF-201-123-015,123,4,Week 8,Laboratory,1,2025-12-22
TF-201-123-015,123,4,Week 8,Adverse Events,1,2025-12-20
TF-201-123-015,123,5,Week 12,Vital Signs,1,2026-01-19
TF-201-123-015,123,5,Week 12,PASI Score,1,2026-01-17
TF-201-123-015,123,5,Week 12,Adverse Events,1,2026-01-18
TF-201-123-015,123,6,Week 16 EOT,Vital Signs,1,2026-02-18
TF-201-123-015,123,6,Week 16 EOT,PASI Score,1,2026-02-13
TF-201-123-015,123,6,Week 16 EOT,Laboratory,1,2026-02-15
TF-201-123-015,123,6,Week 16 EOT,Adverse Events,1,2026-02-20
TF-201-123-015,123,6,Week 16 EOT,End of Treatment,1,2026-02-15
TF-201-123-016,123,1,Screening,Demographics,1,2025-08-28
TF-201-123-016,123,1,Screening,Inclusion/Exclusion,1,2025-08-23
TF-201-123-016,123,1,Screening,Medical History,1,2025-08-23
TF-201-123-016,123,1,Screening,Informed Consent,1,2025-08-23
TF-201-123-016,123,1,Screening,Laboratory,1,2025-08-23
TF-201-123-016,123,2,Baseline,Vital Signs,1,2025-09-26
TF-201-123-016,123,2,Baseline,PASI Score,1,2025-10-01
TF-201-123-016,123,2,Baseline,Laboratory,1,2025-10-02
TF-201-123-016,123,2,Baseline,Randomisation,1,2025-09-27
TF-201-123-016,123,3,Week 4,Vital Signs,1,2025-10-28
TF-201-123-016,123,3,Week 4,PASI Score,1,2025-10-31
TF-201-123-016,123,3,Week 4,Adverse Events,1,2025-10-30
TF-201-123-016,123,4,Week 8,Vital Signs,1,2025-11-29
TF-201-123-016,123,4,Week 8,PASI Score,1,2025-11-18
TF-201-123-016,123,4,Week 8,Laboratory,1,2025-11-28
TF-201-123-016,123,4,Week 8,Adverse Events,1,2025-11-18
TF-201-123-016,123,5,Week 12,Vital Signs,1,2025-12-26
TF-201-123-016,123,5,Week 12,PASI Score,1,2025-12-25
TF-201-123-016,123,5,Week 12,Adverse Events,1,2025-12-21
TF-201-123-016,123,6,Week 16 EOT,Vital Signs,1,2026-01-23
TF-201-123-016,123,6,Week 16 EOT,PASI Score,1,2026-01-18
TF-201-123-016,123,6,Week 16 EOT,Laboratory,1,2026-01-21
TF-201-123-016,123,6,Week 16 EOT,Adverse Events,1,2026-01-22
TF-201-123-016,123,6,Week 16 EOT,End of Treatment,1,2026-01-16
TF-201-123-017,123,1,Screening,Demographics,1,2025-04-23
TF-201-123-017,123,1,Screening,Inclusion/Exclusion,1,2025-04-19
TF-201-123-017,123,1,Screening,Medical History,1,2025-04-22
TF-201-123-017,123,1,Screening,Informed Consent,1,2025-04-24
TF-201-123-017,123,1,Screening,Laboratory,1,2025-04-17
TF-201-123-017,123,2,Baseline,Vital Signs,1,2025-05-12
TF-201-123-017,123,2,Baseline,PASI Score,1,2025-05-04
TF-201-123-017,123,2,Baseline,Laboratory,1,2025-05-10
TF-201-123-017,123,2,Baseline,Randomisation,1,2025-05-01
TF-201-123-017,123,3,Week 4,Vital Signs,1,2025-06-06
TF-201-123-017,123,3,Week 4,PASI Score,1,2025-05-30
TF-201-123-017,123,3,Week 4,Adverse Events,1,2025-05-28
TF-201-123-017,123,4,Week 8,Vital Signs,1,2025-06-24
TF-201-123-017,123,4,Week 8,PASI Score,1,2025-07-01
TF-201-123-017,123,4,Week 8,Laboratory,1,2025-06-23
TF-201-123-017,123,4,Week 8,Adverse Events,1,2025-06-27
TF-201-123-017,123,5,Week 12,Vital Signs,1,2025-08-01
TF-201-123-017,123,5,Week 12,PASI Score,1,2025-07-28
TF-201-123-017,123,5,Week 12,Adverse Events,1,2025-08-01
TF-201-123-017,123,6,Week 16 EOT,Vital Signs,1,2025-09-02
TF-201-123-017,123,6,Week 16 EOT,PASI Score,1,2025-08-31
TF-201-123-017,123,6,Week 16 EOT,Laboratory,1,2025-08-28
TF-201-123-017,123,6,Week 16 EOT,Adverse Events,1,2025-08-26
TF-201-123-017,123,6,Week 16 EOT,End of Treatment,1,2025-08-29
TF-201-123-018,123,1,Screening,Demographics,1,2025-09-25
TF-201-123-018,123,1,Screening,Inclusion/Exclusion,1,2025-09-25
TF-201-123-018,123,1,Screening,Medical History,1,2025-09-26
TF-201-123-018,123,1,Screening,Informed Consent,1,2025-09-25
TF-201-123-018,123,1,Screening,Laboratory,1,2025-09-19
TF-201-123-018,123,2,Baseline,Vital Signs,1,2025-10-08
TF-201-123-018,123,2,Baseline,PASI Score,1,2025-10-07
TF-201-123-018,123,2,Baseline,Laboratory,1,2025-10-10
TF-201-123-018,123,2,Baseline,Randomisation,1,2025-10-11
TF-201-123-018,123,3,Week 4,Vital Signs,1,2025-11-08
TF-201-123-018,123,3,Week 4,PASI Score,1,2025-11-09
TF-201-123-018,123,3,Week 4,Adverse Events,1,2025-11-02
TF-201-123-018,123,4,Week 8,Vital Signs,1,2025-12-09
TF-201-123-018,123,4,Week 8,PASI Score,1,2025-12-09
TF-201-123-018,123,4,Week 8,Laboratory,1,2025-12-02
TF-201-123-018,123,4,Week 8,Adverse Events,1,2025-12-06
TF-201-123-018,123,5,Week 12,Vital Signs,1,2026-01-11
TF-201-123-018,123,5,Week 12,PASI Score,1,2026-01-11
TF-201-123-018,123,5,Week 12,Adverse Events,1,2026-01-02
TF-201-123-018,123,6,Week 16 EOT,Vital Signs,1,2026-01-29
TF-201-123-018,123,6,Week 16 EOT,PASI Score,1,2026-01-28
TF-201-123-018,123,6,Week 16 EOT,Laboratory,1,2026-01-30
TF-201-123-018,123,6,Week 16 EOT,Adverse Events,1,2026-02-06
TF-201-123-018,123,6,Week 16 EOT,End of Treatment,1,2026-01-31
TF-201-123-019,123,1,Screening,Demographics,1,2026-01-17
TF-201-123-019,123,1,Screening,Inclusion/Exclusion,1,2026-01-09
TF-201-123-019,123,1,Screening,Medical History,1,2026-01-11
TF-201-123-019,123,1,Screening,Informed Consent,1,2026-01-14
TF-201-123-019,123,1,Screening,Laboratory,1,2026-01-17
TF-201-123-019,123,2,Baseline,Vital Signs,1,2026-02-08
TF-201-123-019,123,2,Baseline,PASI Score,1,2026-01-31
TF-201-123-019,123,2,Baseline,Laboratory,1,2026-02-10
TF-201-123-019,123,2,Baseline,Randomisation,1,2026-02-05
TF-201-123-019,123,3,Week 4,Vital Signs,1,2026-02-28
TF-201-123-019,123,3,Week 4,PASI Score,1,2026-03-10
TF-201-123-019,123,3,Week 4,Adverse Events,1,2026-03-10
TF-201-123-019,123,4,Week 8,Vital Signs,1,2026-04-04
TF-201-123-019,123,4,Week 8,PASI Score,1,2026-04-06
TF-201-123-019,123,4,Week 8,Laboratory,1,2026-03-26
TF-201-123-019,123,4,Week 8,Adverse Events,1,2026-03-29
TF-201-123-019,123,5,Week 12,Vital Signs,1,2026-05-01
TF-201-123-019,123,5,Week 12,PASI Score,1,2026-04-29
TF-201-123-019,123,5,Week 12,Adverse Events,1,2026-05-01
TF-201-123-019,123,6,Week 16 EOT,Vital Signs,1,2026-06-02
TF-201-123-019,123,6,Week 16 EOT,PASI Score,1,2026-05-24
TF-201-123-019,123,6,Week 16 EOT,Laboratory,1,2026-05-24
TF-201-123-019,123,6,Week 16 EOT,Adverse Events,1,2026-05-25
TF-201-123-019,123,6,Week 16 EOT,End of Treatment,1,2026-06-01
TF-201-123-020,123,1,Screening,Demographics,1,2025-05-02
TF-201-123-020,123,1,Screening,Inclusion/Exclusion,1,2025-04-29
TF-201-123-020,123,1,Screening,Medical History,1,2025-04-28
TF-201-123-020,123,1,Screening,Informed Consent,1,2025-04-29
TF-201-123-020,123,1,Screening,Laboratory,1,2025-05-01
TF-201-123-020,123,2,Baseline,Vital Signs,1,2025-05-29
TF-201-123-020,123,2,Baseline,PASI Score,1,2025-05-31
TF-201-123-020,123,2,Baseline,Laboratory,1,2025-06-04
TF-201-123-020,123,2,Baseline,Randomisation,1,2025-05-28
TF-201-123-020,123,3,Week 4,Vital Signs,1,2025-07-02
TF-201-123-020,123,3,Week 4,PASI Score,1,2025-06-29
TF-201-123-020,123,3,Week 4,Adverse Events,1,2025-06-30
TF-201-123-020,123,4,Week 8,Vital Signs,1,2025-07-25
TF-201-123-020,123,4,Week 8,PASI Score,1,2025-07-24
TF-201-123-020,123,4,Week 8,Laboratory,1,2025-07-22
TF-201-123-020,123,4,Week 8,Adverse Events,1,2025-07-30
TF-201-123-020,123,6,Week 16 EOT,Vital Signs,1,2025-09-18
TF-201-123-020,123,6,Week 16 EOT,PASI Score,1,2025-09-19
TF-201-123-020,123,6,Week 16 EOT,Laboratory,1,2025-09-19
TF-201-123-020,123,6,Week 16 EOT,Adverse Events,1,2025-09-15
TF-201-123-020,123,6,Week 16 EOT,End of Treatment,1,2025-09-15
TF-201-123-021,123,1,Screening,Demographics,1,2025-10-22
TF-201-123-021,123,1,Screening,Inclusion/Exclusion,1,2025-10-20
TF-201-123-021,123,1,Screening,Medical History,1,2025-10-23
TF-201-123-021,123,1,Screening,Informed Consent,1,2025-10-19
TF-201-123-021,123,1,Screening,Laboratory,1,2025-10-16
TF-201-123-021,123,2,Baseline,Vital Signs,1,2025-11-23
TF-201-123-021,123,2,Baseline,PASI Score,1,2025-11-30
TF-201-123-021,123,2,Baseline,Laboratory,1,2025-11-21
TF-201-123-021,123,2,Baseline,Randomisation,1,2025-11-26
TF-201-123-021,123,3,Week 4,Vital Signs,1,2025-12-31
TF-201-123-021,123,3,Week 4,PASI Score,1,2026-01-04
TF-201-123-021,123,3,Week 4,Adverse Events,1,2026-01-06
TF-201-123-021,123,4,Week 8,Vital Signs,1,2026-01-24
TF-201-123-021,123,4,Week 8,PASI Score,1,2026-01-20
TF-201-123-021,123,4,Week 8,Laboratory,1,2026-01-17
TF-201-123-021,123,4,Week 8,Adverse Events,1,2026-01-23
TF-201-123-021,123,5,Week 12,Vital Signs,1,2026-02-23
TF-201-123-021,123,5,Week 12,PASI Score,1,2026-02-26
TF-201-123-021,123,5,Week 12,Adverse Events,1,2026-02-23
TF-201-123-021,123,6,Week 16 EOT,Vital Signs,1,2026-03-18
TF-201-123-021,123,6,Week 16 EOT,PASI Score,1,2026-03-26
TF-201-123-021,123,6,Week 16 EOT,Laboratory,1,2026-03-28
TF-201-123-021,123,6,Week 16 EOT,Adverse Events,1,2026-03-26
TF-201-123-021,123,6,Week 16 EOT,End of Treatment,1,2026-03-25
TF-201-123-022,123,1,Screening,Demographics,1,2025-07-24
TF-201-123-022,123,1,Screening,Inclusion/Exclusion,1,2025-07-22
TF-201-123-022,123,1,Screening,Medical History,1,2025-07-22
TF-201-123-022,123,1,Screening,Informed Consent,1,2025-07-21
TF-201-123-022,123,1,Screening,Laboratory,1,2025-07-24
TF-201-123-022,123,2,Baseline,Vital Signs,1,2025-09-05
TF-201-123-022,123,2,Baseline,PASI Score,1,2025-08-30
TF-201-123-022,123,2,Baseline,Laboratory,1,2025-08-31
TF-201-123-022,123,2,Baseline,Randomisation,1,2025-09-05
TF-201-123-022,123,3,Week 4,Vital Signs,1,2025-09-27
TF-201-123-022,123,3,Week 4,PASI Score,1,2025-10-04
TF-201-123-022,123,3,Week 4,Adverse Events,1,2025-10-03
TF-201-123-022,123,4,Week 8,Vital Signs,1,2025-10-25
TF-201-123-022,123,4,Week 8,PASI Score,1,2025-10-28
TF-201-123-022,123,4,Week 8,Laboratory,1,2025-10-30
TF-201-123-022,123,4,Week 8,Adverse Events,1,2025-10-28
TF-201-123-022,123,5,Week 12,Vital Signs,1,2025-11-19
TF-201-123-022,123,5,Week 12,PASI Score,1,2025-11-25
TF-201-123-022,123,5,Week 12,Adverse Events,1,2025-11-18
TF-201-123-022,123,6,Week 16 EOT,Vital Signs,1,2025-12-23
TF-201-123-022,123,6,Week 16 EOT,PASI Score,1,2025-12-23
TF-201-123-022,123,6,Week 16 EOT,Laboratory,1,2025-12-24
TF-201-123-022,123,6,Week 16 EOT,Adverse Events,1,2025-12-19
TF-201-123-022,123,6,Week 16 EOT,End of Treatment,1,2025-12-19
TF-201-123-023,123,1,Screening,Demographics,1,2026-05-02
TF-201-123-023,123,1,Screening,Inclusion/Exclusion,1,2026-05-07
TF-201-123-023,123,1,Screening,Medical History,1,2026-04-28
TF-201-123-023,123,1,Screening,Informed Consent,1,2026-04-30
TF-201-123-023,123,1,Screening,Laboratory,1,2026-05-06
TF-201-123-023,123,2,Baseline,Vital Signs,1,2026-06-06
TF-201-123-023,123,2,Baseline,PASI Score,1,2026-06-09
TF-201-123-023,123,2,Baseline,Laboratory,0,
TF-201-123-023,123,2,Baseline,Randomisation,1,2026-06-13
TF-201-123-023,123,3,Week 4,Vital Signs,1,2026-07-15
TF-201-123-023,123,3,Week 4,PASI Score,1,2026-07-18
TF-201-123-023,123,3,Week 4,Adverse Events,1,2026-07-07
TF-201-123-023,123,4,Week 8,Vital Signs,1,2026-07-28
TF-201-123-023,123,4,Week 8,PASI Score,1,2026-07-30
TF-201-123-023,123,4,Week 8,Laboratory,1,2026-07-29
TF-201-123-023,123,4,Week 8,Adverse Events,1,2026-07-29
TF-201-123-024,123,1,Screening,Demographics,1,2025-06-29
TF-201-123-024,123,1,Screening,Inclusion/Exclusion,1,2025-06-23
TF-201-123-024,123,1,Screening,Medical History,1,2025-07-03
TF-201-123-024,123,1,Screening,Informed Consent,1,2025-06-24
TF-201-123-024,123,1,Screening,Laboratory,1,2025-06-28
TF-201-123-024,123,2,Baseline,Vital Signs,1,2025-08-02
TF-201-123-024,123,2,Baseline,PASI Score,1,2025-07-28
TF-201-123-024,123,2,Baseline,Laboratory,1,2025-08-02
TF-201-123-024,123,2,Baseline,Randomisation,1,2025-07-25
TF-201-123-024,123,3,Week 4,Vital Signs,1,2025-08-24
TF-201-123-024,123,3,Week 4,PASI Score,1,2025-09-01
TF-201-123-024,123,3,Week 4,Adverse Events,1,2025-08-23
TF-201-123-024,123,4,Week 8,Vital Signs,1,2025-09-16
TF-201-123-024,123,4,Week 8,PASI Score,0,
TF-201-123-024,123,4,Week 8,Laboratory,1,2025-09-11
TF-201-123-024,123,4,Week 8,Adverse Events,1,2025-09-17
TF-201-123-024,123,5,Week 12,Vital Signs,1,2025-11-01
TF-201-123-024,123,5,Week 12,PASI Score,1,2025-10-30
TF-201-123-024,123,5,Week 12,Adverse Events,1,2025-10-22
TF-201-123-024,123,6,Week 16 EOT,Vital Signs,1,2025-11-20
TF-201-123-024,123,6,Week 16 EOT,PASI Score,1,2025-11-18
TF-201-123-024,123,6,Week 16 EOT,Laboratory,1,2025-11-25
TF-201-123-024,123,6,Week 16 EOT,Adverse Events,1,2025-11-18
TF-201-123-024,123,6,Week 16 EOT,End of Treatment,1,2025-11-26
TF-201-123-025,123,1,Screening,Demographics,1,2025-08-16
TF-201-123-025,123,1,Screening,Inclusion/Exclusion,1,2025-08-23
TF-201-123-025,123,1,Screening,Medical History,1,2025-08-22
TF-201-123-025,123,1,Screening,Informed Consent,1,2025-08-14
TF-201-123-025,123,1,Screening,Laboratory,1,2025-08-24
TF-201-123-025,123,2,Baseline,Vital Signs,1,2025-09-11
TF-201-123-025,123,2,Baseline,PASI Score,1,2025-09-12
TF-201-123-025,123,2,Baseline,Laboratory,1,2025-09-12
TF-201-123-025,123,2,Baseline,Randomisation,1,2025-09-16
TF-201-123-025,123,3,Week 4,Vital Signs,1,2025-10-11
TF-201-123-025,123,3,Week 4,PASI Score,1,2025-10-11
TF-201-123-025,123,3,Week 4,Adverse Events,1,2025-10-11
TF-201-123-025,123,4,Week 8,Vital Signs,1,2025-11-08
TF-201-123-025,123,4,Week 8,PASI Score,1,2025-11-09
TF-201-123-025,123,4,Week 8,Laboratory,1,2025-11-10
TF-201-123-025,123,4,Week 8,Adverse Events,1,2025-11-05
TF-201-123-025,123,5,Week 12,Vital Signs,1,2025-12-09
TF-201-123-025,123,5,Week 12,PASI Score,1,2025-12-09
TF-201-123-025,123,5,Week 12,Adverse Events,1,2025-12-12
TF-201-123-025,123,6,Week 16 EOT,Vital Signs,1,2026-01-07
TF-201-123-025,123,6,Week 16 EOT,PASI Score,1,2026-01-09
TF-201-123-025,123,6,Week 16 EOT,Laboratory,1,2026-01-08
TF-201-123-025,123,6,Week 16 EOT,Adverse Events,1,2026-01-07
TF-201-123-025,123,6,Week 16 EOT,End of Treatment,1,2026-01-10
TF-201-124-001,124,1,Screening,Demographics,1,2025-05-18
TF-201-124-001,124,1,Screening,Inclusion/Exclusion,1,2025-05-18
TF-201-124-001,124,1,Screening,Medical History,1,2025-05-18
TF-201-124-001,124,1,Screening,Informed Consent,1,2025-05-13
TF-201-124-001,124,1,Screening,Laboratory,1,2025-05-20
TF-201-124-001,124,2,Baseline,Vital Signs,1,2025-06-26
TF-201-124-001,124,2,Baseline,PASI Score,1,2025-06-22
TF-201-124-001,124,2,Baseline,Laboratory,1,2025-06-28
TF-201-124-001,124,2,Baseline,Randomisation,1,2025-06-26
TF-201-124-001,124,3,Week 4,Vital Signs,1,2025-07-16
TF-201-124-001,124,3,Week 4,PASI Score,1,2025-07-18
TF-201-124-001,124,3,Week 4,Adverse Events,1,2025-07-18
TF-201-124-001,124,4,Week 8,Vital Signs,1,2025-08-24
TF-201-124-001,124,4,Week 8,PASI Score,1,2025-08-19
TF-201-124-001,124,4,Week 8,Laboratory,1,2025-08-21
TF-201-124-001,124,4,Week 8,Adverse Events,1,2025-08-21
TF-201-124-001,124,5,Week 12,Vital Signs,1,2025-09-17
TF-201-124-001,124,5,Week 12,PASI Score,1,2025-09-15
TF-201-124-001,124,5,Week 12,Adverse Events,1,2025-09-13
TF-201-124-001,124,6,Week 16 EOT,Vital Signs,1,2025-10-10
TF-201-124-001,124,6,Week 16 EOT,PASI Score,1,2025-10-08
TF-201-124-001,124,6,Week 16 EOT,Laboratory,1,2025-10-17
TF-201-124-001,124,6,Week 16 EOT,Adverse Events,1,2025-10-06
TF-201-124-001,124,6,Week 16 EOT,End of Treatment,1,2025-10-14
TF-201-124-002,124,1,Screening,Demographics,1,2026-01-17
TF-201-124-002,124,1,Screening,Inclusion/Exclusion,1,2026-01-19
TF-201-124-002,124,1,Screening,Medical History,1,2026-01-24
TF-201-124-002,124,1,Screening,Informed Consent,1,2026-01-21
TF-201-124-002,124,1,Screening,Laboratory,1,2026-01-26
TF-201-124-002,124,2,Baseline,Vital Signs,1,2026-02-14
TF-201-124-002,124,2,Baseline,PASI Score,1,2026-02-24
TF-201-124-002,124,2,Baseline,Laboratory,1,2026-02-14
TF-201-124-002,124,2,Baseline,Randomisation,1,2026-02-13
TF-201-124-002,124,3,Week 4,Vital Signs,1,2026-03-14
TF-201-124-002,124,3,Week 4,PASI Score,1,2026-03-19
TF-201-124-002,124,3,Week 4,Adverse Events,1,2026-03-19
TF-201-124-002,124,4,Week 8,Vital Signs,1,2026-04-17
TF-201-124-002,124,4,Week 8,PASI Score,1,2026-04-17
TF-201-124-002,124,4,Week 8,Laboratory,1,2026-04-17
TF-201-124-002,124,4,Week 8,Adverse Events,1,2026-04-22
TF-201-124-002,124,5,Week 12,Vital Signs,1,2026-05-07
TF-201-124-002,124,5,Week 12,PASI Score,1,2026-05-05
TF-201-124-002,124,5,Week 12,Adverse Events,1,2026-05-06
TF-201-124-002,124,6,Week 16 EOT,Vital Signs,1,2026-06-15
TF-201-124-002,124,6,Week 16 EOT,PASI Score,1,2026-06-17
TF-201-124-002,124,6,Week 16 EOT,Laboratory,1,2026-06-16
TF-201-124-002,124,6,Week 16 EOT,Adverse Events,1,2026-06-09
TF-201-124-002,124,6,Week 16 EOT,End of Treatment,1,2026-06-10
TF-201-124-003,124,1,Screening,Demographics,1,2026-06-26
TF-201-124-003,124,1,Screening,Inclusion/Exclusion,1,2026-06-27
TF-201-124-003,124,1,Screening,Medical History,1,2026-06-29
TF-201-124-003,124,1,Screening,Informed Consent,1,2026-06-26
TF-201-124-003,124,1,Screening,Laboratory,1,2026-07-07
TF-201-124-003,124,2,Baseline,Vital Signs,1,2026-08-14
TF-201-124-003,124,2,Baseline,PASI Score,1,2026-08-10
TF-201-124-003,124,2,Baseline,Laboratory,1,2026-08-16
TF-201-124-003,124,2,Baseline,Randomisation,1,2026-08-13
TF-201-124-003,124,3,Week 4,Vital Signs,1,2026-09-07
TF-201-124-003,124,3,Week 4,PASI Score,1,2026-09-12
TF-201-124-003,124,3,Week 4,Adverse Events,1,2026-09-12
TF-201-124-004,124,1,Screening,Demographics,1,2026-07-27
TF-201-124-004,124,1,Screening,Inclusion/Exclusion,1,2026-07-21
TF-201-124-004,124,1,Screening,Medical History,1,2026-07-29
TF-201-124-004,124,1,Screening,Informed Consent,1,2026-07-27
TF-201-124-004,124,1,Screening,Laboratory,0,
TF-201-124-004,124,2,Baseline,Vital Signs,1,2026-08-31
TF-201-124-004,124,2,Baseline,PASI Score,1,2026-08-27
TF-201-124-004,124,2,Baseline,Laboratory,1,2026-08-24
TF-201-124-004,124,2,Baseline,Randomisation,1,2026-08-22
TF-201-124-005,124,1,Screening,Demographics,1,2026-03-31
TF-201-124-005,124,1,Screening,Inclusion/Exclusion,1,2026-04-04
TF-201-124-005,124,1,Screening,Medical History,1,2026-03-26
TF-201-124-005,124,1,Screening,Informed Consent,1,2026-03-28
TF-201-124-005,124,1,Screening,Laboratory,1,2026-04-03
TF-201-124-005,124,2,Baseline,Vital Signs,1,2026-04-20
TF-201-124-005,124,2,Baseline,PASI Score,1,2026-04-22
TF-201-124-005,124,2,Baseline,Laboratory,1,2026-04-18
TF-201-124-005,124,2,Baseline,Randomisation,1,2026-04-16
TF-201-124-005,124,3,Week 4,Vital Signs,1,2026-05-10
TF-201-124-005,124,3,Week 4,PASI Score,1,2026-05-10
TF-201-124-005,124,3,Week 4,Adverse Events,1,2026-05-14
TF-201-124-005,124,4,Week 8,Vital Signs,1,2026-06-14
TF-201-124-005,124,4,Week 8,PASI Score,1,2026-06-10
TF-201-124-005,124,4,Week 8,Laboratory,1,2026-06-12
TF-201-124-005,124,4,Week 8,Adverse Events,0,
TF-201-124-005,124,5,Week 12,Vital Signs,1,2026-07-11
TF-201-124-005,124,5,Week 12,PASI Score,1,2026-07-17
TF-201-124-005,124,5,Week 12,Adverse Events,1,2026-07-12
TF-201-124-005,124,6,Week 16 EOT,Vital Signs,1,2026-08-10
TF-201-124-005,124,6,Week 16 EOT,PASI Score,1,2026-08-19
TF-201-124-005,124,6,Week 16 EOT,Laboratory,1,2026-08-11
TF-201-124-005,124,6,Week 16 EOT,Adverse Events,1,2026-08-14
TF-201-124-005,124,6,Week 16 EOT,End of Treatment,0,
TF-201-124-006,124,1,Screening,Demographics,1,2026-07-01
TF-201-124-006,124,1,Screening,Inclusion/Exclusion,1,2026-06-27
TF-201-124-006,124,1,Screening,Medical History,1,2026-06-30
TF-201-124-006,124,1,Screening,Informed Consent,1,2026-07-06
TF-201-124-006,124,1,Screening,Laboratory,0,
TF-201-124-006,124,2,Baseline,Vital Signs,1,2026-07-22
TF-201-124-006,124,2,Baseline,PASI Score,1,2026-07-26
TF-201-124-006,124,2,Baseline,Laboratory,1,2026-07-26
TF-201-124-006,124,2,Baseline,Randomisation,1,2026-07-22
TF-201-124-006,124,3,Week 4,Vital Signs,1,2026-08-23
TF-201-124-006,124,3,Week 4,PASI Score,1,2026-08-22
TF-201-124-006,124,3,Week 4,Adverse Events,1,2026-08-17
TF-201-124-007,124,1,Screening,Demographics,1,2025-12-16
TF-201-124-007,124,1,Screening,Inclusion/Exclusion,1,2025-12-16
TF-201-124-007,124,1,Screening,Medical History,1,2025-12-22
TF-201-124-007,124,1,Screening,Informed Consent,1,2025-12-14
TF-201-124-007,124,1,Screening,Laboratory,1,2025-12-18
TF-201-124-007,124,2,Baseline,Vital Signs,1,2026-01-11
TF-201-124-007,124,2,Baseline,PASI Score,1,2026-01-10
TF-201-124-007,124,2,Baseline,Laboratory,1,2026-01-13
TF-201-124-007,124,2,Baseline,Randomisation,1,2026-01-11
TF-201-124-007,124,3,Week 4,Vital Signs,1,2026-02-07
TF-201-124-007,124,3,Week 4,PASI Score,1,2026-02-12
TF-201-124-007,124,3,Week 4,Adverse Events,1,2026-02-04
TF-201-124-007,124,4,Week 8,Vital Signs,1,2026-03-03
TF-201-124-007,124,4,Week 8,PASI Score,1,2026-03-11
TF-201-124-007,124,4,Week 8,Laboratory,1,2026-03-04
TF-201-124-007,124,4,Week 8,Adverse Events,1,2026-03-09
TF-201-124-007,124,6,Week 16 EOT,Vital Signs,1,2026-04-30
TF-201-124-007,124,6,Week 16 EOT,PASI Score,1,2026-05-02
TF-201-124-007,124,6,Week 16 EOT,Laboratory,1,2026-05-10
TF-201-124-007,124,6,Week 16 EOT,Adverse Events,1,2026-05-04
TF-201-124-007,124,6,Week 16 EOT,End of Treatment,1,2026-05-08
TF-201-124-008,124,1,Screening,Demographics,1,2025-09-13
TF-201-124-008,124,1,Screening,Inclusion/Exclusion,0,
TF-201-124-008,124,1,Screening,Medical History,1,2025-09-10
TF-201-124-008,124,1,Screening,Informed Consent,1,2025-09-11
TF-201-124-008,124,1,Screening,Laboratory,1,2025-09-04
TF-201-124-008,124,2,Baseline,Vital Signs,1,2025-10-19
TF-201-124-008,124,2,Baseline,PASI Score,1,2025-10-17
TF-201-124-008,124,2,Baseline,Laboratory,1,2025-10-16
TF-201-124-008,124,2,Baseline,Randomisation,1,2025-10-19
TF-201-124-008,124,3,Week 4,Vital Signs,1,2025-11-11
TF-201-124-008,124,3,Week 4,PASI Score,1,2025-11-08
TF-201-124-008,124,3,Week 4,Adverse Events,1,2025-11-19
TF-201-124-008,124,4,Week 8,Vital Signs,1,2025-12-04
TF-201-124-008,124,4,Week 8,PASI Score,1,2025-12-07
TF-201-124-008,124,4,Week 8,Laboratory,1,2025-12-09
TF-201-124-008,124,4,Week 8,Adverse Events,1,2025-12-06
TF-201-124-008,124,5,Week 12,Vital Signs,1,2026-01-10
TF-201-124-008,124,5,Week 12,PASI Score,1,2026-01-17
TF-201-124-008,124,5,Week 12,Adverse Events,1,2026-01-18
TF-201-124-008,124,6,Week 16 EOT,Vital Signs,1,2026-02-12
TF-201-124-008,124,6,Week 16 EOT,PASI Score,1,2026-02-15
TF-201-124-008,124,6,Week 16 EOT,Laboratory,1,2026-02-13
TF-201-124-008,124,6,Week 16 EOT,Adverse Events,1,2026-02-10
TF-201-124-008,124,6,Week 16 EOT,End of Treatment,1,2026-02-13
TF-201-124-009,124,1,Screening,Demographics,1,2026-01-16
TF-201-124-009,124,1,Screening,Inclusion/Exclusion,1,2026-01-17
TF-201-124-009,124,1,Screening,Medical History,1,2026-01-14
TF-201-124-009,124,1,Screening,Informed Consent,1,2026-01-13
TF-201-124-009,124,1,Screening,Laboratory,1,2026-01-23
TF-201-124-009,124,2,Baseline,Vital Signs,1,2026-02-01
TF-201-124-009,124,2,Baseline,PASI Score,1,2026-02-03
TF-201-124-009,124,2,Baseline,Laboratory,1,2026-02-03
TF-201-124-009,124,2,Baseline,Randomisation,1,2026-02-07
TF-201-124-009,124,3,Week 4,Vital Signs,1,2026-03-06
TF-201-124-009,124,3,Week 4,PASI Score,1,2026-03-01
TF-201-124-009,124,3,Week 4,Adverse Events,1,2026-03-06
TF-201-124-009,124,5,Week 12,Vital Signs,1,2026-05-02
TF-201-124-009,124,5,Week 12,PASI Score,1,2026-04-29
TF-201-124-009,124,5,Week 12,Adverse Events,1,2026-04-24
TF-201-124-009,124,6,Week 16 EOT,Vital Signs,1,2026-05-26
TF-201-124-009,124,6,Week 16 EOT,PASI Score,1,2026-05-28
TF-201-124-009,124,6,Week 16 EOT,Laboratory,1,2026-05-27
TF-201-124-009,124,6,Week 16 EOT,Adverse Events,1,2026-05-25
TF-201-124-009,124,6,Week 16 EOT,End of Treatment,1,2026-05-26
TF-201-124-010,124,1,Screening,Demographics,1,2025-10-14
TF-201-124-010,124,1,Screening,Inclusion/Exclusion,0,
TF-201-124-010,124,1,Screening,Medical History,1,2025-10-24
TF-201-124-010,124,1,Screening,Informed Consent,1,2025-10-25
TF-201-124-010,124,1,Screening,Laboratory,1,2025-10-23
TF-201-124-010,124,2,Baseline,Vital Signs,1,2025-11-27
TF-201-124-010,124,2,Baseline,PASI Score,1,2025-11-26
TF-201-124-010,124,2,Baseline,Laboratory,1,2025-11-22
TF-201-124-010,124,2,Baseline,Randomisation,1,2025-11-20
TF-201-124-010,124,3,Week 4,Vital Signs,1,2025-12-19
TF-201-124-010,124,3,Week 4,PASI Score,1,2025-12-17
TF-201-124-010,124,3,Week 4,Adverse Events,1,2025-12-18
TF-201-124-010,124,4,Week 8,Vital Signs,1,2026-01-20
TF-201-124-010,124,4,Week 8,PASI Score,1,2026-01-26
TF-201-124-010,124,4,Week 8,Laboratory,1,2026-01-27
TF-201-124-010,124,4,Week 8,Adverse Events,1,2026-01-26
TF-201-124-010,124,5,Week 12,Vital Signs,1,2026-02-13
TF-201-124-010,124,5,Week 12,PASI Score,1,2026-02-17
TF-201-124-010,124,5,Week 12,Adverse Events,1,2026-02-12
TF-201-124-010,124,6,Week 16 EOT,Vital Signs,1,2026-03-18
TF-201-124-010,124,6,Week 16 EOT,PASI Score,1,2026-03-19
TF-201-124-010,124,6,Week 16 EOT,Laboratory,1,2026-03-21
TF-201-124-010,124,6,Week 16 EOT,Adverse Events,1,2026-03-19
TF-201-124-010,124,6,Week 16 EOT,End of Treatment,1,2026-03-17
TF-201-124-011,124,1,Screening,Demographics,1,2025-09-24
TF-201-124-011,124,1,Screening,Inclusion/Exclusion,1,2025-09-21
TF-201-124-011,124,1,Screening,Medical History,1,2025-09-19
TF-201-124-011,124,1,Screening,Informed Consent,1,2025-09-15
TF-201-124-011,124,1,Screening,Laboratory,1,2025-09-25
TF-201-124-011,124,2,Baseline,Vital Signs,1,2025-10-11
TF-201-124-011,124,2,Baseline,PASI Score,1,2025-10-05
TF-201-124-011,124,2,Baseline,Laboratory,1,2025-10-07
TF-201-124-011,124,2,Baseline,Randomisation,1,2025-10-12
TF-201-124-011,124,3,Week 4,Vital Signs,1,2025-11-10
TF-201-124-011,124,3,Week 4,PASI Score,1,2025-11-07
TF-201-124-011,124,3,Week 4,Adverse Events,1,2025-11-01
TF-201-124-011,124,4,Week 8,Vital Signs,1,2025-12-06
TF-201-124-011,124,4,Week 8,PASI Score,1,2025-12-04
TF-201-124-011,124,4,Week 8,Laboratory,1,2025-11-29
TF-201-124-011,124,4,Week 8,Adverse Events,1,2025-12-07
TF-201-124-011,124,5,Week 12,Vital Signs,1,2026-01-10
TF-201-124-011,124,5,Week 12,PASI Score,1,2026-01-12
TF-201-124-011,124,5,Week 12,Adverse Events,1,2026-01-07
TF-201-124-011,124,6,Week 16 EOT,Vital Signs,1,2026-01-26
TF-201-124-011,124,6,Week 16 EOT,PASI Score,1,2026-01-31
TF-201-124-011,124,6,Week 16 EOT,Laboratory,1,2026-02-03
TF-201-124-011,124,6,Week 16 EOT,Adverse Events,1,2026-01-28
TF-201-124-011,124,6,Week 16 EOT,End of Treatment,1,2026-02-03
TF-201-124-012,124,1,Screening,Demographics,1,2026-06-19
TF-201-124-012,124,1,Screening,Inclusion/Exclusion,1,2026-06-17
TF-201-124-012,124,1,Screening,Medical History,1,2026-06-20
TF-201-124-012,124,1,Screening,Informed Consent,1,2026-06-21
TF-201-124-012,124,1,Screening,Laboratory,1,2026-06-22
TF-201-124-013,124,1,Screening,Demographics,1,2026-02-08
TF-201-124-013,124,1,Screening,Inclusion/Exclusion,1,2026-02-09
TF-201-124-013,124,1,Screening,Medical History,1,2026-02-10
TF-201-124-013,124,1,Screening,Informed Consent,1,2026-02-11
TF-201-124-013,124,1,Screening,Laboratory,1,2026-02-13
TF-201-124-013,124,2,Baseline,Vital Signs,0,
TF-201-124-013,124,2,Baseline,PASI Score,1,2026-03-14
TF-201-124-013,124,2,Baseline,Laboratory,1,2026-03-18
TF-201-124-013,124,2,Baseline,Randomisation,1,2026-03-21
TF-201-124-013,124,3,Week 4,Vital Signs,1,2026-04-07
TF-201-124-013,124,3,Week 4,PASI Score,1,2026-04-09
TF-201-124-013,124,3,Week 4,Adverse Events,1,2026-04-11
TF-201-124-013,124,4,Week 8,Vital Signs,1,2026-05-11
TF-201-124-013,124,4,Week 8,PASI Score,1,2026-05-14
TF-201-124-013,124,4,Week 8,Laboratory,1,2026-05-12
TF-201-124-013,124,4,Week 8,Adverse Events,1,2026-05-14
TF-201-124-013,124,5,Week 12,Vital Signs,1,2026-06-02
TF-201-124-013,124,5,Week 12,PASI Score,1,2026-06-01
TF-201-124-013,124,5,Week 12,Adverse Events,1,2026-06-04
TF-201-124-013,124,6,Week 16 EOT,Vital Signs,1,2026-07-07
TF-201-124-013,124,6,Week 16 EOT,PASI Score,1,2026-07-01
TF-201-124-013,124,6,Week 16 EOT,Laboratory,1,2026-07-01
TF-201-124-013,124,6,Week 16 EOT,Adverse Events,1,2026-07-11
TF-201-124-013,124,6,Week 16 EOT,End of Treatment,1,2026-07-08
TF-201-124-014,124,1,Screening,Demographics,1,2026-04-03
TF-201-124-014,124,1,Screening,Inclusion/Exclusion,1,2026-04-08
TF-201-124-014,124,1,Screening,Medical History,1,2026-04-07
TF-201-124-014,124,1,Screening,Informed Consent,1,2026-04-10
TF-201-124-014,124,1,Screening,Laboratory,0,
TF-201-124-014,124,2,Baseline,Vital Signs,1,2026-05-20
TF-201-124-014,124,2,Baseline,PASI Score,1,2026-05-16
TF-201-124-014,124,2,Baseline,Laboratory,1,2026-05-16
TF-201-124-014,124,2,Baseline,Randomisation,1,2026-05-24
TF-201-124-014,124,3,Week 4,Vital Signs,1,2026-06-11
TF-201-124-014,124,3,Week 4,PASI Score,1,2026-06-15
TF-201-124-014,124,3,Week 4,Adverse Events,1,2026-06-19
TF-201-124-014,124,4,Week 8,Vital Signs,1,2026-07-10
TF-201-124-014,124,4,Week 8,PASI Score,1,2026-07-10
TF-201-124-014,124,4,Week 8,Laboratory,1,2026-07-18
TF-201-124-014,124,4,Week 8,Adverse Events,1,2026-07-18
TF-201-124-014,124,5,Week 12,Vital Signs,1,2026-08-07
TF-201-124-014,124,5,Week 12,PASI Score,1,2026-08-11
TF-201-124-014,124,5,Week 12,Adverse Events,1,2026-08-14
TF-201-124-014,124,6,Week 16 EOT,Vital Signs,1,2026-09-08
TF-201-124-014,124,6,Week 16 EOT,PASI Score,1,2026-09-03
TF-201-124-014,124,6,Week 16 EOT,Laboratory,1,2026-09-07
TF-201-124-014,124,6,Week 16 EOT,Adverse Events,1,2026-09-13
TF-201-124-014,124,6,Week 16 EOT,End of Treatment,1,2026-09-10
TF-201-124-015,124,1,Screening,Demographics,1,2026-01-18
TF-201-124-015,124,1,Screening,Inclusion/Exclusion,1,2026-01-18
TF-201-124-015,124,1,Screening,Medical History,1,2026-01-17
TF-201-124-015,124,1,Screening,Informed Consent,1,2026-01-17
TF-201-124-015,124,1,Screening,Laboratory,1,2026-01-15
TF-201-124-015,124,2,Baseline,Vital Signs,1,2026-02-05
TF-201-124-015,124,2,Baseline,PASI Score,1,2026-02-07
TF-201-124-015,124,2,Baseline,Laboratory,1,2026-02-07
TF-201-124-015,124,2,Baseline,Randomisation,1,2026-02-12
TF-201-124-015,124,3,Week 4,Vital Signs,1,2026-03-05
TF-201-124-015,124,3,Week 4,PASI Score,1,2026-03-14
TF-201-124-015,124,3,Week 4,Adverse Events,1,2026-03-08
TF-201-124-015,124,4,Week 8,Vital Signs,1,2026-04-06
TF-201-124-015,124,4,Week 8,PASI Score,1,2026-04-05
TF-201-124-015,124,4,Week 8,Laboratory,1,2026-04-15
TF-201-124-015,124,4,Week 8,Adverse Events,1,2026-04-13
TF-201-124-015,124,5,Week 12,Vital Signs,1,2026-05-02
TF-201-124-015,124,5,Week 12,PASI Score,1,2026-05-07
TF-201-124-015,124,5,Week 12,Adverse Events,1,2026-05-06
TF-201-124-015,124,6,Week 16 EOT,Vital Signs,1,2026-06-01
TF-201-124-015,124,6,Week 16 EOT,PASI Score,1,2026-06-06
TF-201-124-015,124,6,Week 16 EOT,Laboratory,1,2026-06-03
TF-201-124-015,124,6,Week 16 EOT,Adverse Events,1,2026-05-31
TF-201-124-015,124,6,Week 16 EOT,End of Treatment,1,2026-06-03
TF-201-124-016,124,1,Screening,Demographics,1,2026-07-15
TF-201-124-016,124,1,Screening,Inclusion/Exclusion,1,2026-07-13
TF-201-124-016,124,1,Screening,Medical History,1,2026-07-08
TF-201-124-016,124,1,Screening,Informed Consent,1,2026-07-16
TF-201-124-016,124,1,Screening,Laboratory,1,2026-07-08
TF-201-124-016,124,2,Baseline,Vital Signs,1,2026-08-09
TF-201-124-016,124,2,Baseline,PASI Score,1,2026-08-07
TF-201-124-016,124,2,Baseline,Laboratory,1,2026-08-08
TF-201-124-016,124,2,Baseline,Randomisation,1,2026-08-11
TF-201-124-016,124,3,Week 4,Vital Signs,1,2026-09-09
TF-201-124-016,124,3,Week 4,PASI Score,1,2026-09-13
TF-201-124-016,124,3,Week 4,Adverse Events,1,2026-09-09
TF-201-124-017,124,1,Screening,Demographics,1,2025-12-10
TF-201-124-017,124,1,Screening,Inclusion/Exclusion,1,2025-12-19
TF-201-124-017,124,1,Screening,Medical History,1,2025-12-12
TF-201-124-017,124,1,Screening,Informed Consent,1,2025-12-13
TF-201-124-017,124,1,Screening,Laboratory,1,2025-12-15
TF-201-124-017,124,2,Baseline,Vital Signs,1,2026-01-10
TF-201-124-017,124,2,Baseline,PASI Score,1,2026-01-10
TF-201-124-017,124,2,Baseline,Laboratory,1,2026-01-08
TF-201-124-017,124,2,Baseline,Randomisation,1,2026-01-12
TF-201-124-017,124,3,Week 4,Vital Signs,1,2026-02-03
TF-201-124-017,124,3,Week 4,PASI Score,1,2026-02-03
TF-201-124-017,124,3,Week 4,Adverse Events,1,2026-02-01
TF-201-124-017,124,4,Week 8,Vital Signs,1,2026-02-26
TF-201-124-017,124,4,Week 8,PASI Score,1,2026-02-24
TF-201-124-017,124,4,Week 8,Laboratory,1,2026-03-05
TF-201-124-017,124,4,Week 8,Adverse Events,1,2026-03-03
TF-201-124-017,124,5,Week 12,Vital Signs,1,2026-04-09
TF-201-124-017,124,5,Week 12,PASI Score,1,2026-04-07
TF-201-124-017,124,5,Week 12,Adverse Events,1,2026-04-04
TF-201-124-017,124,6,Week 16 EOT,Vital Signs,1,2026-04-29
TF-201-124-017,124,6,Week 16 EOT,PASI Score,1,2026-05-03
TF-201-124-017,124,6,Week 16 EOT,Laboratory,1,2026-05-01
TF-201-124-017,124,6,Week 16 EOT,Adverse Events,1,2026-05-03
TF-201-124-017,124,6,Week 16 EOT,End of Treatment,1,2026-05-03
TF-201-124-018,124,1,Screening,Demographics,1,2026-07-08
TF-201-124-018,124,1,Screening,Inclusion/Exclusion,1,2026-07-02
TF-201-124-018,124,1,Screening,Medical History,1,2026-07-09
TF-201-124-018,124,1,Screening,Informed Consent,1,2026-07-06
TF-201-124-018,124,1,Screening,Laboratory,1,2026-06-28
TF-201-124-018,124,2,Baseline,Vital Signs,1,2026-08-04
TF-201-124-018,124,2,Baseline,PASI Score,1,2026-08-05
TF-201-124-018,124,2,Baseline,Laboratory,1,2026-07-29
TF-201-124-018,124,2,Baseline,Randomisation,0,
TF-201-124-018,124,3,Week 4,Vital Signs,1,2026-08-31
TF-201-124-018,124,3,Week 4,PASI Score,1,2026-08-27
TF-201-124-018,124,3,Week 4,Adverse Events,1,2026-08-30
TF-201-125-001,125,1,Screening,Demographics,1,2026-04-12
TF-201-125-001,125,1,Screening,Inclusion/Exclusion,1,2026-04-12
TF-201-125-001,125,1,Screening,Medical History,1,2026-04-19
TF-201-125-001,125,1,Screening,Informed Consent,1,2026-04-15
TF-201-125-001,125,1,Screening,Laboratory,1,2026-04-21
TF-201-125-001,125,2,Baseline,Vital Signs,1,2026-05-05
TF-201-125-001,125,2,Baseline,PASI Score,1,2026-05-01
TF-201-125-001,125,2,Baseline,Laboratory,1,2026-05-08
TF-201-125-001,125,2,Baseline,Randomisation,1,2026-05-05
TF-201-125-001,125,3,Week 4,Vital Signs,1,2026-05-27
TF-201-125-001,125,3,Week 4,PASI Score,1,2026-06-02
TF-201-125-001,125,3,Week 4,Adverse Events,1,2026-05-27
TF-201-125-001,125,4,Week 8,Vital Signs,1,2026-06-27
TF-201-125-001,125,4,Week 8,PASI Score,1,2026-07-01
TF-201-125-001,125,4,Week 8,Laboratory,1,2026-06-29
TF-201-125-001,125,4,Week 8,Adverse Events,1,2026-06-24
TF-201-125-001,125,5,Week 12,Vital Signs,1,2026-08-04
TF-201-125-001,125,5,Week 12,PASI Score,1,2026-07-29
TF-201-125-001,125,5,Week 12,Adverse Events,1,2026-08-04
TF-201-125-001,125,6,Week 16 EOT,Vital Signs,1,2026-08-28
TF-201-125-001,125,6,Week 16 EOT,PASI Score,1,2026-08-29
TF-201-125-001,125,6,Week 16 EOT,Laboratory,1,2026-08-26
TF-201-125-001,125,6,Week 16 EOT,Adverse Events,1,2026-08-23
TF-201-125-001,125,6,Week 16 EOT,End of Treatment,1,2026-08-29
TF-201-125-002,125,1,Screening,Demographics,1,2025-08-02
TF-201-125-002,125,1,Screening,Inclusion/Exclusion,1,2025-08-03
TF-201-125-002,125,1,Screening,Medical History,1,2025-08-07
TF-201-125-002,125,1,Screening,Informed Consent,1,2025-08-04
TF-201-125-002,125,1,Screening,Laboratory,1,2025-08-10
TF-201-125-002,125,2,Baseline,Vital Signs,1,2025-09-01
TF-201-125-002,125,2,Baseline,PASI Score,1,2025-09-06
TF-201-125-002,125,2,Baseline,Laboratory,1,2025-09-06
TF-201-125-002,125,2,Baseline,Randomisation,1,2025-09-05
TF-201-125-002,125,3,Week 4,Vital Signs,1,2025-09-29
TF-201-125-002,125,3,Week 4,PASI Score,1,2025-10-03
TF-201-125-002,125,3,Week 4,Adverse Events,0,
TF-201-125-002,125,4,Week 8,Vital Signs,1,2025-10-27
TF-201-125-002,125,4,Week 8,PASI Score,1,2025-10-24
TF-201-125-002,125,4,Week 8,Laboratory,1,2025-10-29
TF-201-125-002,125,4,Week 8,Adverse Events,1,2025-10-24
TF-201-125-002,125,5,Week 12,Vital Signs,1,2025-12-01
TF-201-125-002,125,5,Week 12,PASI Score,1,2025-12-03
TF-201-125-002,125,5,Week 12,Adverse Events,1,2025-11-30
TF-201-125-002,125,6,Week 16 EOT,Vital Signs,1,2025-12-26
TF-201-125-002,125,6,Week 16 EOT,PASI Score,0,
TF-201-125-002,125,6,Week 16 EOT,Laboratory,1,2025-12-20
TF-201-125-002,125,6,Week 16 EOT,Adverse Events,1,2025-12-17
TF-201-125-002,125,6,Week 16 EOT,End of Treatment,1,2025-12-25
TF-201-125-003,125,1,Screening,Demographics,1,2025-02-20
TF-201-125-003,125,1,Screening,Inclusion/Exclusion,1,2025-02-09
TF-201-125-003,125,1,Screening,Medical History,1,2025-02-18
TF-201-125-003,125,1,Screening,Informed Consent,1,2025-02-20
TF-201-125-003,125,1,Screening,Laboratory,1,2025-02-11
TF-201-125-003,125,2,Baseline,Vital Signs,1,2025-03-24
TF-201-125-003,125,2,Baseline,PASI Score,1,2025-03-16
TF-201-125-003,125,2,Baseline,Laboratory,1,2025-03-21
TF-201-125-003,125,2,Baseline,Randomisation,1,2025-03-25
TF-201-125-003,125,3,Week 4,Vital Signs,1,2025-04-13
TF-201-125-003,125,3,Week 4,PASI Score,1,2025-04-11
TF-201-125-003,125,3,Week 4,Adverse Events,1,2025-04-21
TF-201-125-003,125,4,Week 8,Vital Signs,1,2025-05-10
TF-201-125-003,125,4,Week 8,PASI Score,1,2025-05-11
TF-201-125-003,125,4,Week 8,Laboratory,1,2025-05-16
TF-201-125-003,125,4,Week 8,Adverse Events,1,2025-05-13
TF-201-125-003,125,5,Week 12,Vital Signs,1,2025-06-04
TF-201-125-003,125,5,Week 12,PASI Score,1,2025-06-04
TF-201-125-003,125,5,Week 12,Adverse Events,1,2025-06-05
TF-201-125-003,125,6,Week 16 EOT,Vital Signs,1,2025-07-14
TF-201-125-003,125,6,Week 16 EOT,PASI Score,1,2025-07-11
TF-201-125-003,125,6,Week 16 EOT,Laboratory,1,2025-07-19
TF-201-125-003,125,6,Week 16 EOT,Adverse Events,1,2025-07-10
TF-201-125-003,125,6,Week 16 EOT,End of Treatment,1,2025-07-20
TF-201-125-004,125,1,Screening,Demographics,1,2025-03-02
TF-201-125-004,125,1,Screening,Inclusion/Exclusion,1,2025-02-26
TF-201-125-004,125,1,Screening,Medical History,0,
TF-201-125-004,125,1,Screening,Informed Consent,1,2025-02-24
TF-201-125-004,125,1,Screening,Laboratory,1,2025-02-25
TF-201-125-004,125,2,Baseline,Vital Signs,1,2025-03-29
TF-201-125-004,125,2,Baseline,PASI Score,1,2025-04-04
TF-201-125-004,125,2,Baseline,Laboratory,0,
TF-201-125-004,125,2,Baseline,Randomisation,1,2025-04-05
TF-201-125-004,125,3,Week 4,Vital Signs,1,2025-04-29
TF-201-125-004,125,3,Week 4,PASI Score,1,2025-05-07
TF-201-125-004,125,3,Week 4,Adverse Events,1,2025-04-27
TF-201-125-004,125,4,Week 8,Vital Signs,1,2025-05-30
TF-201-125-004,125,4,Week 8,PASI Score,1,2025-05-27
TF-201-125-004,125,4,Week 8,Laboratory,1,2025-05-28
TF-201-125-004,125,4,Week 8,Adverse Events,1,2025-05-27
TF-201-125-004,125,5,Week 12,Vital Signs,1,2025-07-03
TF-201-125-004,125,5,Week 12,PASI Score,1,2025-07-02
TF-201-125-004,125,5,Week 12,Adverse Events,1,2025-07-06
TF-201-125-004,125,6,Week 16 EOT,Vital Signs,1,2025-07-19
TF-201-125-004,125,6,Week 16 EOT,PASI Score,1,2025-07-28
TF-201-125-004,125,6,Week 16 EOT,Laboratory,1,2025-07-24
TF-201-125-004,125,6,Week 16 EOT,Adverse Events,1,2025-07-23
TF-201-125-004,125,6,Week 16 EOT,End of Treatment,1,2025-07-18
TF-201-125-005,125,1,Screening,Demographics,1,2025-04-05
TF-201-125-005,125,1,Screening,Inclusion/Exclusion,1,2025-04-05
TF-201-125-005,125,1,Screening,Medical History,1,2025-04-03
TF-201-125-005,125,1,Screening,Informed Consent,1,2025-04-07
TF-201-125-005,125,1,Screening,Laboratory,1,2025-04-06
TF-201-125-005,125,2,Baseline,Vital Signs,1,2025-04-18
TF-201-125-005,125,2,Baseline,PASI Score,1,2025-04-26
TF-201-125-005,125,2,Baseline,Laboratory,1,2025-04-20
TF-201-125-005,125,2,Baseline,Randomisation,1,2025-04-19
TF-201-125-005,125,3,Week 4,Vital Signs,1,2025-05-24
TF-201-125-005,125,3,Week 4,PASI Score,1,2025-05-21
TF-201-125-005,125,3,Week 4,Adverse Events,1,2025-05-20
TF-201-125-005,125,4,Week 8,Vital Signs,1,2025-06-16
TF-201-125-005,125,4,Week 8,PASI Score,1,2025-06-18
TF-201-125-005,125,4,Week 8,Laboratory,1,2025-06-18
TF-201-125-005,125,4,Week 8,Adverse Events,1,2025-06-14
TF-201-125-005,125,5,Week 12,Vital Signs,1,2025-07-15
TF-201-125-005,125,5,Week 12,PASI Score,1,2025-07-15
TF-201-125-005,125,5,Week 12,Adverse Events,1,2025-07-14
TF-201-125-005,125,6,Week 16 EOT,Vital Signs,1,2025-08-22
TF-201-125-005,125,6,Week 16 EOT,PASI Score,1,2025-08-23
TF-201-125-005,125,6,Week 16 EOT,Laboratory,1,2025-08-21
TF-201-125-005,125,6,Week 16 EOT,Adverse Events,1,2025-08-21
TF-201-125-005,125,6,Week 16 EOT,End of Treatment,1,2025-08-16
TF-201-125-006,125,1,Screening,Demographics,1,2025-02-12
TF-201-125-006,125,1,Screening,Inclusion/Exclusion,0,
TF-201-125-006,125,1,Screening,Medical History,1,2025-02-04
TF-201-125-006,125,1,Screening,Informed Consent,1,2025-02-06
TF-201-125-006,125,1,Screening,Laboratory,1,2025-02-14
TF-201-125-006,125,2,Baseline,Vital Signs,1,2025-03-14
TF-201-125-006,125,2,Baseline,PASI Score,1,2025-03-13
TF-201-125-006,125,2,Baseline,Laboratory,1,2025-03-12
TF-201-125-006,125,2,Baseline,Randomisation,1,2025-03-14
TF-201-125-006,125,3,Week 4,Vital Signs,1,2025-04-15
TF-201-125-006,125,3,Week 4,PASI Score,1,2025-04-11
TF-201-125-006,125,3,Week 4,Adverse Events,1,2025-04-12
TF-201-125-006,125,4,Week 8,Vital Signs,1,2025-05-07
TF-201-125-006,125,4,Week 8,PASI Score,1,2025-05-12
TF-201-125-006,125,4,Week 8,Laboratory,1,2025-05-13
TF-201-125-006,125,4,Week 8,Adverse Events,1,2025-05-06
TF-201-125-006,125,5,Week 12,Vital Signs,1,2025-06-10
TF-201-125-006,125,5,Week 12,PASI Score,1,2025-06-14
TF-201-125-006,125,5,Week 12,Adverse Events,1,2025-06-08
TF-201-125-006,125,6,Week 16 EOT,Vital Signs,1,2025-07-05
TF-201-125-006,125,6,Week 16 EOT,PASI Score,1,2025-07-02
TF-201-125-006,125,6,Week 16 EOT,Laboratory,1,2025-07-02
TF-201-125-006,125,6,Week 16 EOT,Adverse Events,1,2025-07-01
TF-201-125-006,125,6,Week 16 EOT,End of Treatment,1,2025-07-01
TF-201-125-007,125,1,Screening,Demographics,1,2025-06-05
TF-201-125-007,125,1,Screening,Inclusion/Exclusion,1,2025-06-03
TF-201-125-007,125,1,Screening,Medical History,1,2025-05-29
TF-201-125-007,125,1,Screening,Informed Consent,1,2025-06-05
TF-201-125-007,125,1,Screening,Laboratory,1,2025-05-28
TF-201-125-007,125,2,Baseline,Vital Signs,1,2025-06-18
TF-201-125-007,125,2,Baseline,PASI Score,1,2025-06-22
TF-201-125-007,125,2,Baseline,Laboratory,0,
TF-201-125-007,125,2,Baseline,Randomisation,1,2025-06-22
TF-201-125-007,125,3,Week 4,Vital Signs,1,2025-07-24
TF-201-125-007,125,3,Week 4,PASI Score,1,2025-07-19
TF-201-125-007,125,3,Week 4,Adverse Events,1,2025-07-14
TF-201-125-007,125,4,Week 8,Vital Signs,1,2025-08-14
TF-201-125-007,125,4,Week 8,PASI Score,1,2025-08-13
TF-201-125-007,125,4,Week 8,Laboratory,1,2025-08-19
TF-201-125-007,125,4,Week 8,Adverse Events,1,2025-08-09
TF-201-125-007,125,5,Week 12,Vital Signs,1,2025-09-13
TF-201-125-007,125,5,Week 12,PASI Score,1,2025-09-06
TF-201-125-007,125,5,Week 12,Adverse Events,1,2025-09-04
TF-201-125-007,125,6,Week 16 EOT,Vital Signs,1,2025-10-07
TF-201-125-007,125,6,Week 16 EOT,PASI Score,1,2025-10-07
TF-201-125-007,125,6,Week 16 EOT,Laboratory,1,2025-10-01
TF-201-125-007,125,6,Week 16 EOT,Adverse Events,1,2025-10-02
TF-201-125-007,125,6,Week 16 EOT,End of Treatment,1,2025-10-11
TF-201-125-008,125,1,Screening,Demographics,1,2025-10-11
TF-201-125-008,125,1,Screening,Inclusion/Exclusion,1,2025-10-10
TF-201-125-008,125,1,Screening,Medical History,1,2025-10-10
TF-201-125-008,125,1,Screening,Informed Consent,1,2025-10-13
TF-201-125-008,125,1,Screening,Laboratory,1,2025-10-09
TF-201-125-008,125,2,Baseline,Vital Signs,1,2025-10-23
TF-201-125-008,125,2,Baseline,PASI Score,1,2025-10-24
TF-201-125-008,125,2,Baseline,Laboratory,1,2025-10-27
TF-201-125-008,125,2,Baseline,Randomisation,1,2025-10-23
TF-201-125-008,125,3,Week 4,Vital Signs,1,2025-11-21
TF-201-125-008,125,3,Week 4,PASI Score,1,2025-11-26
TF-201-125-008,125,3,Week 4,Adverse Events,1,2025-11-21
TF-201-125-008,125,4,Week 8,Vital Signs,1,2025-12-23
TF-201-125-008,125,4,Week 8,PASI Score,1,2025-12-29
TF-201-125-008,125,4,Week 8,Laboratory,1,2025-12-21
TF-201-125-008,125,4,Week 8,Adverse Events,1,2025-12-31
TF-201-125-008,125,5,Week 12,Vital Signs,1,2026-01-21
TF-201-125-008,125,5,Week 12,PASI Score,1,2026-01-22
TF-201-125-008,125,5,Week 12,Adverse Events,1,2026-01-28
TF-201-125-008,125,6,Week 16 EOT,Vital Signs,1,2026-02-13
TF-201-125-008,125,6,Week 16 EOT,PASI Score,1,2026-02-18
TF-201-125-008,125,6,Week 16 EOT,Laboratory,1,2026-02-15
TF-201-125-008,125,6,Week 16 EOT,Adverse Events,1,2026-02-18
TF-201-125-008,125,6,Week 16 EOT,End of Treatment,1,2026-02-11
TF-201-125-009,125,1,Screening,Demographics,1,2026-04-29
TF-201-125-009,125,1,Screening,Inclusion/Exclusion,1,2026-04-29
TF-201-125-009,125,1,Screening,Medical History,1,2026-04-30
TF-201-125-009,125,1,Screening,Informed Consent,1,2026-05-01
TF-201-125-009,125,1,Screening,Laboratory,1,2026-05-01
TF-201-125-009,125,2,Baseline,Vital Signs,1,2026-05-27
TF-201-125-009,125,2,Baseline,PASI Score,1,2026-05-17
TF-201-125-009,125,2,Baseline,Laboratory,1,2026-05-24
TF-201-125-009,125,2,Baseline,Randomisation,0,
TF-201-125-009,125,3,Week 4,Vital Signs,1,2026-06-25
TF-201-125-009,125,3,Week 4,PASI Score,1,2026-07-02
TF-201-125-009,125,3,Week 4,Adverse Events,1,2026-07-02
TF-201-125-009,125,4,Week 8,Vital Signs,1,2026-07-12
TF-201-125-009,125,4,Week 8,PASI Score,1,2026-07-13
TF-201-125-009,125,4,Week 8,Laboratory,0,
TF-201-125-009,125,4,Week 8,Adverse Events,1,2026-07-12
TF-201-125-009,125,5,Week 12,Vital Signs,1,2026-08-12
TF-201-125-009,125,5,Week 12,PASI Score,1,2026-08-09
TF-201-125-009,125,5,Week 12,Adverse Events,1,2026-08-06
TF-201-125-009,125,6,Week 16 EOT,Vital Signs,1,2026-09-14
TF-201-125-009,125,6,Week 16 EOT,PASI Score,1,2026-09-11
TF-201-125-009,125,6,Week 16 EOT,Laboratory,1,2026-09-11
TF-201-125-009,125,6,Week 16 EOT,Adverse Events,1,2026-09-10
TF-201-125-009,125,6,Week 16 EOT,End of Treatment,1,2026-09-18
TF-201-125-010,125,1,Screening,Demographics,1,2025-08-10
TF-201-125-010,125,1,Screening,Inclusion/Exclusion,1,2025-08-07
TF-201-125-010,125,1,Screening,Medical History,1,2025-08-08
TF-201-125-010,125,1,Screening,Informed Consent,1,2025-08-10
TF-201-125-010,125,1,Screening,Laboratory,1,2025-08-05
TF-201-125-010,125,2,Baseline,Vital Signs,1,2025-09-11
TF-201-125-010,125,2,Baseline,PASI Score,1,2025-09-12
TF-201-125-010,125,2,Baseline,Laboratory,1,2025-09-07
TF-201-125-010,125,2,Baseline,Randomisation,1,2025-09-08
TF-201-125-010,125,3,Week 4,Vital Signs,1,2025-10-15
TF-201-125-010,125,3,Week 4,PASI Score,1,2025-10-09
TF-201-125-010,125,3,Week 4,Adverse Events,1,2025-10-05
TF-201-125-010,125,4,Week 8,Vital Signs,1,2025-10-27
TF-201-125-010,125,4,Week 8,PASI Score,1,2025-10-27
TF-201-125-010,125,4,Week 8,Laboratory,1,2025-11-02
TF-201-125-010,125,4,Week 8,Adverse Events,1,2025-10-29
TF-201-125-010,125,5,Week 12,Vital Signs,1,2025-12-07
TF-201-125-010,125,5,Week 12,PASI Score,1,2025-12-05
TF-201-125-010,125,5,Week 12,Adverse Events,1,2025-12-04
TF-201-125-010,125,6,Week 16 EOT,Vital Signs,1,2026-01-08
TF-201-125-010,125,6,Week 16 EOT,PASI Score,1,2026-01-08
TF-201-125-010,125,6,Week 16 EOT,Laboratory,1,2026-01-04
TF-201-125-010,125,6,Week 16 EOT,Adverse Events,1,2026-01-03
TF-201-125-010,125,6,Week 16 EOT,End of Treatment,1,2026-01-08
TF-201-125-011,125,1,Screening,Demographics,1,2025-03-04
TF-201-125-011,125,1,Screening,Inclusion/Exclusion,1,2025-02-28
TF-201-125-011,125,1,Screening,Medical History,1,2025-02-23
TF-201-125-011,125,1,Screening,Informed Consent,1,2025-03-02
TF-201-125-011,125,1,Screening,Laboratory,1,2025-02-24
TF-201-125-011,125,2,Baseline,Vital Signs,1,2025-04-08
TF-201-125-011,125,2,Baseline,PASI Score,1,2025-03-30
TF-201-125-011,125,2,Baseline,Laboratory,1,2025-04-05
TF-201-125-011,125,2,Baseline,Randomisation,1,2025-03-31
TF-201-125-011,125,3,Week 4,Vital Signs,1,2025-04-27
TF-201-125-011,125,3,Week 4,PASI Score,1,2025-05-01
TF-201-125-011,125,3,Week 4,Adverse Events,1,2025-05-01
TF-201-125-011,125,4,Week 8,Vital Signs,1,2025-06-01
TF-201-125-011,125,4,Week 8,PASI Score,1,2025-05-31
TF-201-125-011,125,4,Week 8,Laboratory,1,2025-05-30
TF-201-125-011,125,4,Week 8,Adverse Events,1,2025-05-26
TF-201-125-011,125,5,Week 12,Vital Signs,1,2025-07-01
TF-201-125-011,125,5,Week 12,PASI Score,1,2025-06-30
TF-201-125-011,125,5,Week 12,Adverse Events,1,2025-07-01
TF-201-125-011,125,6,Week 16 EOT,Vital Signs,1,2025-07-24
TF-201-125-011,125,6,Week 16 EOT,PASI Score,1,2025-07-18
TF-201-125-011,125,6,Week 16 EOT,Laboratory,1,2025-07-25
TF-201-125-011,125,6,Week 16 EOT,Adverse Events,1,2025-07-19
TF-201-125-011,125,6,Week 16 EOT,End of Treatment,1,2025-07-25
TF-201-125-012,125,1,Screening,Demographics,1,2025-09-25
TF-201-125-012,125,1,Screening,Inclusion/Exclusion,1,2025-09-25
TF-201-125-012,125,1,Screening,Medical History,1,2025-09-21
TF-201-125-012,125,1,Screening,Informed Consent,1,2025-09-16
TF-201-125-012,125,1,Screening,Laboratory,1,2025-09-23
TF-201-125-012,125,2,Baseline,Vital Signs,1,2025-10-18
TF-201-125-012,125,2,Baseline,PASI Score,1,2025-10-14
TF-201-125-012,125,2,Baseline,Laboratory,1,2025-10-16
TF-201-125-012,125,2,Baseline,Randomisation,1,2025-10-16
TF-201-125-012,125,3,Week 4,Vital Signs,1,2025-11-14
TF-201-125-012,125,3,Week 4,PASI Score,1,2025-11-12
TF-201-125-012,125,3,Week 4,Adverse Events,1,2025-11-11
TF-201-125-012,125,4,Week 8,Vital Signs,1,2025-12-12
TF-201-125-012,125,4,Week 8,PASI Score,1,2025-12-11
TF-201-125-012,125,4,Week 8,Laboratory,1,2025-12-11
TF-201-125-012,125,4,Week 8,Adverse Events,1,2025-12-10
TF-201-125-012,125,5,Week 12,Vital Signs,1,2026-01-12
TF-201-125-012,125,5,Week 12,PASI Score,1,2026-01-05
TF-201-125-012,125,5,Week 12,Adverse Events,1,2026-01-12
TF-201-125-012,125,6,Week 16 EOT,Vital Signs,1,2026-02-11
TF-201-125-012,125,6,Week 16 EOT,PASI Score,1,2026-02-07
TF-201-125-012,125,6,Week 16 EOT,Laboratory,1,2026-02-08
TF-201-125-012,125,6,Week 16 EOT,Adverse Events,1,2026-02-01
TF-201-125-012,125,6,Week 16 EOT,End of Treatment,0,
TF-201-125-013,125,1,Screening,Demographics,1,2025-11-14
TF-201-125-013,125,1,Screening,Inclusion/Exclusion,1,2025-11-21
TF-201-125-013,125,1,Screening,Medical History,1,2025-11-23
TF-201-125-013,125,1,Screening,Informed Consent,1,2025-11-14
TF-201-125-013,125,1,Screening,Laboratory,1,2025-11-13
TF-201-125-013,125,2,Baseline,Vital Signs,1,2025-12-10
TF-201-125-013,125,2,Baseline,PASI Score,1,2025-12-04
TF-201-125-013,125,2,Baseline,Laboratory,1,2025-12-09
TF-201-125-013,125,2,Baseline,Randomisation,1,2025-12-05
TF-201-125-013,125,3,Week 4,Vital Signs,1,2025-12-30
TF-201-125-013,125,3,Week 4,PASI Score,1,2026-01-07
TF-201-125-013,125,3,Week 4,Adverse Events,1,2026-01-09
TF-201-125-013,125,4,Week 8,Vital Signs,1,2026-01-28
TF-201-125-013,125,4,Week 8,PASI Score,1,2026-02-06
TF-201-125-013,125,4,Week 8,Laboratory,1,2026-01-27
TF-201-125-013,125,4,Week 8,Adverse Events,1,2026-01-27
TF-201-125-013,125,5,Week 12,Vital Signs,1,2026-02-24
TF-201-125-013,125,5,Week 12,PASI Score,1,2026-03-05
TF-201-125-013,125,5,Week 12,Adverse Events,1,2026-03-04
TF-201-125-013,125,6,Week 16 EOT,Vital Signs,1,2026-03-27
TF-201-125-013,125,6,Week 16 EOT,PASI Score,1,2026-03-29
TF-201-125-013,125,6,Week 16 EOT,Laboratory,1,2026-03-25
TF-201-125-013,125,6,Week 16 EOT,Adverse Events,1,2026-03-23
TF-201-125-013,125,6,Week 16 EOT,End of Treatment,1,2026-03-23
TF-201-125-014,125,1,Screening,Demographics,1,2025-02-12
TF-201-125-014,125,1,Screening,Inclusion/Exclusion,1,2025-02-18
TF-201-125-014,125,1,Screening,Medical History,1,2025-02-21
TF-201-125-014,125,1,Screening,Informed Consent,1,2025-02-13
TF-201-125-014,125,1,Screening,Laboratory,1,2025-02-17
TF-201-125-014,125,2,Baseline,Vital Signs,1,2025-03-08
TF-201-125-014,125,2,Baseline,PASI Score,1,2025-03-03
TF-201-125-014,125,2,Baseline,Laboratory,1,2025-03-08
TF-201-125-014,125,2,Baseline,Randomisation,1,2025-03-09
TF-201-125-014,125,3,Week 4,Vital Signs,1,2025-04-04
TF-201-125-014,125,3,Week 4,PASI Score,1,2025-03-28
TF-201-125-014,125,3,Week 4,Adverse Events,1,2025-03-30
TF-201-125-014,125,4,Week 8,Vital Signs,1,2025-04-25
TF-201-125-014,125,4,Week 8,PASI Score,1,2025-04-30
TF-201-125-014,125,4,Week 8,Laboratory,1,2025-04-28
TF-201-125-014,125,4,Week 8,Adverse Events,1,2025-04-27
TF-201-125-014,125,5,Week 12,Vital Signs,1,2025-05-23
TF-201-125-014,125,5,Week 12,PASI Score,1,2025-05-23
TF-201-125-014,125,5,Week 12,Adverse Events,1,2025-05-24
TF-201-125-014,125,6,Week 16 EOT,Vital Signs,1,2025-06-30
TF-201-125-014,125,6,Week 16 EOT,PASI Score,1,2025-06-30
TF-201-125-014,125,6,Week 16 EOT,Laboratory,1,2025-07-01
TF-201-125-014,125,6,Week 16 EOT,Adverse Events,1,2025-06-29
TF-201-125-014,125,6,Week 16 EOT,End of Treatment,1,2025-06-23
TF-201-125-015,125,1,Screening,Demographics,1,2025-12-05
TF-201-125-015,125,1,Screening,Inclusion/Exclusion,1,2025-11-26
TF-201-125-015,125,1,Screening,Medical History,1,2025-11-30
TF-201-125-015,125,1,Screening,Informed Consent,1,2025-12-01
TF-201-125-015,125,1,Screening,Laboratory,1,2025-11-26
TF-201-125-015,125,2,Baseline,Vital Signs,1,2025-12-25
TF-201-125-015,125,2,Baseline,PASI Score,1,2025-12-25
TF-201-125-015,125,2,Baseline,Laboratory,1,2025-12-23
TF-201-125-015,125,2,Baseline,Randomisation,1,2025-12-16
TF-201-125-015,125,3,Week 4,Vital Signs,1,2026-01-20
TF-201-125-015,125,3,Week 4,PASI Score,1,2026-01-24
TF-201-125-015,125,3,Week 4,Adverse Events,1,2026-01-26
TF-201-125-015,125,4,Week 8,Vital Signs,1,2026-02-21
TF-201-125-015,125,4,Week 8,PASI Score,1,2026-02-22
TF-201-125-015,125,4,Week 8,Laboratory,1,2026-02-19
TF-201-125-015,125,4,Week 8,Adverse Events,1,2026-02-13
TF-201-125-015,125,5,Week 12,Vital Signs,0,
TF-201-125-015,125,5,Week 12,PASI Score,1,2026-03-14
TF-201-125-015,125,5,Week 12,Adverse Events,1,2026-03-18
TF-201-125-015,125,6,Week 16 EOT,Vital Signs,1,2026-04-08
TF-201-125-015,125,6,Week 16 EOT,PASI Score,1,2026-04-10
TF-201-125-015,125,6,Week 16 EOT,Laboratory,1,2026-04-14
TF-201-125-015,125,6,Week 16 EOT,Adverse Events,1,2026-04-07
TF-201-125-015,125,6,Week 16 EOT,End of Treatment,1,2026-04-05
TF-201-125-016,125,1,Screening,Demographics,1,2025-05-03
TF-201-125-016,125,1,Screening,Inclusion/Exclusion,1,2025-04-25
TF-201-125-016,125,1,Screening,Medical History,1,2025-04-28
TF-201-125-016,125,1,Screening,Informed Consent,1,2025-04-30
TF-201-125-016,125,1,Screening,Laboratory,1,2025-05-01
TF-201-125-016,125,2,Baseline,Vital Signs,1,2025-05-20
TF-201-125-016,125,2,Baseline,PASI Score,1,2025-05-28
TF-201-125-016,125,2,Baseline,Laboratory,1,2025-05-23
TF-201-125-016,125,2,Baseline,Randomisation,1,2025-05-29
TF-201-125-016,125,3,Week 4,Vital Signs,1,2025-06-18
TF-201-125-016,125,3,Week 4,PASI Score,1,2025-06-19
TF-201-125-016,125,3,Week 4,Adverse Events,1,2025-06-21
TF-201-125-016,125,4,Week 8,Vital Signs,1,2025-07-16
TF-201-125-016,125,4,Week 8,PASI Score,1,2025-07-21
TF-201-125-016,125,4,Week 8,Laboratory,1,2025-07-19
TF-201-125-016,125,4,Week 8,Adverse Events,1,2025-07-17
TF-201-125-016,125,5,Week 12,Vital Signs,1,2025-08-13
TF-201-125-016,125,5,Week 12,PASI Score,1,2025-08-10
TF-201-125-016,125,5,Week 12,Adverse Events,1,2025-08-13
TF-201-125-016,125,6,Week 16 EOT,Vital Signs,1,2025-09-11
TF-201-125-016,125,6,Week 16 EOT,PASI Score,1,2025-09-06
TF-201-125-016,125,6,Week 16 EOT,Laboratory,1,2025-09-09
TF-201-125-016,125,6,Week 16 EOT,Adverse Events,1,2025-09-16
TF-201-125-016,125,6,Week 16 EOT,End of Treatment,1,2025-09-12
TF-201-125-017,125,1,Screening,Demographics,1,2025-06-14
TF-201-125-017,125,1,Screening,Inclusion/Exclusion,1,2025-06-12
TF-201-125-017,125,1,Screening,Medical History,1,2025-06-06
TF-201-125-017,125,1,Screening,Informed Consent,1,2025-06-10
TF-201-125-017,125,1,Screening,Laboratory,1,2025-06-15
TF-201-125-017,125,2,Baseline,Vital Signs,1,2025-07-11
TF-201-125-017,125,2,Baseline,PASI Score,1,2025-07-06
TF-201-125-017,125,2,Baseline,Laboratory,1,2025-07-05
TF-201-125-017,125,2,Baseline,Randomisation,1,2025-07-02
TF-201-125-017,125,3,Week 4,Vital Signs,1,2025-08-04
TF-201-125-017,125,3,Week 4,PASI Score,1,2025-08-05
TF-201-125-017,125,3,Week 4,Adverse Events,1,2025-07-28
TF-201-125-017,125,4,Week 8,Vital Signs,1,2025-09-05
TF-201-125-017,125,4,Week 8,PASI Score,1,2025-09-06
TF-201-125-017,125,4,Week 8,Laboratory,1,2025-08-28
TF-201-125-017,125,4,Week 8,Adverse Events,1,2025-09-06
TF-201-125-017,125,5,Week 12,Vital Signs,1,2025-10-01
TF-201-125-017,125,5,Week 12,PASI Score,1,2025-10-05
TF-201-125-017,125,5,Week 12,Adverse Events,1,2025-09-30
TF-201-125-017,125,6,Week 16 EOT,Vital Signs,1,2025-10-24
TF-201-125-017,125,6,Week 16 EOT,PASI Score,1,2025-10-26
TF-201-125-017,125,6,Week 16 EOT,Laboratory,1,2025-10-18
TF-201-125-017,125,6,Week 16 EOT,Adverse Events,1,2025-10-20
TF-201-125-017,125,6,Week 16 EOT,End of Treatment,1,2025-10-23
TF-201-125-018,125,1,Screening,Demographics,1,2025-06-03
TF-201-125-018,125,1,Screening,Inclusion/Exclusion,1,2025-06-03
TF-201-125-018,125,1,Screening,Medical History,1,2025-06-01
TF-201-125-018,125,1,Screening,Informed Consent,1,2025-05-31
TF-201-125-018,125,1,Screening,Laboratory,1,2025-06-07
TF-201-125-018,125,2,Baseline,Vital Signs,1,2025-07-19
TF-201-125-018,125,2,Baseline,PASI Score,1,2025-07-17
TF-201-125-018,125,2,Baseline,Laboratory,1,2025-07-12
TF-201-125-018,125,2,Baseline,Randomisation,1,2025-07-09
TF-201-125-018,125,3,Week 4,Vital Signs,1,2025-08-03
TF-201-125-018,125,3,Week 4,PASI Score,1,2025-08-08
TF-201-125-018,125,3,Week 4,Adverse Events,1,2025-08-05
TF-201-125-018,125,4,Week 8,Vital Signs,1,2025-09-02
TF-201-125-018,125,4,Week 8,PASI Score,1,2025-09-04
TF-201-125-018,125,4,Week 8,Laboratory,1,2025-09-08
TF-201-125-018,125,4,Week 8,Adverse Events,1,2025-09-04
TF-201-125-018,125,5,Week 12,Vital Signs,1,2025-10-07
TF-201-125-018,125,5,Week 12,PASI Score,1,2025-10-09
TF-201-125-018,125,5,Week 12,Adverse Events,1,2025-09-28
TF-201-125-018,125,6,Week 16 EOT,Vital Signs,1,2025-10-28
TF-201-125-018,125,6,Week 16 EOT,PASI Score,1,2025-11-01
TF-201-125-018,125,6,Week 16 EOT,Laboratory,1,2025-11-03
TF-201-125-018,125,6,Week 16 EOT,Adverse Events,0,
TF-201-125-018,125,6,Week 16 EOT,End of Treatment,1,2025-10-30
TF-201-125-019,125,1,Screening,Demographics,1,2025-01-29
TF-201-125-019,125,1,Screening,Inclusion/Exclusion,1,2025-01-29
TF-201-125-019,125,1,Screening,Medical History,1,2025-02-03
TF-201-125-019,125,1,Screening,Informed Consent,1,2025-01-26
TF-201-125-019,125,1,Screening,Laboratory,1,2025-01-29
TF-201-125-019,125,2,Baseline,Vital Signs,1,2025-02-14
TF-201-125-019,125,2,Baseline,PASI Score,1,2025-02-22
TF-201-125-019,125,2,Baseline,Laboratory,1,2025-02-16
TF-201-125-019,125,2,Baseline,Randomisation,1,2025-02-18
TF-201-125-019,125,3,Week 4,Vital Signs,1,2025-03-22
TF-201-125-019,125,3,Week 4,PASI Score,1,2025-03-27
TF-201-125-019,125,3,Week 4,Adverse Events,1,2025-03-18
TF-201-125-019,125,4,Week 8,Vital Signs,1,2025-04-14
TF-201-125-019,125,4,Week 8,PASI Score,1,2025-04-20
TF-201-125-019,125,4,Week 8,Laboratory,1,2025-04-22
TF-201-125-019,125,4,Week 8,Adverse Events,1,2025-04-18
TF-201-125-019,125,5,Week 12,Vital Signs,1,2025-05-13
TF-201-125-019,125,5,Week 12,PASI Score,1,2025-05-12
TF-201-125-019,125,5,Week 12,Adverse Events,1,2025-05-12
TF-201-125-019,125,6,Week 16 EOT,Vital Signs,1,2025-06-19
TF-201-125-019,125,6,Week 16 EOT,PASI Score,1,2025-06-12
TF-201-125-019,125,6,Week 16 EOT,Laboratory,1,2025-06-10
TF-201-125-019,125,6,Week 16 EOT,Adverse Events,1,2025-06-09
TF-201-125-019,125,6,Week 16 EOT,End of Treatment,1,2025-06-14
TF-201-125-020,125,1,Screening,Demographics,1,2025-09-02
TF-201-125-020,125,1,Screening,Inclusion/Exclusion,1,2025-09-01
TF-201-125-020,125,1,Screening,Medical History,1,2025-08-28
TF-201-125-020,125,1,Screening,Informed Consent,1,2025-08-27
TF-201-125-020,125,1,Screening,Laboratory,1,2025-09-01
TF-201-125-020,125,2,Baseline,Vital Signs,1,2025-09-29
TF-201-125-020,125,2,Baseline,PASI Score,1,2025-10-05
TF-201-125-020,125,2,Baseline,Laboratory,1,2025-09-30
TF-201-125-020,125,2,Baseline,Randomisation,1,2025-09-24
TF-201-125-020,125,3,Week 4,Vital Signs,1,2025-10-20
TF-201-125-020,125,3,Week 4,PASI Score,1,2025-10-28
TF-201-125-020,125,3,Week 4,Adverse Events,1,2025-10-25
TF-201-125-020,125,4,Week 8,Vital Signs,1,2025-11-25
TF-201-125-020,125,4,Week 8,PASI Score,1,2025-11-27
TF-201-125-020,125,4,Week 8,Laboratory,1,2025-11-20
TF-201-125-020,125,4,Week 8,Adverse Events,1,2025-11-23
TF-201-125-020,125,5,Week 12,Vital Signs,1,2025-12-30
TF-201-125-020,125,5,Week 12,PASI Score,1,2025-12-25
TF-201-125-020,125,5,Week 12,Adverse Events,1,2025-12-28
TF-201-125-020,125,6,Week 16 EOT,Vital Signs,1,2026-01-17
TF-201-125-020,125,6,Week 16 EOT,PASI Score,1,2026-01-14
TF-201-125-020,125,6,Week 16 EOT,Laboratory,1,2026-01-17
TF-201-125-020,125,6,Week 16 EOT,Adverse Events,1,2026-01-18
TF-201-125-020,125,6,Week 16 EOT,End of Treatment,1,2026-01-12
TF-201-125-021,125,1,Screening,Demographics,1,2025-08-08
TF-201-125-021,125,1,Screening,Inclusion/Exclusion,1,2025-08-04
TF-201-125-021,125,1,Screening,Medical History,1,2025-08-08
TF-201-125-021,125,1,Screening,Informed Consent,1,2025-07-31
TF-201-125-021,125,1,Screening,Laboratory,1,2025-07-29
TF-201-125-021,125,2,Baseline,Vital Signs,1,2025-09-05
TF-201-125-021,125,2,Baseline,PASI Score,1,2025-09-07
TF-201-125-021,125,2,Baseline,Laboratory,1,2025-09-08
TF-201-125-021,125,2,Baseline,Randomisation,1,2025-09-08
TF-201-125-021,125,3,Week 4,Vital Signs,1,2025-10-05
TF-201-125-021,125,3,Week 4,PASI Score,1,2025-10-09
TF-201-125-021,125,3,Week 4,Adverse Events,1,2025-10-09
TF-201-125-021,125,4,Week 8,Vital Signs,1,2025-11-09
TF-201-125-021,125,4,Week 8,PASI Score,1,2025-11-03
TF-201-125-021,125,4,Week 8,Laboratory,1,2025-11-03
TF-201-125-021,125,4,Week 8,Adverse Events,1,2025-11-07
TF-201-125-021,125,5,Week 12,Vital Signs,1,2025-12-10
TF-201-125-021,125,5,Week 12,PASI Score,1,2025-12-10
TF-201-125-021,125,5,Week 12,Adverse Events,1,2025-12-02
TF-201-125-021,125,6,Week 16 EOT,Vital Signs,1,2025-12-24
TF-201-125-021,125,6,Week 16 EOT,PASI Score,1,2025-12-21
TF-201-125-021,125,6,Week 16 EOT,Laboratory,1,2025-12-21
TF-201-125-021,125,6,Week 16 EOT,Adverse Events,1,2025-12-20
TF-201-125-021,125,6,Week 16 EOT,End of Treatment,1,2025-12-29
TF-201-125-022,125,1,Screening,Demographics,1,2025-03-05
TF-201-125-022,125,1,Screening,Inclusion/Exclusion,1,2025-03-06
TF-201-125-022,125,1,Screening,Medical History,1,2025-02-25
TF-201-125-022,125,1,Screening,Informed Consent,1,2025-03-01
TF-201-125-022,125,1,Screening,Laboratory,1,2025-03-07
TF-201-125-022,125,2,Baseline,Vital Signs,1,2025-03-27
TF-201-125-022,125,2,Baseline,PASI Score,1,2025-03-29
TF-201-125-022,125,2,Baseline,Laboratory,1,2025-03-31
TF-201-125-022,125,2,Baseline,Randomisation,1,2025-03-24
TF-201-125-022,125,3,Week 4,Vital Signs,1,2025-05-01
TF-201-125-022,125,3,Week 4,PASI Score,1,2025-05-02
TF-201-125-022,125,3,Week 4,Adverse Events,1,2025-05-02
TF-201-125-022,125,4,Week 8,Vital Signs,1,2025-05-28
TF-201-125-022,125,4,Week 8,PASI Score,1,2025-05-22
TF-201-125-022,125,4,Week 8,Laboratory,1,2025-05-17
TF-201-125-022,125,4,Week 8,Adverse Events,1,2025-05-27
TF-201-125-022,125,5,Week 12,Vital Signs,1,2025-06-23
TF-201-125-022,125,5,Week 12,PASI Score,1,2025-06-16
TF-201-125-022,125,5,Week 12,Adverse Events,1,2025-06-24
TF-201-125-022,125,6,Week 16 EOT,Vital Signs,1,2025-07-23
TF-201-125-022,125,6,Week 16 EOT,PASI Score,1,2025-07-28
TF-201-125-022,125,6,Week 16 EOT,Laboratory,1,2025-07-22
TF-201-125-022,125,6,Week 16 EOT,Adverse Events,1,2025-07-19
TF-201-125-022,125,6,Week 16 EOT,End of Treatment,1,2025-07-24
TF-201-126-001,126,1,Screening,Demographics,1,2025-04-24
TF-201-126-001,126,1,Screening,Inclusion/Exclusion,1,2025-04-22
TF-201-126-001,126,1,Screening,Medical History,0,
TF-201-126-001,126,1,Screening,Informed Consent,0,
TF-201-126-001,126,1,Screening,Laboratory,1,2025-04-21
TF-201-126-001,126,2,Baseline,Vital Signs,1,2025-05-18
TF-201-126-001,126,2,Baseline,PASI Score,1,2025-05-27
TF-201-126-001,126,2,Baseline,Laboratory,1,2025-05-24
TF-201-126-001,126,2,Baseline,Randomisation,1,2025-05-18
TF-201-126-001,126,3,Week 4,Vital Signs,1,2025-06-17
TF-201-126-001,126,3,Week 4,PASI Score,1,2025-06-22
TF-201-126-001,126,3,Week 4,Adverse Events,1,2025-06-22
TF-201-126-001,126,4,Week 8,Vital Signs,1,2025-07-18
TF-201-126-001,126,4,Week 8,PASI Score,1,2025-07-11
TF-201-126-001,126,4,Week 8,Laboratory,1,2025-07-15
TF-201-126-001,126,4,Week 8,Adverse Events,1,2025-07-15
TF-201-126-001,126,5,Week 12,Vital Signs,1,2025-08-13
TF-201-126-001,126,5,Week 12,PASI Score,1,2025-08-16
TF-201-126-001,126,5,Week 12,Adverse Events,1,2025-08-14
TF-201-126-001,126,6,Week 16 EOT,Vital Signs,1,2025-09-14
TF-201-126-001,126,6,Week 16 EOT,PASI Score,1,2025-09-16
TF-201-126-001,126,6,Week 16 EOT,Laboratory,1,2025-09-13
TF-201-126-001,126,6,Week 16 EOT,Adverse Events,1,2025-09-16
TF-201-126-001,126,6,Week 16 EOT,End of Treatment,1,2025-09-16
TF-201-126-002,126,1,Screening,Demographics,1,2025-03-18
TF-201-126-002,126,1,Screening,Inclusion/Exclusion,1,2025-03-14
TF-201-126-002,126,1,Screening,Medical History,1,2025-03-18
TF-201-126-002,126,1,Screening,Informed Consent,1,2025-03-20
TF-201-126-002,126,1,Screening,Laboratory,1,2025-03-10
TF-201-126-002,126,2,Baseline,Vital Signs,0,
TF-201-126-002,126,2,Baseline,PASI Score,1,2025-04-07
TF-201-126-002,126,2,Baseline,Laboratory,0,
TF-201-126-002,126,2,Baseline,Randomisation,1,2025-04-01
TF-201-126-002,126,3,Week 4,Vital Signs,1,2025-04-22
TF-201-126-002,126,3,Week 4,PASI Score,1,2025-05-01
TF-201-126-002,126,3,Week 4,Adverse Events,1,2025-04-28
TF-201-126-002,126,4,Week 8,Vital Signs,1,2025-05-29
TF-201-126-002,126,4,Week 8,PASI Score,1,2025-06-04
TF-201-126-002,126,4,Week 8,Laboratory,1,2025-05-27
TF-201-126-002,126,4,Week 8,Adverse Events,1,2025-06-04
TF-201-126-002,126,5,Week 12,Vital Signs,1,2025-06-24
TF-201-126-002,126,5,Week 12,PASI Score,1,2025-06-24
TF-201-126-002,126,5,Week 12,Adverse Events,1,2025-06-15
TF-201-126-002,126,6,Week 16 EOT,Vital Signs,1,2025-07-21
TF-201-126-002,126,6,Week 16 EOT,PASI Score,1,2025-07-26
TF-201-126-002,126,6,Week 16 EOT,Laboratory,1,2025-07-27
TF-201-126-002,126,6,Week 16 EOT,Adverse Events,1,2025-07-25
TF-201-126-002,126,6,Week 16 EOT,End of Treatment,1,2025-07-30
TF-201-126-003,126,1,Screening,Demographics,1,2025-05-08
TF-201-126-003,126,1,Screening,Inclusion/Exclusion,1,2025-04-28
TF-201-126-003,126,1,Screening,Medical History,1,2025-04-29
TF-201-126-003,126,1,Screening,Informed Consent,1,2025-05-08
TF-201-126-003,126,1,Screening,Laboratory,1,2025-05-06
TF-201-126-003,126,2,Baseline,Vital Signs,1,2025-06-06
TF-201-126-003,126,2,Baseline,PASI Score,1,2025-06-05
TF-201-126-003,126,2,Baseline,Laboratory,1,2025-06-07
TF-201-126-003,126,2,Baseline,Randomisation,0,
TF-201-126-003,126,3,Week 4,Vital Signs,1,2025-07-19
TF-201-126-003,126,3,Week 4,PASI Score,1,2025-07-19
TF-201-126-003,126,3,Week 4,Adverse Events,1,2025-07-21
TF-201-126-003,126,4,Week 8,Vital Signs,1,2025-08-03
TF-201-126-003,126,4,Week 8,PASI Score,1,2025-07-30
TF-201-126-003,126,4,Week 8,Laboratory,1,2025-07-29
TF-201-126-003,126,4,Week 8,Adverse Events,1,2025-07-28
TF-201-126-003,126,5,Week 12,Vital Signs,1,2025-09-03
TF-201-126-003,126,5,Week 12,PASI Score,1,2025-08-29
TF-201-126-003,126,5,Week 12,Adverse Events,1,2025-09-02
TF-201-126-003,126,6,Week 16 EOT,Vital Signs,1,2025-09-24
TF-201-126-003,126,6,Week 16 EOT,PASI Score,1,2025-09-24
TF-201-126-003,126,6,Week 16 EOT,Laboratory,1,2025-09-20
TF-201-126-003,126,6,Week 16 EOT,Adverse Events,1,2025-09-30
TF-201-126-003,126,6,Week 16 EOT,End of Treatment,1,2025-09-19
TF-201-126-004,126,1,Screening,Demographics,1,2025-08-12
TF-201-126-004,126,1,Screening,Inclusion/Exclusion,1,2025-08-06
TF-201-126-004,126,1,Screening,Medical History,1,2025-08-08
TF-201-126-004,126,1,Screening,Informed Consent,1,2025-08-13
TF-201-126-004,126,1,Screening,Laboratory,1,2025-08-05
TF-201-126-004,126,2,Baseline,Vital Signs,1,2025-08-25
TF-201-126-004,126,2,Baseline,PASI Score,1,2025-08-27
TF-201-126-004,126,2,Baseline,Laboratory,1,2025-08-26
TF-201-126-004,126,2,Baseline,Randomisation,1,2025-08-21
TF-201-126-004,126,3,Week 4,Vital Signs,1,2025-09-20
TF-201-126-004,126,3,Week 4,PASI Score,1,2025-09-25
TF-201-126-004,126,3,Week 4,Adverse Events,1,2025-09-27
TF-201-126-004,126,4,Week 8,Vital Signs,1,2025-10-14
TF-201-126-004,126,4,Week 8,PASI Score,1,2025-10-20
TF-201-126-004,126,4,Week 8,Laboratory,1,2025-10-17
TF-201-126-004,126,4,Week 8,Adverse Events,1,2025-10-13
TF-201-126-004,126,5,Week 12,Vital Signs,1,2025-11-23
TF-201-126-004,126,5,Week 12,PASI Score,1,2025-11-23
TF-201-126-004,126,5,Week 12,Adverse Events,1,2025-11-18
TF-201-126-004,126,6,Week 16 EOT,Vital Signs,1,2025-12-25
TF-201-126-004,126,6,Week 16 EOT,PASI Score,1,2025-12-18
TF-201-126-004,126,6,Week 16 EOT,Laboratory,1,2025-12-17
TF-201-126-004,126,6,Week 16 EOT,Adverse Events,1,2025-12-19
TF-201-126-004,126,6,Week 16 EOT,End of Treatment,1,2025-12-14
TF-201-126-005,126,1,Screening,Demographics,1,2025-12-25
TF-201-126-005,126,1,Screening,Inclusion/Exclusion,1,2025-12-23
TF-201-126-005,126,1,Screening,Medical History,0,
TF-201-126-005,126,1,Screening,Informed Consent,1,2025-12-22
TF-201-126-005,126,1,Screening,Laboratory,1,2025-12-28
TF-201-126-005,126,2,Baseline,Vital Signs,1,2026-01-28
TF-201-126-005,126,2,Baseline,PASI Score,0,
TF-201-126-005,126,2,Baseline,Laboratory,1,2026-01-19
TF-201-126-005,126,2,Baseline,Randomisation,1,2026-01-22
TF-201-126-005,126,3,Week 4,Vital Signs,1,2026-02-23
TF-201-126-005,126,3,Week 4,PASI Score,1,2026-02-16
TF-201-126-005,126,3,Week 4,Adverse Events,1,2026-02-14
TF-201-126-005,126,4,Week 8,Vital Signs,1,2026-03-23
TF-201-126-005,126,4,Week 8,PASI Score,1,2026-03-24
TF-201-126-005,126,4,Week 8,Laboratory,1,2026-03-25
TF-201-126-005,126,4,Week 8,Adverse Events,1,2026-03-21
TF-201-126-005,126,5,Week 12,Vital Signs,1,2026-04-21
TF-201-126-005,126,5,Week 12,PASI Score,1,2026-04-16
TF-201-126-005,126,5,Week 12,Adverse Events,1,2026-04-16
TF-201-126-005,126,6,Week 16 EOT,Vital Signs,1,2026-05-20
TF-201-126-005,126,6,Week 16 EOT,PASI Score,1,2026-05-14
TF-201-126-005,126,6,Week 16 EOT,Laboratory,1,2026-05-12
TF-201-126-005,126,6,Week 16 EOT,Adverse Events,1,2026-05-17
TF-201-126-005,126,6,Week 16 EOT,End of Treatment,1,2026-05-13
TF-201-126-006,126,1,Screening,Demographics,1,2025-02-21
TF-201-126-006,126,1,Screening,Inclusion/Exclusion,1,2025-02-23
TF-201-126-006,126,1,Screening,Medical History,1,2025-02-25
TF-201-126-006,126,1,Screening,Informed Consent,1,2025-02-20
TF-201-126-006,126,1,Screening,Laboratory,1,2025-02-18
TF-201-126-006,126,2,Baseline,Vital Signs,1,2025-04-05
TF-201-126-006,126,2,Baseline,PASI Score,1,2025-03-28
TF-201-126-006,126,2,Baseline,Laboratory,1,2025-04-07
TF-201-126-006,126,2,Baseline,Randomisation,1,2025-03-29
TF-201-126-006,126,3,Week 4,Vital Signs,1,2025-05-06
TF-201-126-006,126,3,Week 4,PASI Score,1,2025-04-27
TF-201-126-006,126,3,Week 4,Adverse Events,1,2025-04-30
TF-201-126-006,126,4,Week 8,Vital Signs,1,2025-05-25
TF-201-126-006,126,4,Week 8,PASI Score,1,2025-06-01
TF-201-126-006,126,4,Week 8,Laboratory,1,2025-05-29
TF-201-126-006,126,4,Week 8,Adverse Events,1,2025-05-30
TF-201-126-006,126,5,Week 12,Vital Signs,1,2025-06-25
TF-201-126-006,126,5,Week 12,PASI Score,1,2025-06-21
TF-201-126-006,126,5,Week 12,Adverse Events,1,2025-06-28
TF-201-126-006,126,6,Week 16 EOT,Vital Signs,1,2025-08-04
TF-201-126-006,126,6,Week 16 EOT,PASI Score,1,2025-07-25
TF-201-126-006,126,6,Week 16 EOT,Laboratory,1,2025-07-25
TF-201-126-006,126,6,Week 16 EOT,Adverse Events,1,2025-07-27
TF-201-126-006,126,6,Week 16 EOT,End of Treatment,1,2025-08-04
TF-201-126-007,126,1,Screening,Demographics,1,2026-01-19
TF-201-126-007,126,1,Screening,Inclusion/Exclusion,1,2026-01-24
TF-201-126-007,126,1,Screening,Medical History,1,2026-01-17
TF-201-126-007,126,1,Screening,Informed Consent,1,2026-01-21
TF-201-126-007,126,1,Screening,Laboratory,1,2026-01-13
TF-201-126-007,126,2,Baseline,Vital Signs,0,
TF-201-126-007,126,2,Baseline,PASI Score,1,2026-02-13
TF-201-126-007,126,2,Baseline,Laboratory,0,
TF-201-126-007,126,2,Baseline,Randomisation,1,2026-02-06
TF-201-126-007,126,3,Week 4,Vital Signs,1,2026-03-01
TF-201-126-007,126,3,Week 4,PASI Score,1,2026-03-10
TF-201-126-007,126,3,Week 4,Adverse Events,1,2026-03-06
TF-201-126-007,126,4,Week 8,Vital Signs,1,2026-04-05
TF-201-126-007,126,4,Week 8,PASI Score,1,2026-03-30
TF-201-126-007,126,4,Week 8,Laboratory,0,
TF-201-126-007,126,4,Week 8,Adverse Events,1,2026-03-30
TF-201-126-007,126,5,Week 12,Vital Signs,1,2026-04-30
TF-201-126-007,126,5,Week 12,PASI Score,1,2026-04-23
TF-201-126-007,126,5,Week 12,Adverse Events,1,2026-04-27
TF-201-126-007,126,6,Week 16 EOT,Vital Signs,1,2026-05-28
TF-201-126-007,126,6,Week 16 EOT,PASI Score,1,2026-05-27
TF-201-126-007,126,6,Week 16 EOT,Laboratory,1,2026-05-26
TF-201-126-007,126,6,Week 16 EOT,Adverse Events,1,2026-05-30
TF-201-126-007,126,6,Week 16 EOT,End of Treatment,1,2026-05-21
TF-201-126-008,126,1,Screening,Demographics,1,2025-02-18
TF-201-126-008,126,1,Screening,Inclusion/Exclusion,1,2025-02-12
TF-201-126-008,126,1,Screening,Medical History,1,2025-02-12
TF-201-126-008,126,1,Screening,Informed Consent,1,2025-02-18
TF-201-126-008,126,1,Screening,Laboratory,1,2025-02-14
TF-201-126-008,126,2,Baseline,Vital Signs,1,2025-03-12
TF-201-126-008,126,2,Baseline,PASI Score,1,2025-03-15
TF-201-126-008,126,2,Baseline,Laboratory,1,2025-03-16
TF-201-126-008,126,2,Baseline,Randomisation,1,2025-03-16
TF-201-126-008,126,3,Week 4,Vital Signs,1,2025-04-23
TF-201-126-008,126,3,Week 4,PASI Score,1,2025-04-19
TF-201-126-008,126,3,Week 4,Adverse Events,1,2025-04-23
TF-201-126-008,126,4,Week 8,Vital Signs,1,2025-05-09
TF-201-126-008,126,4,Week 8,PASI Score,1,2025-05-01
TF-201-126-008,126,4,Week 8,Laboratory,1,2025-05-03
TF-201-126-008,126,4,Week 8,Adverse Events,1,2025-05-07
TF-201-126-008,126,5,Week 12,Vital Signs,1,2025-06-10
TF-201-126-008,126,5,Week 12,PASI Score,1,2025-06-08
TF-201-126-008,126,5,Week 12,Adverse Events,1,2025-06-07
TF-201-126-008,126,6,Week 16 EOT,Vital Signs,1,2025-06-26
TF-201-126-008,126,6,Week 16 EOT,PASI Score,1,2025-06-23
TF-201-126-008,126,6,Week 16 EOT,Laboratory,1,2025-06-26
TF-201-126-008,126,6,Week 16 EOT,Adverse Events,1,2025-06-22
TF-201-126-008,126,6,Week 16 EOT,End of Treatment,1,2025-07-02
TF-201-127-001,127,1,Screening,Demographics,1,2025-07-19
TF-201-127-001,127,1,Screening,Inclusion/Exclusion,1,2025-07-16
TF-201-127-001,127,1,Screening,Medical History,1,2025-07-16
TF-201-127-001,127,1,Screening,Informed Consent,1,2025-07-24
TF-201-127-001,127,1,Screening,Laboratory,1,2025-07-21
TF-201-127-001,127,2,Baseline,Vital Signs,1,2025-08-12
TF-201-127-001,127,2,Baseline,PASI Score,1,2025-08-10
TF-201-127-001,127,2,Baseline,Laboratory,1,2025-08-06
TF-201-127-001,127,2,Baseline,Randomisation,1,2025-08-10
TF-201-127-001,127,3,Week 4,Vital Signs,1,2025-09-03
TF-201-127-001,127,3,Week 4,PASI Score,1,2025-09-05
TF-201-127-001,127,3,Week 4,Adverse Events,1,2025-09-03
TF-201-127-001,127,5,Week 12,Vital Signs,1,2025-10-31
TF-201-127-001,127,5,Week 12,PASI Score,1,2025-10-29
TF-201-127-001,127,5,Week 12,Adverse Events,1,2025-11-02
TF-201-127-001,127,6,Week 16 EOT,Vital Signs,1,2025-12-04
TF-201-127-001,127,6,Week 16 EOT,PASI Score,1,2025-12-09
TF-201-127-001,127,6,Week 16 EOT,Laboratory,1,2025-12-06
TF-201-127-001,127,6,Week 16 EOT,Adverse Events,1,2025-12-12
TF-201-127-001,127,6,Week 16 EOT,End of Treatment,1,2025-12-05
TF-201-127-002,127,1,Screening,Demographics,1,2025-03-12
TF-201-127-002,127,1,Screening,Inclusion/Exclusion,1,2025-03-10
TF-201-127-002,127,1,Screening,Medical History,1,2025-03-10
TF-201-127-002,127,1,Screening,Informed Consent,1,2025-03-15
TF-201-127-002,127,1,Screening,Laboratory,1,2025-03-18
TF-201-127-002,127,2,Baseline,Vital Signs,1,2025-03-27
TF-201-127-002,127,2,Baseline,PASI Score,1,2025-04-01
TF-201-127-002,127,2,Baseline,Laboratory,1,2025-04-02
TF-201-127-002,127,2,Baseline,Randomisation,1,2025-03-29
TF-201-127-002,127,3,Week 4,Vital Signs,1,2025-05-05
TF-201-127-002,127,3,Week 4,PASI Score,1,2025-05-01
TF-201-127-002,127,3,Week 4,Adverse Events,1,2025-05-06
TF-201-127-002,127,4,Week 8,Vital Signs,1,2025-05-28
TF-201-127-002,127,4,Week 8,PASI Score,1,2025-05-28
TF-201-127-002,127,4,Week 8,Laboratory,1,2025-06-01
TF-201-127-002,127,4,Week 8,Adverse Events,1,2025-05-23
TF-201-127-002,127,5,Week 12,Vital Signs,1,2025-06-26
TF-201-127-002,127,5,Week 12,PASI Score,1,2025-07-02
TF-201-127-002,127,5,Week 12,Adverse Events,1,2025-06-27
TF-201-127-002,127,6,Week 16 EOT,Vital Signs,1,2025-07-16
TF-201-127-002,127,6,Week 16 EOT,PASI Score,1,2025-07-16
TF-201-127-002,127,6,Week 16 EOT,Laboratory,1,2025-07-26
TF-201-127-002,127,6,Week 16 EOT,Adverse Events,1,2025-07-23
TF-201-127-002,127,6,Week 16 EOT,End of Treatment,1,2025-07-17
TF-201-127-003,127,1,Screening,Demographics,1,2026-02-23
TF-201-127-003,127,1,Screening,Inclusion/Exclusion,1,2026-02-22
TF-201-127-003,127,1,Screening,Medical History,1,2026-02-14
TF-201-127-003,127,1,Screening,Informed Consent,1,2026-02-19
TF-201-127-003,127,1,Screening,Laboratory,1,2026-02-22
TF-201-127-003,127,2,Baseline,Vital Signs,1,2026-03-22
TF-201-127-003,127,2,Baseline,PASI Score,1,2026-03-17
TF-201-127-003,127,2,Baseline,Laboratory,1,2026-03-22
TF-201-127-003,127,2,Baseline,Randomisation,1,2026-03-14
TF-201-127-003,127,3,Week 4,Vital Signs,1,2026-04-18
TF-201-127-003,127,3,Week 4,PASI Score,1,2026-04-15
TF-201-127-003,127,3,Week 4,Adverse Events,1,2026-04-22
TF-201-127-003,127,4,Week 8,Vital Signs,1,2026-05-08
TF-201-127-003,127,4,Week 8,PASI Score,1,2026-05-12
TF-201-127-003,127,4,Week 8,Laboratory,1,2026-05-06
TF-201-127-003,127,4,Week 8,Adverse Events,1,2026-05-09
TF-201-127-003,127,5,Week 12,Vital Signs,1,2026-06-06
TF-201-127-003,127,5,Week 12,PASI Score,1,2026-06-09
TF-201-127-003,127,5,Week 12,Adverse Events,1,2026-06-11
TF-201-127-003,127,6,Week 16 EOT,Vital Signs,1,2026-07-13
TF-201-127-003,127,6,Week 16 EOT,PASI Score,1,2026-07-05
TF-201-127-003,127,6,Week 16 EOT,Laboratory,1,2026-07-15
TF-201-127-003,127,6,Week 16 EOT,Adverse Events,1,2026-07-15
TF-201-127-003,127,6,Week 16 EOT,End of Treatment,1,2026-07-05
TF-201-127-004,127,1,Screening,Demographics,1,2025-07-12
TF-201-127-004,127,1,Screening,Inclusion/Exclusion,1,2025-07-04
TF-201-127-004,127,1,Screening,Medical History,1,2025-07-10
TF-201-127-004,127,1,Screening,Informed Consent,1,2025-07-12
TF-201-127-004,127,1,Screening,Laboratory,1,2025-07-08
TF-201-127-004,127,2,Baseline,Vital Signs,1,2025-08-03
TF-201-127-004,127,2,Baseline,PASI Score,1,2025-08-04
TF-201-127-004,127,2,Baseline,Laboratory,1,2025-08-04
TF-201-127-004,127,2,Baseline,Randomisation,1,2025-08-09
TF-201-127-004,127,3,Week 4,Vital Signs,0,
TF-201-127-004,127,3,Week 4,PASI Score,1,2025-08-26
TF-201-127-004,127,3,Week 4,Adverse Events,1,2025-09-02
TF-201-127-004,127,4,Week 8,Vital Signs,1,2025-10-02
TF-201-127-004,127,4,Week 8,PASI Score,1,2025-10-05
TF-201-127-004,127,4,Week 8,Laboratory,1,2025-10-05
TF-201-127-004,127,4,Week 8,Adverse Events,1,2025-09-26
TF-201-127-004,127,5,Week 12,Vital Signs,1,2025-10-26
TF-201-127-004,127,5,Week 12,PASI Score,1,2025-10-21
TF-201-127-004,127,5,Week 12,Adverse Events,1,2025-10-21
TF-201-127-004,127,6,Week 16 EOT,Vital Signs,1,2025-11-21
TF-201-127-004,127,6,Week 16 EOT,PASI Score,1,2025-11-23
TF-201-127-004,127,6,Week 16 EOT,Laboratory,1,2025-11-21
TF-201-127-004,127,6,Week 16 EOT,Adverse Events,0,
TF-201-127-004,127,6,Week 16 EOT,End of Treatment,1,2025-11-21
TF-201-127-005,127,1,Screening,Demographics,1,2025-05-14
TF-201-127-005,127,1,Screening,Inclusion/Exclusion,1,2025-05-10
TF-201-127-005,127,1,Screening,Medical History,1,2025-05-14
TF-201-127-005,127,1,Screening,Informed Consent,1,2025-05-11
TF-201-127-005,127,1,Screening,Laboratory,1,2025-05-06
TF-201-127-005,127,2,Baseline,Vital Signs,1,2025-06-15
TF-201-127-005,127,2,Baseline,PASI Score,1,2025-06-16
TF-201-127-005,127,2,Baseline,Laboratory,1,2025-06-10
TF-201-127-005,127,2,Baseline,Randomisation,1,2025-06-13
TF-201-127-005,127,4,Week 8,Vital Signs,1,2025-08-10
TF-201-127-005,127,4,Week 8,PASI Score,1,2025-08-08
TF-201-127-005,127,4,Week 8,Laboratory,1,2025-08-05
TF-201-127-005,127,4,Week 8,Adverse Events,1,2025-08-08
TF-201-127-005,127,5,Week 12,Vital Signs,1,2025-09-01
TF-201-127-005,127,5,Week 12,PASI Score,1,2025-09-09
TF-201-127-005,127,5,Week 12,Adverse Events,1,2025-09-03
TF-201-127-005,127,6,Week 16 EOT,Vital Signs,1,2025-10-08
TF-201-127-005,127,6,Week 16 EOT,PASI Score,1,2025-10-06
TF-201-127-005,127,6,Week 16 EOT,Laboratory,1,2025-10-13
TF-201-127-005,127,6,Week 16 EOT,Adverse Events,1,2025-10-04
TF-201-127-005,127,6,Week 16 EOT,End of Treatment,1,2025-10-03
TF-201-127-006,127,1,Screening,Demographics,1,2025-10-05
TF-201-127-006,127,1,Screening,Inclusion/Exclusion,1,2025-10-05
TF-201-127-006,127,1,Screening,Medical History,1,2025-10-13
TF-201-127-006,127,1,Screening,Informed Consent,1,2025-10-04
TF-201-127-006,127,1,Screening,Laboratory,1,2025-10-14
TF-201-127-006,127,2,Baseline,Vital Signs,1,2025-10-31
TF-201-127-006,127,2,Baseline,PASI Score,1,2025-11-04
TF-201-127-006,127,2,Baseline,Laboratory,1,2025-11-03
TF-201-127-006,127,2,Baseline,Randomisation,1,2025-11-02
TF-201-127-006,127,3,Week 4,Vital Signs,1,2025-11-30
TF-201-127-006,127,3,Week 4,PASI Score,1,2025-12-06
TF-201-127-006,127,3,Week 4,Adverse Events,1,2025-11-29
TF-201-127-006,127,4,Week 8,Vital Signs,1,2025-12-26
TF-201-127-006,127,4,Week 8,PASI Score,1,2025-12-30
TF-201-127-006,127,4,Week 8,Laboratory,1,2025-12-31
TF-201-127-006,127,4,Week 8,Adverse Events,1,2026-01-02
TF-201-127-006,127,5,Week 12,Vital Signs,1,2026-01-24
TF-201-127-006,127,5,Week 12,PASI Score,1,2026-01-26
TF-201-127-006,127,5,Week 12,Adverse Events,1,2026-01-24
TF-201-127-006,127,6,Week 16 EOT,Vital Signs,1,2026-03-04
TF-201-127-006,127,6,Week 16 EOT,PASI Score,1,2026-03-03
TF-201-127-006,127,6,Week 16 EOT,Laboratory,1,2026-03-01
TF-201-127-006,127,6,Week 16 EOT,Adverse Events,1,2026-02-23
TF-201-127-006,127,6,Week 16 EOT,End of Treatment,1,2026-02-23
TF-201-127-007,127,1,Screening,Demographics,1,2025-02-17
TF-201-127-007,127,1,Screening,Inclusion/Exclusion,1,2025-02-15
TF-201-127-007,127,1,Screening,Medical History,1,2025-02-17
TF-201-127-007,127,1,Screening,Informed Consent,1,2025-02-17
TF-201-127-007,127,1,Screening,Laboratory,1,2025-02-16
TF-201-127-007,127,2,Baseline,Vital Signs,1,2025-04-06
TF-201-127-007,127,2,Baseline,PASI Score,1,2025-04-05
TF-201-127-007,127,2,Baseline,Laboratory,1,2025-04-03
TF-201-127-007,127,2,Baseline,Randomisation,1,2025-04-06
TF-201-127-007,127,3,Week 4,Vital Signs,1,2025-05-03
TF-201-127-007,127,3,Week 4,PASI Score,1,2025-04-24
TF-201-127-007,127,3,Week 4,Adverse Events,1,2025-05-03
TF-201-127-007,127,4,Week 8,Vital Signs,1,2025-06-12
TF-201-127-007,127,4,Week 8,PASI Score,1,2025-06-09
TF-201-127-007,127,4,Week 8,Laboratory,1,2025-06-05
TF-201-127-007,127,4,Week 8,Adverse Events,1,2025-06-09
TF-201-127-007,127,5,Week 12,Vital Signs,1,2025-06-27
TF-201-127-007,127,5,Week 12,PASI Score,1,2025-06-21
TF-201-127-007,127,5,Week 12,Adverse Events,1,2025-06-24
TF-201-127-007,127,6,Week 16 EOT,Vital Signs,1,2025-07-21
TF-201-127-007,127,6,Week 16 EOT,PASI Score,1,2025-07-30
TF-201-127-007,127,6,Week 16 EOT,Laboratory,1,2025-07-23
TF-201-127-007,127,6,Week 16 EOT,Adverse Events,1,2025-07-28
TF-201-127-007,127,6,Week 16 EOT,End of Treatment,1,2025-07-21
TF-201-127-008,127,1,Screening,Demographics,1,2025-01-08
TF-201-127-008,127,1,Screening,Inclusion/Exclusion,1,2025-01-11
TF-201-127-008,127,1,Screening,Medical History,1,2025-01-06
TF-201-127-008,127,1,Screening,Informed Consent,1,2025-01-12
TF-201-127-008,127,1,Screening,Laboratory,1,2025-01-11
TF-201-127-008,127,2,Baseline,Vital Signs,1,2025-02-15
TF-201-127-008,127,2,Baseline,PASI Score,1,2025-02-12
TF-201-127-008,127,2,Baseline,Laboratory,1,2025-02-11
TF-201-127-008,127,2,Baseline,Randomisation,1,2025-02-10
TF-201-127-008,127,3,Week 4,Vital Signs,1,2025-03-08
TF-201-127-008,127,3,Week 4,PASI Score,1,2025-03-09
TF-201-127-008,127,3,Week 4,Adverse Events,1,2025-03-14
TF-201-127-008,127,4,Week 8,Vital Signs,1,2025-04-07
TF-201-127-008,127,4,Week 8,PASI Score,1,2025-03-27
TF-201-127-008,127,4,Week 8,Laboratory,1,2025-04-06
TF-201-127-008,127,4,Week 8,Adverse Events,1,2025-04-02
TF-201-127-008,127,5,Week 12,Vital Signs,0,
TF-201-127-008,127,5,Week 12,PASI Score,1,2025-05-07
TF-201-127-008,127,5,Week 12,Adverse Events,1,2025-05-02
TF-201-127-008,127,6,Week 16 EOT,Vital Signs,1,2025-05-31
TF-201-127-008,127,6,Week 16 EOT,PASI Score,1,2025-05-24
TF-201-127-008,127,6,Week 16 EOT,Laboratory,1,2025-06-02
TF-201-127-008,127,6,Week 16 EOT,Adverse Events,1,2025-06-03
TF-201-127-008,127,6,Week 16 EOT,End of Treatment,1,2025-05-26
TF-201-127-009,127,1,Screening,Demographics,1,2025-12-20
TF-201-127-009,127,1,Screening,Inclusion/Exclusion,1,2025-12-14
TF-201-127-009,127,1,Screening,Medical History,1,2025-12-22
TF-201-127-009,127,1,Screening,Informed Consent,1,2025-12-14
TF-201-127-009,127,1,Screening,Laboratory,1,2025-12-13
TF-201-127-009,127,2,Baseline,Vital Signs,1,2026-01-10
TF-201-127-009,127,2,Baseline,PASI Score,1,2026-01-16
TF-201-127-009,127,2,Baseline,Laboratory,1,2026-01-11
TF-201-127-009,127,2,Baseline,Randomisation,1,2026-01-15
TF-201-127-009,127,3,Week 4,Vital Signs,1,2026-02-17
TF-201-127-009,127,3,Week 4,PASI Score,1,2026-02-13
TF-201-127-009,127,3,Week 4,Adverse Events,1,2026-02-10
TF-201-127-009,127,4,Week 8,Vital Signs,1,2026-03-18
TF-201-127-009,127,4,Week 8,PASI Score,1,2026-03-13
TF-201-127-009,127,4,Week 8,Laboratory,1,2026-03-09
TF-201-127-009,127,4,Week 8,Adverse Events,1,2026-03-16
TF-201-127-009,127,5,Week 12,Vital Signs,1,2026-04-03
TF-201-127-009,127,5,Week 12,PASI Score,1,2026-04-01
TF-201-127-009,127,5,Week 12,Adverse Events,1,2026-04-04
TF-201-127-009,127,6,Week 16 EOT,Vital Signs,1,2026-05-03
TF-201-127-009,127,6,Week 16 EOT,PASI Score,1,2026-05-07
TF-201-127-009,127,6,Week 16 EOT,Laboratory,1,2026-05-04
TF-201-127-009,127,6,Week 16 EOT,Adverse Events,1,2026-05-04
TF-201-127-009,127,6,Week 16 EOT,End of Treatment,1,2026-04-30
TF-201-127-010,127,1,Screening,Demographics,1,2025-04-16
TF-201-127-010,127,1,Screening,Inclusion/Exclusion,1,2025-04-07
TF-201-127-010,127,1,Screening,Medical History,1,2025-04-10
TF-201-127-010,127,1,Screening,Informed Consent,1,2025-04-11
TF-201-127-010,127,1,Screening,Laboratory,1,2025-04-06
TF-201-127-010,127,2,Baseline,Vital Signs,1,2025-05-19
TF-201-127-010,127,2,Baseline,PASI Score,1,2025-05-17
TF-201-127-010,127,2,Baseline,Laboratory,1,2025-05-22
TF-201-127-010,127,2,Baseline,Randomisation,1,2025-05-17
TF-201-127-010,127,3,Week 4,Vital Signs,1,2025-06-21
TF-201-127-010,127,3,Week 4,PASI Score,1,2025-06-18
TF-201-127-010,127,3,Week 4,Adverse Events,1,2025-06-22
TF-201-127-010,127,4,Week 8,Vital Signs,1,2025-07-22
TF-201-127-010,127,4,Week 8,PASI Score,1,2025-07-20
TF-201-127-010,127,4,Week 8,Laboratory,1,2025-07-14
TF-201-127-010,127,4,Week 8,Adverse Events,1,2025-07-15
TF-201-127-010,127,5,Week 12,Vital Signs,1,2025-08-19
TF-201-127-010,127,5,Week 12,PASI Score,1,2025-08-17
TF-201-127-010,127,5,Week 12,Adverse Events,1,2025-08-15
TF-201-127-010,127,6,Week 16 EOT,Vital Signs,1,2025-09-16
TF-201-127-010,127,6,Week 16 EOT,PASI Score,1,2025-09-13
TF-201-127-010,127,6,Week 16 EOT,Laboratory,1,2025-09-12
TF-201-127-010,127,6,Week 16 EOT,Adverse Events,1,2025-09-23
TF-201-127-010,127,6,Week 16 EOT,End of Treatment,1,2025-09-14
TF-201-127-011,127,1,Screening,Demographics,1,2026-01-09
TF-201-127-011,127,1,Screening,Inclusion/Exclusion,1,2026-01-08
TF-201-127-011,127,1,Screening,Medical History,1,2026-01-14
TF-201-127-011,127,1,Screening,Informed Consent,1,2026-01-14
TF-201-127-011,127,1,Screening,Laboratory,1,2026-01-12
TF-201-127-011,127,2,Baseline,Vital Signs,1,2026-02-01
TF-201-127-011,127,2,Baseline,PASI Score,1,2026-02-06
TF-201-127-011,127,2,Baseline,Laboratory,1,2026-02-03
TF-201-127-011,127,2,Baseline,Randomisation,1,2026-01-28
TF-201-127-011,127,3,Week 4,Vital Signs,1,2026-03-02
TF-201-127-011,127,3,Week 4,PASI Score,1,2026-02-28
TF-201-127-011,127,3,Week 4,Adverse Events,1,2026-03-01
TF-201-127-011,127,4,Week 8,Vital Signs,1,2026-03-26
TF-201-127-011,127,4,Week 8,PASI Score,1,2026-03-24
TF-201-127-011,127,4,Week 8,Laboratory,1,2026-03-24
TF-201-127-011,127,4,Week 8,Adverse Events,1,2026-03-30
TF-201-127-011,127,5,Week 12,Vital Signs,1,2026-05-03
TF-201-127-011,127,5,Week 12,PASI Score,1,2026-05-03
TF-201-127-011,127,5,Week 12,Adverse Events,1,2026-05-01
TF-201-127-011,127,6,Week 16 EOT,Vital Signs,1,2026-05-17
TF-201-127-011,127,6,Week 16 EOT,PASI Score,1,2026-05-25
TF-201-127-011,127,6,Week 16 EOT,Laboratory,1,2026-05-16
TF-201-127-011,127,6,Week 16 EOT,Adverse Events,1,2026-05-24
TF-201-127-011,127,6,Week 16 EOT,End of Treatment,1,2026-05-23
TF-201-127-012,127,1,Screening,Demographics,1,2025-04-27
TF-201-127-012,127,1,Screening,Inclusion/Exclusion,1,2025-04-29
TF-201-127-012,127,1,Screening,Medical History,1,2025-04-24
TF-201-127-012,127,1,Screening,Informed Consent,1,2025-04-18
TF-201-127-012,127,1,Screening,Laboratory,1,2025-04-26
TF-201-127-012,127,2,Baseline,Vital Signs,1,2025-05-23
TF-201-127-012,127,2,Baseline,PASI Score,1,2025-05-21
TF-201-127-012,127,2,Baseline,Laboratory,1,2025-05-20
TF-201-127-012,127,2,Baseline,Randomisation,1,2025-05-18
TF-201-127-012,127,3,Week 4,Vital Signs,1,2025-06-09
TF-201-127-012,127,3,Week 4,PASI Score,1,2025-06-07
TF-201-127-012,127,3,Week 4,Adverse Events,1,2025-06-12
TF-201-127-012,127,4,Week 8,Vital Signs,1,2025-07-16
TF-201-127-012,127,4,Week 8,PASI Score,1,2025-07-17
TF-201-127-012,127,4,Week 8,Laboratory,1,2025-07-15
TF-201-127-012,127,4,Week 8,Adverse Events,1,2025-07-13
TF-201-127-012,127,5,Week 12,Vital Signs,1,2025-08-06
TF-201-127-012,127,5,Week 12,PASI Score,1,2025-08-13
TF-201-127-012,127,5,Week 12,Adverse Events,1,2025-08-14
TF-201-127-012,127,6,Week 16 EOT,Vital Signs,1,2025-09-06
TF-201-127-012,127,6,Week 16 EOT,PASI Score,1,2025-08-31
TF-201-127-012,127,6,Week 16 EOT,Laboratory,1,2025-09-09
TF-201-127-012,127,6,Week 16 EOT,Adverse Events,1,2025-09-05
TF-201-127-012,127,6,Week 16 EOT,End of Treatment,1,2025-09-06
TF-201-127-013,127,1,Screening,Demographics,1,2026-02-28
TF-201-127-013,127,1,Screening,Inclusion/Exclusion,1,2026-03-11
TF-201-127-013,127,1,Screening,Medical History,1,2026-03-05
TF-201-127-013,127,1,Screening,Informed Consent,1,2026-03-10
TF-201-127-013,127,1,Screening,Laboratory,1,2026-03-05
TF-201-127-013,127,2,Baseline,Vital Signs,1,2026-04-08
TF-201-127-013,127,2,Baseline,PASI Score,1,2026-04-08
TF-201-127-013,127,2,Baseline,Laboratory,1,2026-04-07
TF-201-127-013,127,2,Baseline,Randomisation,1,2026-04-07
TF-201-127-013,127,3,Week 4,Vital Signs,1,2026-05-01
TF-201-127-013,127,3,Week 4,PASI Score,1,2026-05-08
TF-201-127-013,127,3,Week 4,Adverse Events,1,2026-05-08
TF-201-127-013,127,4,Week 8,Vital Signs,1,2026-05-27
TF-201-127-013,127,4,Week 8,PASI Score,1,2026-05-24
TF-201-127-013,127,4,Week 8,Laboratory,1,2026-05-21
TF-201-127-013,127,4,Week 8,Adverse Events,1,2026-05-27
TF-201-127-013,127,5,Week 12,Vital Signs,1,2026-06-21
TF-201-127-013,127,5,Week 12,PASI Score,1,2026-06-23
TF-201-127-013,127,5,Week 12,Adverse Events,1,2026-06-25
TF-201-127-013,127,6,Week 16 EOT,Vital Signs,1,2026-07-29
TF-201-127-013,127,6,Week 16 EOT,PASI Score,1,2026-07-30
TF-201-127-013,127,6,Week 16 EOT,Laboratory,1,2026-07-23
TF-201-127-013,127,6,Week 16 EOT,Adverse Events,1,2026-07-26
TF-201-127-013,127,6,Week 16 EOT,End of Treatment,1,2026-08-01
TF-201-127-014,127,1,Screening,Demographics,1,2025-09-08
TF-201-127-014,127,1,Screening,Inclusion/Exclusion,1,2025-08-31
TF-201-127-014,127,1,Screening,Medical History,1,2025-09-08
TF-201-127-014,127,1,Screening,Informed Consent,1,2025-09-11
TF-201-127-014,127,1,Screening,Laboratory,1,2025-09-01
TF-201-127-014,127,2,Baseline,Vital Signs,1,2025-10-04
TF-201-127-014,127,2,Baseline,PASI Score,1,2025-10-05
TF-201-127-014,127,2,Baseline,Laboratory,1,2025-09-30
TF-201-127-014,127,2,Baseline,Randomisation,1,2025-10-06
TF-201-127-014,127,3,Week 4,Vital Signs,1,2025-11-04
TF-201-127-014,127,3,Week 4,PASI Score,1,2025-10-27
TF-201-127-014,127,3,Week 4,Adverse Events,1,2025-10-31
TF-201-127-014,127,4,Week 8,Vital Signs,1,2025-11-29
TF-201-127-014,127,4,Week 8,PASI Score,1,2025-11-19
TF-201-127-014,127,4,Week 8,Laboratory,1,2025-11-28
TF-201-127-014,127,4,Week 8,Adverse Events,1,2025-11-25
TF-201-127-014,127,5,Week 12,Vital Signs,1,2025-12-26
TF-201-127-014,127,5,Week 12,PASI Score,1,2025-12-23
TF-201-127-014,127,5,Week 12,Adverse Events,1,2025-12-23
TF-201-127-014,127,6,Week 16 EOT,Vital Signs,1,2026-01-17
TF-201-127-014,127,6,Week 16 EOT,PASI Score,1,2026-01-23
TF-201-127-014,127,6,Week 16 EOT,Laboratory,1,2026-01-20
TF-201-127-014,127,6,Week 16 EOT,Adverse Events,1,2026-01-26
TF-201-127-014,127,6,Week 16 EOT,End of Treatment,1,2026-01-22
TF-201-127-015,127,1,Screening,Demographics,1,2025-01-11
TF-201-127-015,127,1,Screening,Inclusion/Exclusion,1,2025-01-19
TF-201-127-015,127,1,Screening,Medical History,1,2025-01-20
TF-201-127-015,127,1,Screening,Informed Consent,1,2025-01-11
TF-201-127-015,127,1,Screening,Laboratory,1,2025-01-15
TF-201-127-015,127,2,Baseline,Vital Signs,1,2025-02-27
TF-201-127-015,127,2,Baseline,PASI Score,1,2025-02-26
TF-201-127-015,127,2,Baseline,Laboratory,1,2025-02-23
TF-201-127-015,127,2,Baseline,Randomisation,1,2025-02-23
TF-201-127-015,127,3,Week 4,Vital Signs,1,2025-03-18
TF-201-127-015,127,3,Week 4,PASI Score,1,2025-03-20
TF-201-127-015,127,3,Week 4,Adverse Events,1,2025-03-16
TF-201-127-015,127,4,Week 8,Vital Signs,1,2025-04-10
TF-201-127-015,127,4,Week 8,PASI Score,1,2025-04-18
TF-201-127-015,127,4,Week 8,Laboratory,1,2025-04-14
TF-201-127-015,127,4,Week 8,Adverse Events,1,2025-04-21
TF-201-127-015,127,5,Week 12,Vital Signs,1,2025-05-11
TF-201-127-015,127,5,Week 12,PASI Score,1,2025-05-14
TF-201-127-015,127,5,Week 12,Adverse Events,1,2025-05-18
TF-201-127-015,127,6,Week 16 EOT,Vital Signs,1,2025-06-21
TF-201-127-015,127,6,Week 16 EOT,PASI Score,1,2025-06-20
TF-201-127-015,127,6,Week 16 EOT,Laboratory,1,2025-06-23
TF-201-127-015,127,6,Week 16 EOT,Adverse Events,1,2025-06-16
TF-201-127-015,127,6,Week 16 EOT,End of Treatment,1,2025-06-23
TF-201-127-016,127,1,Screening,Demographics,1,2025-12-23
TF-201-127-016,127,1,Screening,Inclusion/Exclusion,1,2025-12-20
TF-201-127-016,127,1,Screening,Medical History,1,2025-12-26
TF-201-127-016,127,1,Screening,Informed Consent,1,2025-12-17
TF-201-127-016,127,1,Screening,Laboratory,1,2025-12-15
TF-201-127-016,127,2,Baseline,Vital Signs,1,2026-01-17
TF-201-127-016,127,2,Baseline,PASI Score,1,2026-01-24
TF-201-127-016,127,2,Baseline,Laboratory,1,2026-01-18
TF-201-127-016,127,2,Baseline,Randomisation,1,2026-01-18
TF-201-127-016,127,3,Week 4,Vital Signs,1,2026-02-22
TF-201-127-016,127,3,Week 4,PASI Score,1,2026-02-14
TF-201-127-016,127,3,Week 4,Adverse Events,1,2026-02-20
TF-201-127-016,127,4,Week 8,Vital Signs,1,2026-03-09
TF-201-127-016,127,4,Week 8,PASI Score,1,2026-03-15
TF-201-127-016,127,4,Week 8,Laboratory,1,2026-03-17
TF-201-127-016,127,4,Week 8,Adverse Events,1,2026-03-19
TF-201-127-016,127,5,Week 12,Vital Signs,1,2026-04-08
TF-201-127-016,127,5,Week 12,PASI Score,1,2026-04-13
TF-201-127-016,127,5,Week 12,Adverse Events,1,2026-04-17
TF-201-127-016,127,6,Week 16 EOT,Vital Signs,1,2026-05-14
TF-201-127-016,127,6,Week 16 EOT,PASI Score,1,2026-05-13
TF-201-127-016,127,6,Week 16 EOT,Laboratory,1,2026-05-17
TF-201-127-016,127,6,Week 16 EOT,Adverse Events,1,2026-05-18
TF-201-127-016,127,6,Week 16 EOT,End of Treatment,1,2026-05-11
TF-201-127-017,127,1,Screening,Demographics,1,2025-11-22
TF-201-127-017,127,1,Screening,Inclusion/Exclusion,1,2025-11-21
TF-201-127-017,127,1,Screening,Medical History,1,2025-11-23
TF-201-127-017,127,1,Screening,Informed Consent,1,2025-11-16
TF-201-127-017,127,1,Screening,Laboratory,1,2025-11-19
TF-201-127-017,127,2,Baseline,Vital Signs,1,2025-12-18
TF-201-127-017,127,2,Baseline,PASI Score,1,2025-12-11
TF-201-127-017,127,2,Baseline,Laboratory,1,2025-12-10
TF-201-127-017,127,2,Baseline,Randomisation,1,2025-12-15
TF-201-127-017,127,3,Week 4,Vital Signs,1,2026-01-15
TF-201-127-017,127,3,Week 4,PASI Score,1,2026-01-04
TF-201-127-017,127,3,Week 4,Adverse Events,1,2026-01-11
TF-201-127-017,127,4,Week 8,Vital Signs,1,2026-02-04
TF-201-127-017,127,4,Week 8,PASI Score,1,2026-02-12
TF-201-127-017,127,4,Week 8,Laboratory,1,2026-02-06
TF-201-127-017,127,4,Week 8,Adverse Events,1,2026-02-14
TF-201-127-017,127,5,Week 12,Vital Signs,1,2026-03-09
TF-201-127-017,127,5,Week 12,PASI Score,1,2026-03-09
TF-201-127-017,127,5,Week 12,Adverse Events,1,2026-03-09
TF-201-127-017,127,6,Week 16 EOT,Vital Signs,1,2026-04-06
TF-201-127-017,127,6,Week 16 EOT,PASI Score,1,2026-04-06
TF-201-127-017,127,6,Week 16 EOT,Laboratory,1,2026-04-08
TF-201-127-017,127,6,Week 16 EOT,Adverse Events,1,2026-04-10
TF-201-127-017,127,6,Week 16 EOT,End of Treatment,1,2026-04-04
TF-201-127-018,127,1,Screening,Demographics,1,2025-12-15
TF-201-127-018,127,1,Screening,Inclusion/Exclusion,1,2025-12-14
TF-201-127-018,127,1,Screening,Medical History,1,2025-12-08
TF-201-127-018,127,1,Screening,Informed Consent,1,2025-12-10
TF-201-127-018,127,1,Screening,Laboratory,1,2025-12-16
TF-201-127-018,127,2,Baseline,Vital Signs,0,
TF-201-127-018,127,2,Baseline,PASI Score,1,2025-12-29
TF-201-127-018,127,2,Baseline,Laboratory,1,2025-12-24
TF-201-127-018,127,2,Baseline,Randomisation,1,2025-12-26
TF-201-127-018,127,3,Week 4,Vital Signs,1,2026-01-27
TF-201-127-018,127,3,Week 4,PASI Score,1,2026-01-16
TF-201-127-018,127,3,Week 4,Adverse Events,1,2026-01-17
TF-201-127-018,127,4,Week 8,Vital Signs,1,2026-02-24
TF-201-127-018,127,4,Week 8,PASI Score,1,2026-02-20
TF-201-127-018,127,4,Week 8,Laboratory,0,
TF-201-127-018,127,4,Week 8,Adverse Events,1,2026-02-20
TF-201-127-018,127,5,Week 12,Vital Signs,1,2026-03-14
TF-201-127-018,127,5,Week 12,PASI Score,0,
TF-201-127-018,127,5,Week 12,Adverse Events,1,2026-03-18
TF-201-127-018,127,6,Week 16 EOT,Vital Signs,1,2026-04-19
TF-201-127-018,127,6,Week 16 EOT,PASI Score,1,2026-04-22
TF-201-127-018,127,6,Week 16 EOT,Laboratory,1,2026-04-20
TF-201-127-018,127,6,Week 16 EOT,Adverse Events,1,2026-04-25
TF-201-127-018,127,6,Week 16 EOT,End of Treatment,1,2026-04-21
TF-201-127-019,127,1,Screening,Demographics,1,2026-03-28
TF-201-127-019,127,1,Screening,Inclusion/Exclusion,1,2026-03-31
TF-201-127-019,127,1,Screening,Medical History,1,2026-04-01
TF-201-127-019,127,1,Screening,Informed Consent,1,2026-03-22
TF-201-127-019,127,1,Screening,Laboratory,1,2026-04-01
TF-201-127-019,127,2,Baseline,Vital Signs,1,2026-04-21
TF-201-127-019,127,2,Baseline,PASI Score,1,2026-04-22
TF-201-127-019,127,2,Baseline,Laboratory,1,2026-04-20
TF-201-127-019,127,2,Baseline,Randomisation,1,2026-04-19
TF-201-127-019,127,3,Week 4,Vital Signs,1,2026-05-20
TF-201-127-019,127,3,Week 4,PASI Score,1,2026-05-22
TF-201-127-019,127,3,Week 4,Adverse Events,1,2026-05-14
TF-201-127-019,127,4,Week 8,Vital Signs,1,2026-06-14
TF-201-127-019,127,4,Week 8,PASI Score,1,2026-06-11
TF-201-127-019,127,4,Week 8,Laboratory,1,2026-06-12
TF-201-127-019,127,4,Week 8,Adverse Events,1,2026-06-16
TF-201-127-019,127,5,Week 12,Vital Signs,1,2026-07-09
TF-201-127-019,127,5,Week 12,PASI Score,1,2026-07-11
TF-201-127-019,127,5,Week 12,Adverse Events,1,2026-07-05
TF-201-127-019,127,6,Week 16 EOT,Vital Signs,1,2026-08-14
TF-201-127-019,127,6,Week 16 EOT,PASI Score,1,2026-08-16
TF-201-127-019,127,6,Week 16 EOT,Laboratory,1,2026-08-16
TF-201-127-019,127,6,Week 16 EOT,Adverse Events,1,2026-08-08
TF-201-127-019,127,6,Week 16 EOT,End of Treatment,1,2026-08-10
TF-201-127-020,127,1,Screening,Demographics,1,2025-12-12
TF-201-127-020,127,1,Screening,Inclusion/Exclusion,1,2025-12-07
TF-201-127-020,127,1,Screening,Medical History,1,2025-12-07
TF-201-127-020,127,1,Screening,Informed Consent,1,2025-12-16
TF-201-127-020,127,1,Screening,Laboratory,1,2025-12-14
TF-201-127-020,127,2,Baseline,Vital Signs,0,
TF-201-127-020,127,2,Baseline,PASI Score,1,2026-01-20
TF-201-127-020,127,2,Baseline,Laboratory,1,2026-01-15
TF-201-127-020,127,2,Baseline,Randomisation,1,2026-01-18
TF-201-127-020,127,3,Week 4,Vital Signs,1,2026-02-11
TF-201-127-020,127,3,Week 4,PASI Score,1,2026-02-16
TF-201-127-020,127,3,Week 4,Adverse Events,1,2026-02-10
TF-201-127-020,127,4,Week 8,Vital Signs,1,2026-03-12
TF-201-127-020,127,4,Week 8,PASI Score,1,2026-03-14
TF-201-127-020,127,4,Week 8,Laboratory,1,2026-03-08
TF-201-127-020,127,4,Week 8,Adverse Events,1,2026-03-14
TF-201-127-020,127,5,Week 12,Vital Signs,1,2026-04-07
TF-201-127-020,127,5,Week 12,PASI Score,1,2026-04-14
TF-201-127-020,127,5,Week 12,Adverse Events,1,2026-04-04
TF-201-127-020,127,6,Week 16 EOT,Vital Signs,1,2026-05-12
TF-201-127-020,127,6,Week 16 EOT,PASI Score,1,2026-05-14
TF-201-127-020,127,6,Week 16 EOT,Laboratory,1,2026-05-12
TF-201-127-020,127,6,Week 16 EOT,Adverse Events,0,
TF-201-127-020,127,6,Week 16 EOT,End of Treatment,1,2026-05-07
TF-201-127-021,127,1,Screening,Demographics,1,2025-09-04
TF-201-127-021,127,1,Screening,Inclusion/Exclusion,1,2025-09-02
TF-201-127-021,127,1,Screening,Medical History,1,2025-08-26
TF-201-127-021,127,1,Screening,Informed Consent,1,2025-08-26
TF-201-127-021,127,1,Screening,Laboratory,1,2025-08-28
TF-201-127-021,127,2,Baseline,Vital Signs,1,2025-10-08
TF-201-127-021,127,2,Baseline,PASI Score,1,2025-10-02
TF-201-127-021,127,2,Baseline,Laboratory,1,2025-10-07
TF-201-127-021,127,2,Baseline,Randomisation,1,2025-10-05
TF-201-127-021,127,3,Week 4,Vital Signs,1,2025-11-04
TF-201-127-021,127,3,Week 4,PASI Score,1,2025-11-01
TF-201-127-021,127,3,Week 4,Adverse Events,1,2025-11-07
TF-201-127-021,127,4,Week 8,Vital Signs,1,2025-12-03
TF-201-127-021,127,4,Week 8,PASI Score,1,2025-11-27
TF-201-127-021,127,4,Week 8,Laboratory,1,2025-11-29
TF-201-127-021,127,4,Week 8,Adverse Events,1,2025-11-25
TF-201-127-021,127,5,Week 12,Vital Signs,1,2025-12-24
TF-201-127-021,127,5,Week 12,PASI Score,1,2025-12-27
TF-201-127-021,127,5,Week 12,Adverse Events,1,2025-12-26
TF-201-127-021,127,6,Week 16 EOT,Vital Signs,1,2026-01-24
TF-201-127-021,127,6,Week 16 EOT,PASI Score,1,2026-01-20
TF-201-127-021,127,6,Week 16 EOT,Laboratory,1,2026-01-25
TF-201-127-021,127,6,Week 16 EOT,Adverse Events,0,
TF-201-127-021,127,6,Week 16 EOT,End of Treatment,1,2026-01-28
TF-201-127-022,127,1,Screening,Demographics,1,2025-09-14
TF-201-127-022,127,1,Screening,Inclusion/Exclusion,1,2025-09-22
TF-201-127-022,127,1,Screening,Medical History,1,2025-09-23
TF-201-127-022,127,1,Screening,Informed Consent,1,2025-09-20
TF-201-127-022,127,1,Screening,Laboratory,1,2025-09-15
TF-201-127-022,127,2,Baseline,Vital Signs,1,2025-10-19
TF-201-127-022,127,2,Baseline,PASI Score,1,2025-10-29
TF-201-127-022,127,2,Baseline,Laboratory,1,2025-10-21
TF-201-127-022,127,2,Baseline,Randomisation,1,2025-10-23
TF-201-127-022,127,3,Week 4,Vital Signs,0,
TF-201-127-022,127,3,Week 4,PASI Score,1,2025-11-18
TF-201-127-022,127,3,Week 4,Adverse Events,1,2025-11-28
TF-201-127-022,127,4,Week 8,Vital Signs,1,2025-12-18
TF-201-127-022,127,4,Week 8,PASI Score,1,2025-12-14
TF-201-127-022,127,4,Week 8,Laboratory,1,2025-12-20
TF-201-127-022,127,4,Week 8,Adverse Events,1,2025-12-22
TF-201-127-022,127,5,Week 12,Vital Signs,1,2026-01-12
TF-201-127-022,127,5,Week 12,PASI Score,1,2026-01-11
TF-201-127-022,127,5,Week 12,Adverse Events,1,2026-01-19
TF-201-127-022,127,6,Week 16 EOT,Vital Signs,1,2026-02-16
TF-201-127-022,127,6,Week 16 EOT,PASI Score,1,2026-02-16
TF-201-127-022,127,6,Week 16 EOT,Laboratory,1,2026-02-10
TF-201-127-022,127,6,Week 16 EOT,Adverse Events,1,2026-02-12
TF-201-127-022,127,6,Week 16 EOT,End of Treatment,1,2026-02-21
TF-201-127-023,127,1,Screening,Demographics,1,2025-10-25
TF-201-127-023,127,1,Screening,Inclusion/Exclusion,1,2025-10-30
TF-201-127-023,127,1,Screening,Medical History,1,2025-10-26
TF-201-127-023,127,1,Screening,Informed Consent,1,2025-10-21
TF-201-127-023,127,1,Screening,Laboratory,1,2025-10-22
TF-201-127-023,127,2,Baseline,Vital Signs,1,2025-11-25
TF-201-127-023,127,2,Baseline,PASI Score,1,2025-11-20
TF-201-127-023,127,2,Baseline,Laboratory,1,2025-11-25
TF-201-127-023,127,2,Baseline,Randomisation,1,2025-11-15
TF-201-127-023,127,3,Week 4,Vital Signs,1,2025-12-23
TF-201-127-023,127,3,Week 4,PASI Score,1,2025-12-25
TF-201-127-023,127,3,Week 4,Adverse Events,1,2025-12-22
TF-201-127-023,127,4,Week 8,Vital Signs,1,2026-01-16
TF-201-127-023,127,4,Week 8,PASI Score,1,2026-01-19
TF-201-127-023,127,4,Week 8,Laboratory,1,2026-01-22
TF-201-127-023,127,4,Week 8,Adverse Events,1,2026-01-17
TF-201-127-023,127,5,Week 12,Vital Signs,1,2026-02-20
TF-201-127-023,127,5,Week 12,PASI Score,1,2026-02-18
TF-201-127-023,127,5,Week 12,Adverse Events,1,2026-02-18
TF-201-127-023,127,6,Week 16 EOT,Vital Signs,1,2026-03-12
TF-201-127-023,127,6,Week 16 EOT,PASI Score,1,2026-03-13
TF-201-127-023,127,6,Week 16 EOT,Laboratory,1,2026-03-11
TF-201-127-023,127,6,Week 16 EOT,Adverse Events,1,2026-03-11
TF-201-127-023,127,6,Week 16 EOT,End of Treatment,1,2026-03-18
TF-201-127-024,127,1,Screening,Demographics,1,2025-05-11
TF-201-127-024,127,1,Screening,Inclusion/Exclusion,1,2025-05-02
TF-201-127-024,127,1,Screening,Medical History,1,2025-05-02
TF-201-127-024,127,1,Screening,Informed Consent,1,2025-05-04
TF-201-127-024,127,1,Screening,Laboratory,1,2025-05-09
TF-201-127-024,127,2,Baseline,Vital Signs,1,2025-05-25
TF-201-127-024,127,2,Baseline,PASI Score,1,2025-06-02
TF-201-127-024,127,2,Baseline,Laboratory,1,2025-06-03
TF-201-127-024,127,2,Baseline,Randomisation,1,2025-05-31
TF-201-127-024,127,3,Week 4,Vital Signs,1,2025-07-02
TF-201-127-024,127,3,Week 4,PASI Score,1,2025-06-26
TF-201-127-024,127,3,Week 4,Adverse Events,1,2025-06-30
TF-201-127-024,127,4,Week 8,Vital Signs,1,2025-07-26
TF-201-127-024,127,4,Week 8,PASI Score,0,
TF-201-127-024,127,4,Week 8,Laboratory,1,2025-07-25
TF-201-127-024,127,4,Week 8,Adverse Events,1,2025-07-25
TF-201-127-024,127,5,Week 12,Vital Signs,1,2025-08-19
TF-201-127-024,127,5,Week 12,PASI Score,1,2025-08-14
TF-201-127-024,127,5,Week 12,Adverse Events,1,2025-08-16
TF-201-127-024,127,6,Week 16 EOT,Vital Signs,1,2025-09-28
TF-201-127-024,127,6,Week 16 EOT,PASI Score,1,2025-09-26
TF-201-127-024,127,6,Week 16 EOT,Laboratory,1,2025-09-19
TF-201-127-024,127,6,Week 16 EOT,Adverse Events,1,2025-09-23
TF-201-127-024,127,6,Week 16 EOT,End of Treatment,1,2025-09-28
TF-201-127-025,127,1,Screening,Demographics,1,2025-10-05
TF-201-127-025,127,1,Screening,Inclusion/Exclusion,1,2025-10-12
TF-201-127-025,127,1,Screening,Medical History,1,2025-10-09
TF-201-127-025,127,1,Screening,Informed Consent,1,2025-10-11
TF-201-127-025,127,1,Screening,Laboratory,1,2025-10-07
TF-201-127-025,127,2,Baseline,Vital Signs,1,2025-11-02
TF-201-127-025,127,2,Baseline,PASI Score,1,2025-11-01
TF-201-127-025,127,2,Baseline,Laboratory,1,2025-10-25
TF-201-127-025,127,2,Baseline,Randomisation,1,2025-10-24
TF-201-127-025,127,3,Week 4,Vital Signs,1,2025-11-25
TF-201-127-025,127,3,Week 4,PASI Score,1,2025-11-29
TF-201-127-025,127,3,Week 4,Adverse Events,1,2025-11-23
TF-201-127-025,127,4,Week 8,Vital Signs,1,2025-12-19
TF-201-127-025,127,4,Week 8,PASI Score,1,2025-12-23
TF-201-127-025,127,4,Week 8,Laboratory,1,2025-12-30
TF-201-127-025,127,4,Week 8,Adverse Events,1,2025-12-19
TF-201-127-025,127,5,Week 12,Vital Signs,1,2026-01-13
TF-201-127-025,127,5,Week 12,PASI Score,1,2026-01-20
TF-201-127-025,127,5,Week 12,Adverse Events,1,2026-01-12
TF-201-127-025,127,6,Week 16 EOT,Vital Signs,1,2026-02-26
TF-201-127-025,127,6,Week 16 EOT,PASI Score,1,2026-02-25
TF-201-127-025,127,6,Week 16 EOT,Laboratory,0,
TF-201-127-025,127,6,Week 16 EOT,Adverse Events,1,2026-02-18
TF-201-127-025,127,6,Week 16 EOT,End of Treatment,1,2026-02-23
TF-201-127-026,127,1,Screening,Demographics,1,2025-10-04
TF-201-127-026,127,1,Screening,Inclusion/Exclusion,1,2025-10-03
TF-201-127-026,127,1,Screening,Medical History,1,2025-09-29
TF-201-127-026,127,1,Screening,Informed Consent,0,
TF-201-127-026,127,1,Screening,Laboratory,1,2025-09-30
TF-201-127-026,127,2,Baseline,Vital Signs,1,2025-10-26
TF-201-127-026,127,2,Baseline,PASI Score,1,2025-10-24
TF-201-127-026,127,2,Baseline,Laboratory,1,2025-10-28
TF-201-127-026,127,2,Baseline,Randomisation,1,2025-10-30
TF-201-127-026,127,3,Week 4,Vital Signs,1,2025-11-20
TF-201-127-026,127,3,Week 4,PASI Score,1,2025-11-21
TF-201-127-026,127,3,Week 4,Adverse Events,1,2025-11-15
TF-201-127-026,127,4,Week 8,Vital Signs,1,2025-12-19
TF-201-127-026,127,4,Week 8,PASI Score,1,2025-12-30
TF-201-127-026,127,4,Week 8,Laboratory,1,2025-12-29
TF-201-127-026,127,4,Week 8,Adverse Events,1,2025-12-20
TF-201-127-026,127,6,Week 16 EOT,Vital Signs,1,2026-02-10
TF-201-127-026,127,6,Week 16 EOT,PASI Score,1,2026-02-15
TF-201-127-026,127,6,Week 16 EOT,Laboratory,1,2026-02-10
TF-201-127-026,127,6,Week 16 EOT,Adverse Events,1,2026-02-15
TF-201-127-026,127,6,Week 16 EOT,End of Treatment,1,2026-02-20
TF-201-128-001,128,1,Screening,Demographics,1,2026-02-11
TF-201-128-001,128,1,Screening,Inclusion/Exclusion,1,2026-02-10
TF-201-128-001,128,1,Screening,Medical History,1,2026-02-05
TF-201-128-001,128,1,Screening,Informed Consent,1,2026-02-04
TF-201-128-001,128,1,Screening,Laboratory,1,2026-02-09
TF-201-128-001,128,2,Baseline,Vital Signs,1,2026-03-04
TF-201-128-001,128,2,Baseline,PASI Score,1,2026-03-04
TF-201-128-001,128,2,Baseline,Laboratory,1,2026-03-12
TF-201-128-001,128,2,Baseline,Randomisation,1,2026-03-01
TF-201-128-001,128,4,Week 8,Vital Signs,1,2026-05-03
TF-201-128-001,128,4,Week 8,PASI Score,1,2026-04-26
TF-201-128-001,128,4,Week 8,Laboratory,1,2026-05-07
TF-201-128-001,128,4,Week 8,Adverse Events,1,2026-05-06
TF-201-128-001,128,5,Week 12,Vital Signs,1,2026-05-29
TF-201-128-001,128,5,Week 12,PASI Score,1,2026-06-05
TF-201-128-001,128,5,Week 12,Adverse Events,1,2026-05-27
TF-201-128-001,128,6,Week 16 EOT,Vital Signs,1,2026-07-03
TF-201-128-001,128,6,Week 16 EOT,PASI Score,1,2026-06-30
TF-201-128-001,128,6,Week 16 EOT,Laboratory,1,2026-07-08
TF-201-128-001,128,6,Week 16 EOT,Adverse Events,1,2026-07-02
TF-201-128-001,128,6,Week 16 EOT,End of Treatment,1,2026-07-02
TF-201-128-002,128,1,Screening,Demographics,1,2026-08-19
TF-201-128-002,128,1,Screening,Inclusion/Exclusion,1,2026-08-14
TF-201-128-002,128,1,Screening,Medical History,1,2026-08-15
TF-201-128-002,128,1,Screening,Informed Consent,1,2026-08-15
TF-201-128-002,128,1,Screening,Laboratory,1,2026-08-14
TF-201-128-002,128,2,Baseline,Vital Signs,1,2026-09-06
TF-201-128-002,128,2,Baseline,PASI Score,1,2026-09-03
TF-201-128-002,128,2,Baseline,Laboratory,1,2026-09-04
TF-201-128-002,128,2,Baseline,Randomisation,1,2026-09-14
TF-201-128-003,128,1,Screening,Demographics,1,2026-08-02
TF-201-128-003,128,1,Screening,Inclusion/Exclusion,1,2026-08-12
TF-201-128-003,128,1,Screening,Medical History,1,2026-08-07
TF-201-128-003,128,1,Screening,Informed Consent,1,2026-08-03
TF-201-128-003,128,1,Screening,Laboratory,1,2026-08-05
TF-201-128-003,128,2,Baseline,Vital Signs,1,2026-08-19
TF-201-128-003,128,2,Baseline,PASI Score,1,2026-08-22
TF-201-128-003,128,2,Baseline,Laboratory,1,2026-08-22
TF-201-128-003,128,2,Baseline,Randomisation,1,2026-08-19
TF-201-128-004,128,1,Screening,Demographics,1,2026-07-09
TF-201-128-004,128,1,Screening,Inclusion/Exclusion,1,2026-07-11
TF-201-128-004,128,1,Screening,Medical History,1,2026-07-13
TF-201-128-004,128,1,Screening,Informed Consent,1,2026-07-18
TF-201-128-004,128,1,Screening,Laboratory,1,2026-07-14
TF-201-128-004,128,2,Baseline,Vital Signs,0,
TF-201-128-004,128,2,Baseline,PASI Score,0,
TF-201-128-004,128,2,Baseline,Laboratory,1,2026-08-23
TF-201-128-004,128,2,Baseline,Randomisation,1,2026-08-23
TF-201-128-005,128,1,Screening,Demographics,1,2026-04-19
TF-201-128-005,128,1,Screening,Inclusion/Exclusion,1,2026-04-20
TF-201-128-005,128,1,Screening,Medical History,1,2026-04-28
TF-201-128-005,128,1,Screening,Informed Consent,1,2026-04-26
TF-201-128-005,128,1,Screening,Laboratory,1,2026-04-22
TF-201-128-005,128,2,Baseline,Vital Signs,1,2026-05-23
TF-201-128-005,128,2,Baseline,PASI Score,1,2026-05-16
TF-201-128-005,128,2,Baseline,Laboratory,1,2026-05-22
TF-201-128-005,128,2,Baseline,Randomisation,1,2026-05-24
TF-201-128-005,128,3,Week 4,Vital Signs,1,2026-06-15
TF-201-128-005,128,3,Week 4,PASI Score,1,2026-06-18
TF-201-128-005,128,3,Week 4,Adverse Events,1,2026-06-16
TF-201-128-005,128,4,Week 8,Vital Signs,1,2026-07-19
TF-201-128-005,128,4,Week 8,PASI Score,1,2026-07-21
TF-201-128-005,128,4,Week 8,Laboratory,1,2026-07-15
TF-201-128-005,128,4,Week 8,Adverse Events,1,2026-07-23
TF-201-128-005,128,5,Week 12,Vital Signs,1,2026-08-16
TF-201-128-005,128,5,Week 12,PASI Score,1,2026-08-10
TF-201-128-005,128,5,Week 12,Adverse Events,1,2026-08-07
TF-201-128-005,128,6,Week 16 EOT,Vital Signs,1,2026-09-16
TF-201-128-005,128,6,Week 16 EOT,PASI Score,1,2026-09-21
TF-201-128-005,128,6,Week 16 EOT,Laboratory,1,2026-09-13
TF-201-128-005,128,6,Week 16 EOT,Adverse Events,1,2026-09-19
TF-201-128-005,128,6,Week 16 EOT,End of Treatment,1,2026-09-12
TF-201-128-006,128,1,Screening,Demographics,1,2026-05-19
TF-201-128-006,128,1,Screening,Inclusion/Exclusion,1,2026-05-13
TF-201-128-006,128,1,Screening,Medical History,1,2026-05-19
TF-201-128-006,128,1,Screening,Informed Consent,1,2026-05-13
TF-201-128-006,128,1,Screening,Laboratory,1,2026-05-20
TF-201-128-006,128,2,Baseline,Vital Signs,1,2026-06-13
TF-201-128-006,128,2,Baseline,PASI Score,1,2026-06-03
TF-201-128-006,128,2,Baseline,Laboratory,1,2026-06-06
TF-201-128-006,128,2,Baseline,Randomisation,1,2026-06-07
TF-201-128-006,128,3,Week 4,Vital Signs,1,2026-07-11
TF-201-128-006,128,3,Week 4,PASI Score,1,2026-07-01
TF-201-128-006,128,3,Week 4,Adverse Events,1,2026-07-02
TF-201-128-006,128,4,Week 8,Vital Signs,1,2026-08-08
TF-201-128-006,128,4,Week 8,PASI Score,1,2026-08-05
TF-201-128-006,128,4,Week 8,Laboratory,1,2026-08-08
TF-201-128-006,128,4,Week 8,Adverse Events,1,2026-08-05
TF-201-128-006,128,5,Week 12,Vital Signs,1,2026-08-23
TF-201-128-006,128,5,Week 12,PASI Score,1,2026-09-02
TF-201-128-006,128,5,Week 12,Adverse Events,1,2026-08-25
TF-201-128-007,128,1,Screening,Demographics,1,2026-06-05
TF-201-128-007,128,1,Screening,Inclusion/Exclusion,1,2026-06-01
TF-201-128-007,128,1,Screening,Medical History,1,2026-06-03
TF-201-128-007,128,1,Screening,Informed Consent,1,2026-06-02
TF-201-128-007,128,1,Screening,Laboratory,1,2026-05-27
TF-201-128-008,128,1,Screening,Demographics,1,2026-05-17
TF-201-128-008,128,1,Screening,Inclusion/Exclusion,1,2026-05-13
TF-201-128-008,128,1,Screening,Medical History,1,2026-05-20
TF-201-128-008,128,1,Screening,Informed Consent,1,2026-05-20
TF-201-128-008,128,1,Screening,Laboratory,1,2026-05-16
TF-201-128-008,128,2,Baseline,Vital Signs,1,2026-06-06
TF-201-128-008,128,2,Baseline,PASI Score,1,2026-06-03
TF-201-128-008,128,2,Baseline,Laboratory,1,2026-05-30
TF-201-128-008,128,2,Baseline,Randomisation,1,2026-06-04
TF-201-128-008,128,3,Week 4,Vital Signs,1,2026-06-29
TF-201-128-008,128,3,Week 4,PASI Score,1,2026-06-24
TF-201-128-008,128,3,Week 4,Adverse Events,1,2026-07-04
TF-201-128-008,128,4,Week 8,Vital Signs,1,2026-08-03
TF-201-128-008,128,4,Week 8,PASI Score,1,2026-07-24
TF-201-128-008,128,4,Week 8,Laboratory,1,2026-07-23
TF-201-128-008,128,4,Week 8,Adverse Events,1,2026-07-24
TF-201-128-008,128,5,Week 12,Vital Signs,1,2026-08-24
TF-201-128-008,128,5,Week 12,PASI Score,1,2026-08-26
TF-201-128-008,128,5,Week 12,Adverse Events,1,2026-08-17
TF-201-128-009,128,1,Screening,Demographics,1,2026-08-09
TF-201-128-009,128,1,Screening,Inclusion/Exclusion,1,2026-08-13
TF-201-128-009,128,1,Screening,Medical History,1,2026-08-06
TF-201-128-009,128,1,Screening,Informed Consent,1,2026-08-02
TF-201-128-009,128,1,Screening,Laboratory,1,2026-08-05
TF-201-128-009,128,2,Baseline,Vital Signs,1,2026-09-13
TF-201-128-009,128,2,Baseline,PASI Score,1,2026-09-08
TF-201-128-009,128,2,Baseline,Laboratory,1,2026-09-14
TF-201-128-009,128,2,Baseline,Randomisation,1,2026-09-15
TF-201-128-010,128,1,Screening,Demographics,1,2026-05-21
TF-201-128-010,128,1,Screening,Inclusion/Exclusion,1,2026-05-28
TF-201-128-010,128,1,Screening,Medical History,1,2026-05-26
TF-201-128-010,128,1,Screening,Informed Consent,1,2026-05-23
TF-201-128-010,128,1,Screening,Laboratory,1,2026-05-28
TF-201-128-010,128,2,Baseline,Vital Signs,1,2026-07-01
TF-201-128-010,128,2,Baseline,PASI Score,1,2026-07-06
TF-201-128-010,128,2,Baseline,Laboratory,1,2026-07-06
TF-201-128-010,128,2,Baseline,Randomisation,1,2026-07-03
TF-201-128-010,128,3,Week 4,Vital Signs,1,2026-08-04
TF-201-128-010,128,3,Week 4,PASI Score,1,2026-08-04
TF-201-128-010,128,3,Week 4,Adverse Events,1,2026-07-26
TF-201-128-010,128,4,Week 8,Vital Signs,1,2026-08-24
TF-201-128-010,128,4,Week 8,PASI Score,1,2026-08-31
TF-201-128-010,128,4,Week 8,Laboratory,1,2026-08-30
TF-201-128-010,128,4,Week 8,Adverse Events,1,2026-09-01
TF-201-128-011,128,1,Screening,Demographics,1,2025-07-11
TF-201-128-011,128,1,Screening,Inclusion/Exclusion,1,2025-07-06
TF-201-128-011,128,1,Screening,Medical History,1,2025-07-06
TF-201-128-011,128,1,Screening,Informed Consent,1,2025-07-08
TF-201-128-011,128,1,Screening,Laboratory,1,2025-07-13
TF-201-128-011,128,2,Baseline,Vital Signs,1,2025-07-25
TF-201-128-011,128,2,Baseline,PASI Score,1,2025-08-01
TF-201-128-011,128,2,Baseline,Laboratory,1,2025-08-01
TF-201-128-011,128,2,Baseline,Randomisation,1,2025-07-28
TF-201-128-011,128,3,Week 4,Vital Signs,1,2025-08-21
TF-201-128-011,128,3,Week 4,PASI Score,1,2025-08-20
TF-201-128-011,128,3,Week 4,Adverse Events,1,2025-08-28
TF-201-128-011,128,4,Week 8,Vital Signs,1,2025-09-25
TF-201-128-011,128,4,Week 8,PASI Score,1,2025-09-23
TF-201-128-011,128,4,Week 8,Laboratory,1,2025-09-23
TF-201-128-011,128,4,Week 8,Adverse Events,1,2025-09-23
TF-201-128-011,128,5,Week 12,Vital Signs,1,2025-10-16
TF-201-128-011,128,5,Week 12,PASI Score,1,2025-10-17
TF-201-128-011,128,5,Week 12,Adverse Events,1,2025-10-11
TF-201-128-011,128,6,Week 16 EOT,Vital Signs,1,2025-11-09
TF-201-128-011,128,6,Week 16 EOT,PASI Score,1,2025-11-15
TF-201-128-011,128,6,Week 16 EOT,Laboratory,1,2025-11-15
TF-201-128-011,128,6,Week 16 EOT,Adverse Events,1,2025-11-14
TF-201-128-011,128,6,Week 16 EOT,End of Treatment,1,2025-11-11
TF-201-128-012,128,1,Screening,Demographics,1,2026-03-10
TF-201-128-012,128,1,Screening,Inclusion/Exclusion,1,2026-03-07
TF-201-128-012,128,1,Screening,Medical History,1,2026-03-14
TF-201-128-012,128,1,Screening,Informed Consent,1,2026-03-14
TF-201-128-012,128,1,Screening,Laboratory,1,2026-03-11
TF-201-128-012,128,2,Baseline,Vital Signs,1,2026-04-22
TF-201-128-012,128,2,Baseline,PASI Score,1,2026-04-24
TF-201-128-012,128,2,Baseline,Laboratory,1,2026-04-20
TF-201-128-012,128,2,Baseline,Randomisation,1,2026-04-26
TF-201-128-012,128,3,Week 4,Vital Signs,1,2026-05-24
TF-201-128-012,128,3,Week 4,PASI Score,1,2026-05-17
TF-201-128-012,128,3,Week 4,Adverse Events,1,2026-05-17
TF-201-128-012,128,4,Week 8,Vital Signs,1,2026-06-23
TF-201-128-012,128,4,Week 8,PASI Score,1,2026-06-15
TF-201-128-012,128,4,Week 8,Laboratory,1,2026-06-14
TF-201-128-012,128,4,Week 8,Adverse Events,1,2026-06-19
TF-201-128-012,128,5,Week 12,Vital Signs,1,2026-07-13
TF-201-128-012,128,5,Week 12,PASI Score,1,2026-07-06
TF-201-128-012,128,5,Week 12,Adverse Events,1,2026-07-11
TF-201-128-012,128,6,Week 16 EOT,Vital Signs,1,2026-08-13
TF-201-128-012,128,6,Week 16 EOT,PASI Score,1,2026-08-19
TF-201-128-012,128,6,Week 16 EOT,Laboratory,1,2026-08-10
TF-201-128-012,128,6,Week 16 EOT,Adverse Events,1,2026-08-12
TF-201-128-012,128,6,Week 16 EOT,End of Treatment,1,2026-08-14
TF-201-128-013,128,1,Screening,Demographics,1,2026-08-06
TF-201-128-013,128,1,Screening,Inclusion/Exclusion,1,2026-08-11
TF-201-128-013,128,1,Screening,Medical History,1,2026-08-10
TF-201-128-013,128,1,Screening,Informed Consent,1,2026-08-10
TF-201-128-013,128,1,Screening,Laboratory,1,2026-08-07
TF-201-128-013,128,2,Baseline,Vital Signs,1,2026-09-05
TF-201-128-013,128,2,Baseline,PASI Score,1,2026-09-11
TF-201-128-013,128,2,Baseline,Laboratory,1,2026-09-13
TF-201-128-013,128,2,Baseline,Randomisation,1,2026-09-12
TF-201-128-014,128,1,Screening,Demographics,1,2026-02-07
TF-201-128-014,128,1,Screening,Inclusion/Exclusion,1,2026-02-09
TF-201-128-014,128,1,Screening,Medical History,1,2026-02-12
TF-201-128-014,128,1,Screening,Informed Consent,1,2026-02-15
TF-201-128-014,128,1,Screening,Laboratory,1,2026-02-16
TF-201-128-014,128,2,Baseline,Vital Signs,1,2026-03-03
TF-201-128-014,128,2,Baseline,PASI Score,1,2026-02-25
TF-201-128-014,128,2,Baseline,Laboratory,1,2026-03-05
TF-201-128-014,128,2,Baseline,Randomisation,1,2026-02-25
TF-201-128-014,128,4,Week 8,Vital Signs,1,2026-04-29
TF-201-128-014,128,4,Week 8,PASI Score,1,2026-04-24
TF-201-128-014,128,4,Week 8,Laboratory,1,2026-05-03
TF-201-128-014,128,4,Week 8,Adverse Events,1,2026-04-25
TF-201-128-014,128,5,Week 12,Vital Signs,1,2026-05-24
TF-201-128-014,128,5,Week 12,PASI Score,1,2026-05-28
TF-201-128-014,128,5,Week 12,Adverse Events,1,2026-05-18
TF-201-128-015,128,1,Screening,Demographics,1,2026-02-15
TF-201-128-015,128,1,Screening,Inclusion/Exclusion,1,2026-02-13
TF-201-128-015,128,1,Screening,Medical History,1,2026-02-14
TF-201-128-015,128,1,Screening,Informed Consent,1,2026-02-12
TF-201-128-015,128,1,Screening,Laboratory,1,2026-02-10
TF-201-128-015,128,2,Baseline,Vital Signs,1,2026-02-23
TF-201-128-015,128,2,Baseline,PASI Score,1,2026-03-01
TF-201-128-015,128,2,Baseline,Laboratory,1,2026-02-27
TF-201-128-015,128,2,Baseline,Randomisation,1,2026-02-27
TF-201-128-015,128,3,Week 4,Vital Signs,1,2026-03-22
TF-201-128-015,128,3,Week 4,PASI Score,1,2026-03-30
TF-201-128-015,128,3,Week 4,Adverse Events,1,2026-03-23
TF-201-128-015,128,4,Week 8,Vital Signs,1,2026-04-24
TF-201-128-015,128,4,Week 8,PASI Score,1,2026-04-24
TF-201-128-015,128,4,Week 8,Laboratory,1,2026-04-23
TF-201-128-015,128,4,Week 8,Adverse Events,1,2026-04-26
TF-201-128-015,128,5,Week 12,Vital Signs,1,2026-05-26
TF-201-128-015,128,5,Week 12,PASI Score,1,2026-05-18
TF-201-128-015,128,5,Week 12,Adverse Events,1,2026-05-15
TF-201-128-015,128,6,Week 16 EOT,Vital Signs,1,2026-06-16
TF-201-128-015,128,6,Week 16 EOT,PASI Score,1,2026-06-25
TF-201-128-015,128,6,Week 16 EOT,Laboratory,1,2026-06-18
TF-201-128-015,128,6,Week 16 EOT,Adverse Events,1,2026-06-20
TF-201-128-015,128,6,Week 16 EOT,End of Treatment,1,2026-06-19
TF-201-128-016,128,1,Screening,Demographics,1,2025-11-25
TF-201-128-016,128,1,Screening,Inclusion/Exclusion,1,2025-11-28
TF-201-128-016,128,1,Screening,Medical History,1,2025-11-23
TF-201-128-016,128,1,Screening,Informed Consent,1,2025-11-29
TF-201-128-016,128,1,Screening,Laboratory,1,2025-11-23
TF-201-128-016,128,2,Baseline,Vital Signs,1,2025-12-31
TF-201-128-016,128,2,Baseline,PASI Score,1,2025-12-30
TF-201-128-016,128,2,Baseline,Laboratory,1,2025-12-30
TF-201-128-016,128,2,Baseline,Randomisation,1,2026-01-03
TF-201-128-016,128,3,Week 4,Vital Signs,1,2026-01-29
TF-201-128-016,128,3,Week 4,PASI Score,1,2026-01-31
TF-201-128-016,128,3,Week 4,Adverse Events,1,2026-01-26
TF-201-128-016,128,4,Week 8,Vital Signs,1,2026-02-15
TF-201-128-016,128,4,Week 8,PASI Score,1,2026-02-14
TF-201-128-016,128,4,Week 8,Laboratory,1,2026-02-24
TF-201-128-016,128,4,Week 8,Adverse Events,1,2026-02-19
TF-201-128-016,128,5,Week 12,Vital Signs,1,2026-03-16
TF-201-128-016,128,5,Week 12,PASI Score,1,2026-03-16
TF-201-128-016,128,5,Week 12,Adverse Events,1,2026-03-16
TF-201-128-016,128,6,Week 16 EOT,Vital Signs,1,2026-04-22
TF-201-128-016,128,6,Week 16 EOT,PASI Score,1,2026-04-23
TF-201-128-016,128,6,Week 16 EOT,Laboratory,1,2026-04-30
TF-201-128-016,128,6,Week 16 EOT,Adverse Events,1,2026-04-25
TF-201-128-016,128,6,Week 16 EOT,End of Treatment,1,2026-04-28
TF-201-129-001,129,1,Screening,Demographics,1,2025-09-25
TF-201-129-001,129,1,Screening,Inclusion/Exclusion,1,2025-09-28
TF-201-129-001,129,1,Screening,Medical History,1,2025-10-03
TF-201-129-001,129,1,Screening,Informed Consent,1,2025-10-01
TF-201-129-001,129,1,Screening,Laboratory,1,2025-10-04
TF-201-129-001,129,2,Baseline,Vital Signs,1,2025-10-25
TF-201-129-001,129,2,Baseline,PASI Score,1,2025-10-21
TF-201-129-001,129,2,Baseline,Laboratory,1,2025-10-21
TF-201-129-001,129,2,Baseline,Randomisation,1,2025-10-26
TF-201-129-001,129,3,Week 4,Vital Signs,1,2025-11-17
TF-201-129-001,129,3,Week 4,PASI Score,1,2025-11-19
TF-201-129-001,129,3,Week 4,Adverse Events,1,2025-11-14
TF-201-129-001,129,4,Week 8,Vital Signs,1,2025-12-22
TF-201-129-001,129,4,Week 8,PASI Score,1,2025-12-19
TF-201-129-001,129,4,Week 8,Laboratory,1,2025-12-16
TF-201-129-001,129,4,Week 8,Adverse Events,1,2025-12-16
TF-201-129-001,129,5,Week 12,Vital Signs,1,2026-01-13
TF-201-129-001,129,5,Week 12,PASI Score,1,2026-01-20
TF-201-129-001,129,5,Week 12,Adverse Events,1,2026-01-14
TF-201-129-001,129,6,Week 16 EOT,Vital Signs,1,2026-02-06
TF-201-129-001,129,6,Week 16 EOT,PASI Score,1,2026-02-13
TF-201-129-001,129,6,Week 16 EOT,Laboratory,1,2026-02-10
TF-201-129-001,129,6,Week 16 EOT,Adverse Events,1,2026-02-11
TF-201-129-001,129,6,Week 16 EOT,End of Treatment,1,2026-02-13
TF-201-129-002,129,1,Screening,Demographics,1,2025-09-11
TF-201-129-002,129,1,Screening,Inclusion/Exclusion,1,2025-09-15
TF-201-129-002,129,1,Screening,Medical History,1,2025-09-16
TF-201-129-002,129,1,Screening,Informed Consent,1,2025-09-12
TF-201-129-002,129,1,Screening,Laboratory,1,2025-09-15
TF-201-129-002,129,2,Baseline,Vital Signs,0,
TF-201-129-002,129,2,Baseline,PASI Score,0,
TF-201-129-002,129,2,Baseline,Laboratory,1,2025-10-15
TF-201-129-002,129,2,Baseline,Randomisation,1,2025-10-26
TF-201-129-002,129,3,Week 4,Vital Signs,1,2025-11-19
TF-201-129-002,129,3,Week 4,PASI Score,1,2025-11-14
TF-201-129-002,129,3,Week 4,Adverse Events,1,2025-11-20
TF-201-129-002,129,4,Week 8,Vital Signs,1,2025-12-16
TF-201-129-002,129,4,Week 8,PASI Score,1,2025-12-13
TF-201-129-002,129,4,Week 8,Laboratory,1,2025-12-14
TF-201-129-002,129,4,Week 8,Adverse Events,1,2025-12-12
TF-201-129-002,129,5,Week 12,Vital Signs,1,2026-01-22
TF-201-129-002,129,5,Week 12,PASI Score,1,2026-01-19
TF-201-129-002,129,5,Week 12,Adverse Events,1,2026-01-15
TF-201-129-002,129,6,Week 16 EOT,Vital Signs,1,2026-02-11
TF-201-129-002,129,6,Week 16 EOT,PASI Score,1,2026-02-20
TF-201-129-002,129,6,Week 16 EOT,Laboratory,1,2026-02-12
TF-201-129-002,129,6,Week 16 EOT,Adverse Events,1,2026-02-18
TF-201-129-002,129,6,Week 16 EOT,End of Treatment,1,2026-02-20
TF-201-129-003,129,1,Screening,Demographics,1,2025-12-27
TF-201-129-003,129,1,Screening,Inclusion/Exclusion,1,2025-12-21
TF-201-129-003,129,1,Screening,Medical History,1,2025-12-23
TF-201-129-003,129,1,Screening,Informed Consent,1,2025-12-24
TF-201-129-003,129,1,Screening,Laboratory,1,2025-12-29
TF-201-129-003,129,2,Baseline,Vital Signs,1,2026-01-08
TF-201-129-003,129,2,Baseline,PASI Score,1,2026-01-17
TF-201-129-003,129,2,Baseline,Laboratory,1,2026-01-16
TF-201-129-003,129,2,Baseline,Randomisation,1,2026-01-17
TF-201-129-003,129,3,Week 4,Vital Signs,1,2026-02-14
TF-201-129-003,129,3,Week 4,PASI Score,1,2026-02-13
TF-201-129-003,129,3,Week 4,Adverse Events,1,2026-02-06
TF-201-129-003,129,4,Week 8,Vital Signs,1,2026-03-11
TF-201-129-003,129,4,Week 8,PASI Score,1,2026-03-07
TF-201-129-003,129,4,Week 8,Laboratory,1,2026-03-11
TF-201-129-003,129,4,Week 8,Adverse Events,1,2026-03-12
TF-201-129-003,129,5,Week 12,Vital Signs,1,2026-04-14
TF-201-129-003,129,5,Week 12,PASI Score,1,2026-04-12
TF-201-129-003,129,5,Week 12,Adverse Events,1,2026-04-16
TF-201-129-003,129,6,Week 16 EOT,Vital Signs,1,2026-05-01
TF-201-129-003,129,6,Week 16 EOT,PASI Score,1,2026-04-27
TF-201-129-003,129,6,Week 16 EOT,Laboratory,1,2026-04-29
TF-201-129-003,129,6,Week 16 EOT,Adverse Events,1,2026-05-07
TF-201-129-003,129,6,Week 16 EOT,End of Treatment,1,2026-04-30
TF-201-129-004,129,1,Screening,Demographics,1,2026-01-15
TF-201-129-004,129,1,Screening,Inclusion/Exclusion,1,2026-01-19
TF-201-129-004,129,1,Screening,Medical History,1,2026-01-17
TF-201-129-004,129,1,Screening,Informed Consent,1,2026-01-20
TF-201-129-004,129,1,Screening,Laboratory,1,2026-01-15
TF-201-129-004,129,2,Baseline,Vital Signs,1,2026-02-12
TF-201-129-004,129,2,Baseline,PASI Score,1,2026-02-02
TF-201-129-004,129,2,Baseline,Laboratory,1,2026-02-12
TF-201-129-004,129,2,Baseline,Randomisation,1,2026-02-06
TF-201-129-004,129,3,Week 4,Vital Signs,1,2026-03-04
TF-201-129-004,129,3,Week 4,PASI Score,0,
TF-201-129-004,129,3,Week 4,Adverse Events,1,2026-03-04
TF-201-129-004,129,4,Week 8,Vital Signs,1,2026-04-04
TF-201-129-004,129,4,Week 8,PASI Score,1,2026-04-03
TF-201-129-004,129,4,Week 8,Laboratory,1,2026-03-30
TF-201-129-004,129,4,Week 8,Adverse Events,1,2026-03-28
TF-201-129-004,129,5,Week 12,Vital Signs,1,2026-05-10
TF-201-129-004,129,5,Week 12,PASI Score,1,2026-05-01
TF-201-129-004,129,5,Week 12,Adverse Events,1,2026-05-09
TF-201-129-004,129,6,Week 16 EOT,Vital Signs,1,2026-05-30
TF-201-129-004,129,6,Week 16 EOT,PASI Score,1,2026-06-05
TF-201-129-004,129,6,Week 16 EOT,Laboratory,1,2026-05-30
TF-201-129-004,129,6,Week 16 EOT,Adverse Events,1,2026-06-01
TF-201-129-004,129,6,Week 16 EOT,End of Treatment,1,2026-05-29
TF-201-129-005,129,1,Screening,Demographics,1,2025-06-14
TF-201-129-005,129,1,Screening,Inclusion/Exclusion,1,2025-06-24
TF-201-129-005,129,1,Screening,Medical History,1,2025-06-19
TF-201-129-005,129,1,Screening,Informed Consent,1,2025-06-16
TF-201-129-005,129,1,Screening,Laboratory,1,2025-06-19
TF-201-129-005,129,2,Baseline,Vital Signs,1,2025-07-29
TF-201-129-005,129,2,Baseline,PASI Score,1,2025-07-23
TF-201-129-005,129,2,Baseline,Laboratory,1,2025-07-25
TF-201-129-005,129,2,Baseline,Randomisation,1,2025-07-28
TF-201-129-005,129,3,Week 4,Vital Signs,1,2025-08-21
TF-201-129-005,129,3,Week 4,PASI Score,0,
TF-201-129-005,129,3,Week 4,Adverse Events,1,2025-08-25
TF-201-129-005,129,4,Week 8,Vital Signs,1,2025-09-22
TF-201-129-005,129,4,Week 8,PASI Score,1,2025-09-16
TF-201-129-005,129,4,Week 8,Laboratory,1,2025-09-22
TF-201-129-005,129,4,Week 8,Adverse Events,1,2025-09-19
TF-201-129-005,129,5,Week 12,Vital Signs,1,2025-10-11
TF-201-129-005,129,5,Week 12,PASI Score,1,2025-10-07
TF-201-129-005,129,5,Week 12,Adverse Events,1,2025-10-11
TF-201-129-005,129,6,Week 16 EOT,Vital Signs,1,2025-11-24
TF-201-129-005,129,6,Week 16 EOT,PASI Score,1,2025-11-14
TF-201-129-005,129,6,Week 16 EOT,Laboratory,1,2025-11-22
TF-201-129-005,129,6,Week 16 EOT,Adverse Events,1,2025-11-24
TF-201-129-005,129,6,Week 16 EOT,End of Treatment,1,2025-11-23
TF-201-129-006,129,1,Screening,Demographics,1,2026-02-01
TF-201-129-006,129,1,Screening,Inclusion/Exclusion,1,2026-02-02
TF-201-129-006,129,1,Screening,Medical History,1,2026-02-08
TF-201-129-006,129,1,Screening,Informed Consent,1,2026-02-07
TF-201-129-006,129,1,Screening,Laboratory,1,2026-02-06
TF-201-129-006,129,2,Baseline,Vital Signs,1,2026-02-21
TF-201-129-006,129,2,Baseline,PASI Score,1,2026-03-03
TF-201-129-006,129,2,Baseline,Laboratory,1,2026-02-27
TF-201-129-006,129,2,Baseline,Randomisation,1,2026-02-26
TF-201-129-006,129,3,Week 4,Vital Signs,1,2026-03-20
TF-201-129-006,129,3,Week 4,PASI Score,1,2026-03-27
TF-201-129-006,129,3,Week 4,Adverse Events,1,2026-03-30
TF-201-129-006,129,4,Week 8,Vital Signs,1,2026-04-19
TF-201-129-006,129,4,Week 8,PASI Score,1,2026-04-21
TF-201-129-006,129,4,Week 8,Laboratory,1,2026-04-23
TF-201-129-006,129,4,Week 8,Adverse Events,1,2026-04-30
TF-201-129-006,129,5,Week 12,Vital Signs,1,2026-05-23
TF-201-129-006,129,5,Week 12,PASI Score,1,2026-05-26
TF-201-129-006,129,5,Week 12,Adverse Events,1,2026-05-26
TF-201-129-006,129,6,Week 16 EOT,Vital Signs,1,2026-06-22
TF-201-129-006,129,6,Week 16 EOT,PASI Score,1,2026-06-18
TF-201-129-006,129,6,Week 16 EOT,Laboratory,1,2026-06-22
TF-201-129-006,129,6,Week 16 EOT,Adverse Events,1,2026-06-15
TF-201-129-006,129,6,Week 16 EOT,End of Treatment,1,2026-06-21
TF-201-129-007,129,1,Screening,Demographics,1,2026-03-02
TF-201-129-007,129,1,Screening,Inclusion/Exclusion,1,2026-02-22
TF-201-129-007,129,1,Screening,Medical History,1,2026-02-24
TF-201-129-007,129,1,Screening,Informed Consent,1,2026-02-21
TF-201-129-007,129,1,Screening,Laboratory,1,2026-02-21
TF-201-129-007,129,2,Baseline,Vital Signs,1,2026-03-25
TF-201-129-007,129,2,Baseline,PASI Score,1,2026-04-02
TF-201-129-007,129,2,Baseline,Laboratory,1,2026-03-23
TF-201-129-007,129,2,Baseline,Randomisation,1,2026-03-26
TF-201-129-007,129,3,Week 4,Vital Signs,1,2026-04-29
TF-201-129-007,129,3,Week 4,PASI Score,0,
TF-201-129-007,129,3,Week 4,Adverse Events,1,2026-04-30
TF-201-129-007,129,4,Week 8,Vital Signs,1,2026-05-23
TF-201-129-007,129,4,Week 8,PASI Score,1,2026-05-20
TF-201-129-007,129,4,Week 8,Laboratory,1,2026-05-20
TF-201-129-007,129,4,Week 8,Adverse Events,1,2026-05-29
TF-201-129-007,129,5,Week 12,Vital Signs,1,2026-06-22
TF-201-129-007,129,5,Week 12,PASI Score,1,2026-06-18
TF-201-129-007,129,5,Week 12,Adverse Events,1,2026-06-14
TF-201-129-007,129,6,Week 16 EOT,Vital Signs,1,2026-07-21
TF-201-129-007,129,6,Week 16 EOT,PASI Score,1,2026-07-20
TF-201-129-007,129,6,Week 16 EOT,Laboratory,1,2026-07-16
TF-201-129-007,129,6,Week 16 EOT,Adverse Events,1,2026-07-22
TF-201-129-007,129,6,Week 16 EOT,End of Treatment,1,2026-07-15
TF-201-129-008,129,1,Screening,Demographics,1,2026-07-20
TF-201-129-008,129,1,Screening,Inclusion/Exclusion,1,2026-07-27
TF-201-129-008,129,1,Screening,Medical History,1,2026-07-28
TF-201-129-008,129,1,Screening,Informed Consent,1,2026-07-19
TF-201-129-008,129,1,Screening,Laboratory,1,2026-07-24
TF-201-129-008,129,2,Baseline,Vital Signs,1,2026-08-15
TF-201-129-008,129,2,Baseline,PASI Score,1,2026-08-19
TF-201-129-008,129,2,Baseline,Laboratory,1,2026-08-20
TF-201-129-008,129,2,Baseline,Randomisation,1,2026-08-16
TF-201-129-009,129,1,Screening,Demographics,1,2025-05-19
TF-201-129-009,129,1,Screening,Inclusion/Exclusion,1,2025-05-14
TF-201-129-009,129,1,Screening,Medical History,1,2025-05-16
TF-201-129-009,129,1,Screening,Informed Consent,1,2025-05-14
TF-201-129-009,129,1,Screening,Laboratory,1,2025-05-14
TF-201-129-009,129,2,Baseline,Vital Signs,1,2025-06-04
TF-201-129-009,129,2,Baseline,PASI Score,1,2025-06-13
TF-201-129-009,129,2,Baseline,Laboratory,1,2025-06-07
TF-201-129-009,129,2,Baseline,Randomisation,1,2025-06-14
TF-201-129-009,129,3,Week 4,Vital Signs,1,2025-07-01
TF-201-129-009,129,3,Week 4,PASI Score,1,2025-07-05
TF-201-129-009,129,3,Week 4,Adverse Events,1,2025-07-02
TF-201-129-009,129,4,Week 8,Vital Signs,1,2025-08-02
TF-201-129-009,129,4,Week 8,PASI Score,1,2025-08-01
TF-201-129-009,129,4,Week 8,Laboratory,1,2025-08-03
TF-201-129-009,129,4,Week 8,Adverse Events,1,2025-07-28
TF-201-129-009,129,5,Week 12,Vital Signs,1,2025-09-03
TF-201-129-009,129,5,Week 12,PASI Score,1,2025-08-29
TF-201-129-009,129,5,Week 12,Adverse Events,1,2025-08-30
TF-201-129-009,129,6,Week 16 EOT,Vital Signs,0,
TF-201-129-009,129,6,Week 16 EOT,PASI Score,1,2025-09-16
TF-201-129-009,129,6,Week 16 EOT,Laboratory,1,2025-09-16
TF-201-129-009,129,6,Week 16 EOT,Adverse Events,1,2025-09-23
TF-201-129-009,129,6,Week 16 EOT,End of Treatment,1,2025-09-23
TF-201-129-010,129,1,Screening,Demographics,1,2025-11-26
TF-201-129-010,129,1,Screening,Inclusion/Exclusion,1,2025-11-26
TF-201-129-010,129,1,Screening,Medical History,1,2025-11-17
TF-201-129-010,129,1,Screening,Informed Consent,1,2025-11-25
TF-201-129-010,129,1,Screening,Laboratory,1,2025-11-21
TF-201-129-010,129,2,Baseline,Vital Signs,1,2025-12-11
TF-201-129-010,129,2,Baseline,PASI Score,1,2025-12-18
TF-201-129-010,129,2,Baseline,Laboratory,1,2025-12-11
TF-201-129-010,129,2,Baseline,Randomisation,1,2025-12-17
TF-201-129-010,129,3,Week 4,Vital Signs,1,2026-01-10
TF-201-129-010,129,3,Week 4,PASI Score,1,2026-01-02
TF-201-129-010,129,3,Week 4,Adverse Events,1,2026-01-12
TF-201-129-010,129,4,Week 8,Vital Signs,1,2026-02-12
TF-201-129-010,129,4,Week 8,PASI Score,1,2026-02-14
TF-201-129-010,129,4,Week 8,Laboratory,1,2026-02-17
TF-201-129-010,129,4,Week 8,Adverse Events,1,2026-02-11
TF-201-129-010,129,5,Week 12,Vital Signs,1,2026-03-03
TF-201-129-010,129,5,Week 12,PASI Score,1,2026-03-07
TF-201-129-010,129,5,Week 12,Adverse Events,1,2026-03-04
TF-201-129-010,129,6,Week 16 EOT,Vital Signs,1,2026-04-05
TF-201-129-010,129,6,Week 16 EOT,PASI Score,1,2026-04-04
TF-201-129-010,129,6,Week 16 EOT,Laboratory,1,2026-04-08
TF-201-129-010,129,6,Week 16 EOT,Adverse Events,1,2026-04-01
TF-201-129-010,129,6,Week 16 EOT,End of Treatment,1,2026-04-05
TF-201-129-011,129,1,Screening,Demographics,1,2025-07-11
TF-201-129-011,129,1,Screening,Inclusion/Exclusion,0,
TF-201-129-011,129,1,Screening,Medical History,1,2025-07-10
TF-201-129-011,129,1,Screening,Informed Consent,1,2025-07-10
TF-201-129-011,129,1,Screening,Laboratory,1,2025-07-11
TF-201-129-011,129,2,Baseline,Vital Signs,1,2025-07-31
TF-201-129-011,129,2,Baseline,PASI Score,1,2025-08-11
TF-201-129-011,129,2,Baseline,Laboratory,1,2025-08-01
TF-201-129-011,129,2,Baseline,Randomisation,1,2025-08-11
TF-201-129-011,129,3,Week 4,Vital Signs,1,2025-09-07
TF-201-129-011,129,3,Week 4,PASI Score,1,2025-09-06
TF-201-129-011,129,3,Week 4,Adverse Events,1,2025-09-07
TF-201-129-011,129,4,Week 8,Vital Signs,1,2025-10-06
TF-201-129-011,129,4,Week 8,PASI Score,1,2025-10-05
TF-201-129-011,129,4,Week 8,Laboratory,1,2025-10-04
TF-201-129-011,129,4,Week 8,Adverse Events,1,2025-09-28
TF-201-129-011,129,5,Week 12,Vital Signs,1,2025-11-05
TF-201-129-011,129,5,Week 12,PASI Score,1,2025-11-05
TF-201-129-011,129,5,Week 12,Adverse Events,1,2025-10-27
TF-201-129-011,129,6,Week 16 EOT,Vital Signs,1,2025-11-23
TF-201-129-011,129,6,Week 16 EOT,PASI Score,1,2025-11-25
TF-201-129-011,129,6,Week 16 EOT,Laboratory,1,2025-11-22
TF-201-129-011,129,6,Week 16 EOT,Adverse Events,1,2025-12-02
TF-201-129-011,129,6,Week 16 EOT,End of Treatment,1,2025-11-22
TF-201-129-012,129,1,Screening,Demographics,1,2026-07-25
TF-201-129-012,129,1,Screening,Inclusion/Exclusion,1,2026-07-24
TF-201-129-012,129,1,Screening,Medical History,1,2026-07-27
TF-201-129-012,129,1,Screening,Informed Consent,1,2026-07-26
TF-201-129-012,129,1,Screening,Laboratory,1,2026-07-20
TF-201-129-012,129,2,Baseline,Vital Signs,1,2026-09-01
TF-201-129-012,129,2,Baseline,PASI Score,1,2026-08-31
TF-201-129-012,129,2,Baseline,Laboratory,1,2026-08-23
TF-201-129-012,129,2,Baseline,Randomisation,1,2026-08-30
TF-201-129-013,129,1,Screening,Demographics,1,2025-12-10
TF-201-129-013,129,1,Screening,Inclusion/Exclusion,1,2025-12-10
TF-201-129-013,129,1,Screening,Medical History,1,2025-12-17
TF-201-129-013,129,1,Screening,Informed Consent,1,2025-12-10
TF-201-129-013,129,1,Screening,Laboratory,1,2025-12-14
TF-201-129-013,129,2,Baseline,Vital Signs,1,2026-01-07
TF-201-129-013,129,2,Baseline,PASI Score,1,2026-01-11
TF-201-129-013,129,2,Baseline,Laboratory,1,2026-01-14
TF-201-129-013,129,2,Baseline,Randomisation,1,2026-01-10
TF-201-129-013,129,3,Week 4,Vital Signs,1,2026-02-11
TF-201-129-013,129,3,Week 4,PASI Score,1,2026-02-08
TF-201-129-013,129,3,Week 4,Adverse Events,1,2026-02-12
TF-201-129-013,129,4,Week 8,Vital Signs,1,2026-03-05
TF-201-129-013,129,4,Week 8,PASI Score,1,2026-03-11
TF-201-129-013,129,4,Week 8,Laboratory,1,2026-03-05
TF-201-129-013,129,4,Week 8,Adverse Events,1,2026-03-07
TF-201-129-013,129,5,Week 12,Vital Signs,1,2026-04-13
TF-201-129-013,129,5,Week 12,PASI Score,1,2026-04-11
TF-201-129-013,129,5,Week 12,Adverse Events,1,2026-04-13
TF-201-129-013,129,6,Week 16 EOT,Vital Signs,1,2026-04-30
TF-201-129-013,129,6,Week 16 EOT,PASI Score,1,2026-04-30
TF-201-129-013,129,6,Week 16 EOT,Laboratory,1,2026-05-02
TF-201-129-013,129,6,Week 16 EOT,Adverse Events,1,2026-05-06
TF-201-129-013,129,6,Week 16 EOT,End of Treatment,1,2026-05-02
TF-201-129-014,129,1,Screening,Demographics,1,2026-02-22
TF-201-129-014,129,1,Screening,Inclusion/Exclusion,1,2026-02-15
TF-201-129-014,129,1,Screening,Medical History,1,2026-02-16
TF-201-129-014,129,1,Screening,Informed Consent,1,2026-02-18
TF-201-129-014,129,1,Screening,Laboratory,1,2026-02-21
TF-201-129-014,129,2,Baseline,Vital Signs,1,2026-03-22
TF-201-129-014,129,2,Baseline,PASI Score,1,2026-03-21
TF-201-129-014,129,2,Baseline,Laboratory,1,2026-03-23
TF-201-129-014,129,2,Baseline,Randomisation,1,2026-03-23
TF-201-129-014,129,3,Week 4,Vital Signs,1,2026-04-25
TF-201-129-014,129,3,Week 4,PASI Score,1,2026-04-20
TF-201-129-014,129,3,Week 4,Adverse Events,1,2026-04-20
TF-201-129-014,129,4,Week 8,Vital Signs,1,2026-05-22
TF-201-129-014,129,4,Week 8,PASI Score,1,2026-05-17
TF-201-129-014,129,4,Week 8,Laboratory,1,2026-05-17
TF-201-129-014,129,4,Week 8,Adverse Events,1,2026-05-19
TF-201-129-014,129,5,Week 12,Vital Signs,1,2026-06-15
TF-201-129-014,129,5,Week 12,PASI Score,1,2026-06-19
TF-201-129-014,129,5,Week 12,Adverse Events,1,2026-06-18
TF-201-129-014,129,6,Week 16 EOT,Vital Signs,1,2026-08-02
TF-201-129-014,129,6,Week 16 EOT,PASI Score,1,2026-07-25
TF-201-129-014,129,6,Week 16 EOT,Laboratory,1,2026-07-27
TF-201-129-014,129,6,Week 16 EOT,Adverse Events,1,2026-07-27
TF-201-129-014,129,6,Week 16 EOT,End of Treatment,1,2026-07-28
TF-201-129-015,129,1,Screening,Demographics,1,2026-05-24
TF-201-129-015,129,1,Screening,Inclusion/Exclusion,1,2026-05-19
TF-201-129-015,129,1,Screening,Medical History,1,2026-05-25
TF-201-129-015,129,1,Screening,Informed Consent,1,2026-05-24
TF-201-129-015,129,1,Screening,Laboratory,1,2026-05-22
TF-201-129-015,129,2,Baseline,Vital Signs,0,
TF-201-129-015,129,2,Baseline,PASI Score,1,2026-07-05
TF-201-129-015,129,2,Baseline,Laboratory,1,2026-06-29
TF-201-129-015,129,2,Baseline,Randomisation,1,2026-07-03
TF-201-129-015,129,3,Week 4,Vital Signs,1,2026-07-23
TF-201-129-015,129,3,Week 4,PASI Score,1,2026-07-21
TF-201-129-015,129,3,Week 4,Adverse Events,1,2026-07-21
TF-201-129-015,129,4,Week 8,Vital Signs,1,2026-08-31
TF-201-129-015,129,4,Week 8,PASI Score,1,2026-08-28
TF-201-129-015,129,4,Week 8,Laboratory,1,2026-08-30
TF-201-129-015,129,4,Week 8,Adverse Events,1,2026-08-22
TF-201-129-016,129,1,Screening,Demographics,1,2025-08-23
TF-201-129-016,129,1,Screening,Inclusion/Exclusion,1,2025-08-27
TF-201-129-016,129,1,Screening,Medical History,1,2025-08-25
TF-201-129-016,129,1,Screening,Informed Consent,1,2025-08-21
TF-201-129-016,129,1,Screening,Laboratory,1,2025-08-26
TF-201-129-016,129,2,Baseline,Vital Signs,1,2025-09-14
TF-201-129-016,129,2,Baseline,PASI Score,1,2025-09-05
TF-201-129-016,129,2,Baseline,Laboratory,1,2025-09-14
TF-201-129-016,129,2,Baseline,Randomisation,1,2025-09-04
TF-201-129-016,129,3,Week 4,Vital Signs,1,2025-10-07
TF-201-129-016,129,3,Week 4,PASI Score,1,2025-10-13
TF-201-129-016,129,3,Week 4,Adverse Events,1,2025-10-08
TF-201-129-016,129,4,Week 8,Vital Signs,0,
TF-201-129-016,129,4,Week 8,PASI Score,1,2025-10-31
TF-201-129-016,129,4,Week 8,Laboratory,1,2025-11-04
TF-201-129-016,129,4,Week 8,Adverse Events,1,2025-11-07
TF-201-129-016,129,5,Week 12,Vital Signs,1,2025-11-23
TF-201-129-016,129,5,Week 12,PASI Score,1,2025-11-22
TF-201-129-016,129,5,Week 12,Adverse Events,1,2025-11-25
TF-201-129-016,129,6,Week 16 EOT,Vital Signs,1,2025-12-31
TF-201-129-016,129,6,Week 16 EOT,PASI Score,1,2026-01-03
TF-201-129-016,129,6,Week 16 EOT,Laboratory,1,2025-12-27
TF-201-129-016,129,6,Week 16 EOT,Adverse Events,1,2025-12-29
TF-201-129-016,129,6,Week 16 EOT,End of Treatment,1,2025-12-31
TF-201-129-017,129,1,Screening,Demographics,1,2026-07-05
TF-201-129-017,129,1,Screening,Inclusion/Exclusion,1,2026-07-07
TF-201-129-017,129,1,Screening,Medical History,1,2026-07-09
TF-201-129-017,129,1,Screening,Informed Consent,1,2026-07-03
TF-201-129-017,129,1,Screening,Laboratory,1,2026-07-07
TF-201-129-017,129,2,Baseline,Vital Signs,1,2026-08-02
TF-201-129-017,129,2,Baseline,PASI Score,1,2026-07-25
TF-201-129-017,129,2,Baseline,Laboratory,0,
TF-201-129-017,129,2,Baseline,Randomisation,1,2026-07-23
TF-201-129-017,129,3,Week 4,Vital Signs,1,2026-08-29
TF-201-129-017,129,3,Week 4,PASI Score,1,2026-08-23
TF-201-129-017,129,3,Week 4,Adverse Events,1,2026-08-22
TF-201-129-018,129,1,Screening,Demographics,1,2026-01-31
TF-201-129-018,129,1,Screening,Inclusion/Exclusion,1,2026-01-30
TF-201-129-018,129,1,Screening,Medical History,1,2026-01-30
TF-201-129-018,129,1,Screening,Informed Consent,1,2026-01-30
TF-201-129-018,129,1,Screening,Laboratory,1,2026-01-24
TF-201-129-018,129,2,Baseline,Vital Signs,1,2026-03-10
TF-201-129-018,129,2,Baseline,PASI Score,1,2026-03-06
TF-201-129-018,129,2,Baseline,Laboratory,1,2026-03-10
TF-201-129-018,129,2,Baseline,Randomisation,1,2026-03-11
TF-201-129-018,129,3,Week 4,Vital Signs,1,2026-04-11
TF-201-129-018,129,3,Week 4,PASI Score,1,2026-04-09
TF-201-129-018,129,3,Week 4,Adverse Events,1,2026-04-15
TF-201-129-018,129,4,Week 8,Vital Signs,1,2026-04-26
TF-201-129-018,129,4,Week 8,PASI Score,1,2026-04-26
TF-201-129-018,129,4,Week 8,Laboratory,1,2026-04-26
TF-201-129-018,129,4,Week 8,Adverse Events,1,2026-05-01
TF-201-129-018,129,5,Week 12,Vital Signs,1,2026-06-02
TF-201-129-018,129,5,Week 12,PASI Score,1,2026-05-30
TF-201-129-018,129,5,Week 12,Adverse Events,1,2026-05-28
TF-201-129-018,129,6,Week 16 EOT,Vital Signs,1,2026-06-23
TF-201-129-018,129,6,Week 16 EOT,PASI Score,1,2026-06-22
TF-201-129-018,129,6,Week 16 EOT,Laboratory,1,2026-06-26
TF-201-129-018,129,6,Week 16 EOT,Adverse Events,1,2026-06-20
TF-201-129-018,129,6,Week 16 EOT,End of Treatment,1,2026-06-18
TF-201-129-019,129,1,Screening,Demographics,1,2025-08-20
TF-201-129-019,129,1,Screening,Inclusion/Exclusion,1,2025-08-17
TF-201-129-019,129,1,Screening,Medical History,1,2025-08-15
TF-201-129-019,129,1,Screening,Informed Consent,1,2025-08-18
TF-201-129-019,129,1,Screening,Laboratory,1,2025-08-15
TF-201-129-019,129,2,Baseline,Vital Signs,1,2025-09-30
TF-201-129-019,129,2,Baseline,PASI Score,1,2025-09-26
TF-201-129-019,129,2,Baseline,Laboratory,1,2025-10-02
TF-201-129-019,129,2,Baseline,Randomisation,1,2025-09-26
TF-201-129-019,129,3,Week 4,Vital Signs,1,2025-10-30
TF-201-129-019,129,3,Week 4,PASI Score,1,2025-10-30
TF-201-129-019,129,3,Week 4,Adverse Events,1,2025-10-20
TF-201-129-019,129,4,Week 8,Vital Signs,1,2025-11-28
TF-201-129-019,129,4,Week 8,PASI Score,1,2025-11-23
TF-201-129-019,129,4,Week 8,Laboratory,1,2025-11-30
TF-201-129-019,129,4,Week 8,Adverse Events,1,2025-11-23
TF-201-129-019,129,5,Week 12,Vital Signs,1,2025-12-10
TF-201-129-019,129,5,Week 12,PASI Score,1,2025-12-10
TF-201-129-019,129,5,Week 12,Adverse Events,1,2025-12-17
TF-201-129-019,129,6,Week 16 EOT,Vital Signs,1,2026-02-02
TF-201-129-019,129,6,Week 16 EOT,PASI Score,1,2026-01-28
TF-201-129-019,129,6,Week 16 EOT,Laboratory,1,2026-01-30
TF-201-129-019,129,6,Week 16 EOT,Adverse Events,1,2026-02-04
TF-201-129-019,129,6,Week 16 EOT,End of Treatment,1,2026-01-27
TF-201-129-020,129,1,Screening,Demographics,1,2026-01-27
TF-201-129-020,129,1,Screening,Inclusion/Exclusion,1,2026-01-23
TF-201-129-020,129,1,Screening,Medical History,1,2026-01-27
TF-201-129-020,129,1,Screening,Informed Consent,1,2026-01-31
TF-201-129-020,129,1,Screening,Laboratory,1,2026-01-20
TF-201-129-020,129,2,Baseline,Vital Signs,1,2026-02-07
TF-201-129-020,129,2,Baseline,PASI Score,1,2026-02-13
TF-201-129-020,129,2,Baseline,Laboratory,1,2026-02-11
TF-201-129-020,129,2,Baseline,Randomisation,1,2026-02-11
TF-201-129-020,129,3,Week 4,Vital Signs,1,2026-03-05
TF-201-129-020,129,3,Week 4,PASI Score,1,2026-03-15
TF-201-129-020,129,3,Week 4,Adverse Events,0,
TF-201-129-020,129,4,Week 8,Vital Signs,1,2026-04-10
TF-201-129-020,129,4,Week 8,PASI Score,1,2026-04-05
TF-201-129-020,129,4,Week 8,Laboratory,1,2026-04-07
TF-201-129-020,129,4,Week 8,Adverse Events,1,2026-04-12
TF-201-129-020,129,5,Week 12,Vital Signs,1,2026-05-04
TF-201-129-020,129,5,Week 12,PASI Score,1,2026-05-09
TF-201-129-020,129,5,Week 12,Adverse Events,1,2026-05-05
TF-201-129-020,129,6,Week 16 EOT,Vital Signs,1,2026-06-04
TF-201-129-020,129,6,Week 16 EOT,PASI Score,1,2026-06-08
TF-201-129-020,129,6,Week 16 EOT,Laboratory,1,2026-06-06
TF-201-129-020,129,6,Week 16 EOT,Adverse Events,1,2026-06-04
TF-201-129-020,129,6,Week 16 EOT,End of Treatment,1,2026-06-06
TF-201-129-021,129,1,Screening,Demographics,1,2025-08-25
TF-201-129-021,129,1,Screening,Inclusion/Exclusion,1,2025-08-26
TF-201-129-021,129,1,Screening,Medical History,0,
TF-201-129-021,129,1,Screening,Informed Consent,1,2025-08-22
TF-201-129-021,129,1,Screening,Laboratory,1,2025-08-23
TF-201-129-021,129,2,Baseline,Vital Signs,1,2025-09-12
TF-201-129-021,129,2,Baseline,PASI Score,1,2025-09-14
TF-201-129-021,129,2,Baseline,Laboratory,1,2025-09-08
TF-201-129-021,129,2,Baseline,Randomisation,1,2025-09-13
TF-201-129-021,129,3,Week 4,Vital Signs,1,2025-10-03
TF-201-129-021,129,3,Week 4,PASI Score,1,2025-10-10
TF-201-129-021,129,3,Week 4,Adverse Events,1,2025-10-06
TF-201-129-021,129,4,Week 8,Vital Signs,1,2025-11-06
TF-201-129-021,129,4,Week 8,PASI Score,1,2025-11-05
TF-201-129-021,129,4,Week 8,Laboratory,1,2025-11-08
TF-201-129-021,129,4,Week 8,Adverse Events,1,2025-11-05
TF-201-129-021,129,5,Week 12,Vital Signs,1,2025-12-03
TF-201-129-021,129,5,Week 12,PASI Score,1,2025-12-02
TF-201-129-021,129,5,Week 12,Adverse Events,1,2025-11-25
TF-201-129-021,129,6,Week 16 EOT,Vital Signs,1,2025-12-31
TF-201-129-021,129,6,Week 16 EOT,PASI Score,1,2025-12-30
TF-201-129-021,129,6,Week 16 EOT,Laboratory,1,2025-12-31
TF-201-129-021,129,6,Week 16 EOT,Adverse Events,1,2025-12-22
TF-201-129-021,129,6,Week 16 EOT,End of Treatment,1,2025-12-22
TF-201-129-022,129,1,Screening,Demographics,1,2026-06-30
TF-201-129-022,129,1,Screening,Inclusion/Exclusion,1,2026-06-22
TF-201-129-022,129,1,Screening,Medical History,1,2026-06-30
TF-201-129-022,129,1,Screening,Informed Consent,1,2026-06-21
TF-201-129-022,129,1,Screening,Laboratory,1,2026-06-23
TF-201-129-022,129,2,Baseline,Vital Signs,1,2026-07-23
TF-201-129-022,129,2,Baseline,PASI Score,1,2026-07-21
TF-201-129-022,129,2,Baseline,Laboratory,1,2026-07-22
TF-201-129-022,129,2,Baseline,Randomisation,1,2026-07-25
TF-201-129-022,129,3,Week 4,Vital Signs,1,2026-08-12
TF-201-129-022,129,3,Week 4,PASI Score,1,2026-08-16
TF-201-129-022,129,3,Week 4,Adverse Events,1,2026-08-22
TF-201-129-023,129,1,Screening,Demographics,1,2026-03-25
TF-201-129-023,129,1,Screening,Inclusion/Exclusion,1,2026-03-30
TF-201-129-023,129,1,Screening,Medical History,1,2026-03-21
TF-201-129-023,129,1,Screening,Informed Consent,1,2026-03-24
TF-201-129-023,129,1,Screening,Laboratory,1,2026-03-28
TF-201-129-023,129,2,Baseline,Vital Signs,1,2026-04-20
TF-201-129-023,129,2,Baseline,PASI Score,1,2026-04-13
TF-201-129-023,129,2,Baseline,Laboratory,1,2026-04-19
TF-201-129-023,129,2,Baseline,Randomisation,1,2026-04-17
TF-201-129-023,129,3,Week 4,Vital Signs,1,2026-05-17
TF-201-129-023,129,3,Week 4,PASI Score,1,2026-05-14
TF-201-129-023,129,3,Week 4,Adverse Events,1,2026-05-24
TF-201-129-023,129,4,Week 8,Vital Signs,1,2026-06-10
TF-201-129-023,129,4,Week 8,PASI Score,1,2026-06-15
TF-201-129-023,129,4,Week 8,Laboratory,1,2026-06-13
TF-201-129-023,129,4,Week 8,Adverse Events,1,2026-06-13
TF-201-129-023,129,5,Week 12,Vital Signs,1,2026-07-04
TF-201-129-023,129,5,Week 12,PASI Score,1,2026-07-06
TF-201-129-023,129,5,Week 12,Adverse Events,1,2026-07-13
TF-201-129-023,129,6,Week 16 EOT,Vital Signs,1,2026-08-10
TF-201-129-023,129,6,Week 16 EOT,PASI Score,1,2026-08-04
TF-201-129-023,129,6,Week 16 EOT,Laboratory,1,2026-08-07
TF-201-129-023,129,6,Week 16 EOT,Adverse Events,1,2026-08-14
TF-201-129-023,129,6,Week 16 EOT,End of Treatment,1,2026-08-04
TF-201-129-024,129,1,Screening,Demographics,1,2026-05-25
TF-201-129-024,129,1,Screening,Inclusion/Exclusion,1,2026-05-24
TF-201-129-024,129,1,Screening,Medical History,1,2026-05-16
TF-201-129-024,129,1,Screening,Informed Consent,1,2026-05-25
TF-201-129-024,129,1,Screening,Laboratory,1,2026-05-20
TF-201-129-024,129,2,Baseline,Vital Signs,1,2026-07-01
TF-201-129-024,129,2,Baseline,PASI Score,1,2026-06-26
TF-201-129-024,129,2,Baseline,Laboratory,1,2026-06-25
TF-201-129-024,129,2,Baseline,Randomisation,1,2026-06-25
TF-201-129-024,129,3,Week 4,Vital Signs,1,2026-07-23
TF-201-129-024,129,3,Week 4,PASI Score,1,2026-07-29
TF-201-129-024,129,3,Week 4,Adverse Events,1,2026-07-27
TF-201-129-024,129,4,Week 8,Vital Signs,1,2026-08-25
TF-201-129-024,129,4,Week 8,PASI Score,1,2026-08-17
TF-201-129-024,129,4,Week 8,Laboratory,1,2026-08-25
TF-201-129-024,129,4,Week 8,Adverse Events,1,2026-08-20
TF-201-129-025,129,1,Screening,Demographics,1,2025-11-13
TF-201-129-025,129,1,Screening,Inclusion/Exclusion,1,2025-11-13
TF-201-129-025,129,1,Screening,Medical History,1,2025-11-19
TF-201-129-025,129,1,Screening,Informed Consent,1,2025-11-13
TF-201-129-025,129,1,Screening,Laboratory,0,
TF-201-129-025,129,2,Baseline,Vital Signs,1,2025-12-17
TF-201-129-025,129,2,Baseline,PASI Score,1,2025-12-17
TF-201-129-025,129,2,Baseline,Laboratory,1,2025-12-14
TF-201-129-025,129,2,Baseline,Randomisation,1,2025-12-11
TF-201-129-025,129,3,Week 4,Vital Signs,1,2026-01-12
TF-201-129-025,129,3,Week 4,PASI Score,1,2026-01-14
TF-201-129-025,129,3,Week 4,Adverse Events,1,2026-01-04
TF-201-129-025,129,5,Week 12,Vital Signs,1,2026-03-08
TF-201-129-025,129,5,Week 12,PASI Score,1,2026-03-04
TF-201-129-025,129,5,Week 12,Adverse Events,1,2026-02-27
TF-201-129-025,129,6,Week 16 EOT,Vital Signs,1,2026-04-10
TF-201-129-025,129,6,Week 16 EOT,PASI Score,1,2026-04-09
TF-201-129-025,129,6,Week 16 EOT,Laboratory,1,2026-04-01
TF-201-129-025,129,6,Week 16 EOT,Adverse Events,1,2026-04-02
TF-201-129-025,129,6,Week 16 EOT,End of Treatment,1,2026-04-03
TF-201-129-026,129,1,Screening,Demographics,1,2026-06-19
TF-201-129-026,129,1,Screening,Inclusion/Exclusion,1,2026-06-27
TF-201-129-026,129,1,Screening,Medical History,1,2026-06-19
TF-201-129-026,129,1,Screening,Informed Consent,1,2026-06-25
TF-201-129-026,129,1,Screening,Laboratory,1,2026-06-16
TF-201-129-026,129,2,Baseline,Vital Signs,1,2026-07-07
TF-201-129-026,129,2,Baseline,PASI Score,1,2026-07-07
TF-201-129-026,129,2,Baseline,Laboratory,1,2026-07-12
TF-201-129-026,129,2,Baseline,Randomisation,1,2026-07-11
TF-201-129-026,129,3,Week 4,Vital Signs,1,2026-08-15
TF-201-129-026,129,3,Week 4,PASI Score,1,2026-08-17
TF-201-129-026,129,3,Week 4,Adverse Events,1,2026-08-11
TF-201-129-026,129,4,Week 8,Vital Signs,1,2026-09-07
TF-201-129-026,129,4,Week 8,PASI Score,1,2026-08-31
TF-201-129-026,129,4,Week 8,Laboratory,1,2026-09-09
TF-201-129-026,129,4,Week 8,Adverse Events,1,2026-09-05
TF-201-130-001,130,1,Screening,Demographics,1,2026-06-03
TF-201-130-001,130,1,Screening,Inclusion/Exclusion,1,2026-05-25
TF-201-130-001,130,1,Screening,Medical History,1,2026-05-26
TF-201-130-001,130,1,Screening,Informed Consent,1,2026-06-02
TF-201-130-001,130,1,Screening,Laboratory,1,2026-06-03
TF-201-130-001,130,2,Baseline,Vital Signs,1,2026-07-01
TF-201-130-001,130,2,Baseline,PASI Score,1,2026-07-09
TF-201-130-001,130,2,Baseline,Laboratory,1,2026-07-09
TF-201-130-001,130,2,Baseline,Randomisation,1,2026-07-07
TF-201-130-001,130,3,Week 4,Vital Signs,1,2026-07-28
TF-201-130-001,130,3,Week 4,PASI Score,1,2026-08-04
TF-201-130-001,130,3,Week 4,Adverse Events,1,2026-07-27
TF-201-130-001,130,4,Week 8,Vital Signs,1,2026-08-30
TF-201-130-001,130,4,Week 8,PASI Score,1,2026-08-22
TF-201-130-001,130,4,Week 8,Laboratory,1,2026-08-27
TF-201-130-001,130,4,Week 8,Adverse Events,1,2026-08-28
TF-201-130-002,130,1,Screening,Demographics,1,2026-03-14
TF-201-130-002,130,1,Screening,Inclusion/Exclusion,1,2026-03-19
TF-201-130-002,130,1,Screening,Medical History,1,2026-03-20
TF-201-130-002,130,1,Screening,Informed Consent,1,2026-03-17
TF-201-130-002,130,1,Screening,Laboratory,1,2026-03-13
TF-201-130-002,130,2,Baseline,Vital Signs,1,2026-04-05
TF-201-130-002,130,2,Baseline,PASI Score,1,2026-04-07
TF-201-130-002,130,2,Baseline,Laboratory,1,2026-03-29
TF-201-130-002,130,2,Baseline,Randomisation,1,2026-04-05
TF-201-130-002,130,3,Week 4,Vital Signs,1,2026-04-25
TF-201-130-002,130,3,Week 4,PASI Score,1,2026-05-04
TF-201-130-002,130,3,Week 4,Adverse Events,1,2026-04-27
TF-201-130-002,130,4,Week 8,Vital Signs,1,2026-06-02
TF-201-130-002,130,4,Week 8,PASI Score,1,2026-05-29
TF-201-130-002,130,4,Week 8,Laboratory,1,2026-06-02
TF-201-130-002,130,4,Week 8,Adverse Events,1,2026-06-05
TF-201-130-002,130,5,Week 12,Vital Signs,1,2026-07-01
TF-201-130-002,130,5,Week 12,PASI Score,1,2026-07-05
TF-201-130-002,130,5,Week 12,Adverse Events,1,2026-06-24
TF-201-130-002,130,6,Week 16 EOT,Vital Signs,1,2026-07-26
TF-201-130-002,130,6,Week 16 EOT,PASI Score,1,2026-07-23
TF-201-130-002,130,6,Week 16 EOT,Laboratory,1,2026-08-01
TF-201-130-002,130,6,Week 16 EOT,Adverse Events,1,2026-07-22
TF-201-130-002,130,6,Week 16 EOT,End of Treatment,1,2026-07-24
TF-201-130-003,130,1,Screening,Demographics,1,2026-01-13
TF-201-130-003,130,1,Screening,Inclusion/Exclusion,1,2026-01-10
TF-201-130-003,130,1,Screening,Medical History,1,2026-01-15
TF-201-130-003,130,1,Screening,Informed Consent,1,2026-01-11
TF-201-130-003,130,1,Screening,Laboratory,1,2026-01-07
TF-201-130-003,130,2,Baseline,Vital Signs,1,2026-02-12
TF-201-130-003,130,2,Baseline,PASI Score,1,2026-02-05
TF-201-130-003,130,2,Baseline,Laboratory,1,2026-02-08
TF-201-130-003,130,2,Baseline,Randomisation,1,2026-02-03
TF-201-130-003,130,3,Week 4,Vital Signs,1,2026-03-15
TF-201-130-003,130,3,Week 4,PASI Score,1,2026-03-10
TF-201-130-003,130,3,Week 4,Adverse Events,1,2026-03-07
TF-201-130-003,130,4,Week 8,Vital Signs,1,2026-04-09
TF-201-130-003,130,4,Week 8,PASI Score,1,2026-03-31
TF-201-130-003,130,4,Week 8,Laboratory,1,2026-04-10
TF-201-130-003,130,4,Week 8,Adverse Events,1,2026-04-03
TF-201-130-003,130,5,Week 12,Vital Signs,1,2026-05-11
TF-201-130-003,130,5,Week 12,PASI Score,1,2026-05-09
TF-201-130-003,130,5,Week 12,Adverse Events,1,2026-05-02
TF-201-130-003,130,6,Week 16 EOT,Vital Signs,1,2026-06-12
TF-201-130-003,130,6,Week 16 EOT,PASI Score,1,2026-06-12
TF-201-130-003,130,6,Week 16 EOT,Laboratory,1,2026-06-04
TF-201-130-003,130,6,Week 16 EOT,Adverse Events,1,2026-06-01
TF-201-130-003,130,6,Week 16 EOT,End of Treatment,1,2026-06-10
TF-201-130-004,130,1,Screening,Demographics,1,2026-05-24
TF-201-130-004,130,1,Screening,Inclusion/Exclusion,1,2026-05-30
TF-201-130-004,130,1,Screening,Medical History,1,2026-05-30
TF-201-130-004,130,1,Screening,Informed Consent,1,2026-05-27
TF-201-130-004,130,1,Screening,Laboratory,1,2026-05-30
TF-201-130-004,130,2,Baseline,Vital Signs,1,2026-06-28
TF-201-130-004,130,2,Baseline,PASI Score,1,2026-07-03
TF-201-130-004,130,2,Baseline,Laboratory,1,2026-07-06
TF-201-130-004,130,2,Baseline,Randomisation,1,2026-07-07
TF-201-130-004,130,3,Week 4,Vital Signs,1,2026-08-02
TF-201-130-004,130,3,Week 4,PASI Score,1,2026-08-05
TF-201-130-004,130,3,Week 4,Adverse Events,1,2026-08-01
TF-201-130-004,130,4,Week 8,Vital Signs,1,2026-08-30
TF-201-130-004,130,4,Week 8,PASI Score,1,2026-08-24
TF-201-130-004,130,4,Week 8,Laboratory,1,2026-08-23
TF-201-130-004,130,4,Week 8,Adverse Events,1,2026-08-26
TF-201-130-005,130,1,Screening,Demographics,1,2025-09-17
TF-201-130-005,130,1,Screening,Inclusion/Exclusion,1,2025-09-23
TF-201-130-005,130,1,Screening,Medical History,1,2025-09-17
TF-201-130-005,130,1,Screening,Informed Consent,1,2025-09-25
TF-201-130-005,130,1,Screening,Laboratory,1,2025-09-17
TF-201-130-005,130,2,Baseline,Vital Signs,1,2025-10-28
TF-201-130-005,130,2,Baseline,PASI Score,1,2025-10-28
TF-201-130-005,130,2,Baseline,Laboratory,1,2025-10-30
TF-201-130-005,130,2,Baseline,Randomisation,1,2025-10-29
TF-201-130-005,130,3,Week 4,Vital Signs,1,2025-11-27
TF-201-130-005,130,3,Week 4,PASI Score,1,2025-11-24
TF-201-130-005,130,3,Week 4,Adverse Events,1,2025-11-24
TF-201-130-005,130,4,Week 8,Vital Signs,1,2025-12-21
TF-201-130-005,130,4,Week 8,PASI Score,1,2025-12-23
TF-201-130-005,130,4,Week 8,Laboratory,1,2025-12-27
TF-201-130-005,130,4,Week 8,Adverse Events,1,2025-12-24
TF-201-130-005,130,5,Week 12,Vital Signs,1,2026-01-24
TF-201-130-005,130,5,Week 12,PASI Score,1,2026-01-18
TF-201-130-005,130,5,Week 12,Adverse Events,1,2026-01-22
TF-201-130-005,130,6,Week 16 EOT,Vital Signs,1,2026-02-16
TF-201-130-005,130,6,Week 16 EOT,PASI Score,1,2026-02-13
TF-201-130-005,130,6,Week 16 EOT,Laboratory,1,2026-02-19
TF-201-130-005,130,6,Week 16 EOT,Adverse Events,1,2026-02-18
TF-201-130-005,130,6,Week 16 EOT,End of Treatment,1,2026-02-17
TF-201-130-006,130,1,Screening,Demographics,1,2025-09-29
TF-201-130-006,130,1,Screening,Inclusion/Exclusion,1,2025-09-24
TF-201-130-006,130,1,Screening,Medical History,1,2025-09-28
TF-201-130-006,130,1,Screening,Informed Consent,1,2025-10-03
TF-201-130-006,130,1,Screening,Laboratory,1,2025-09-30
TF-201-130-006,130,2,Baseline,Vital Signs,1,2025-10-14
TF-201-130-006,130,2,Baseline,PASI Score,1,2025-10-15
TF-201-130-006,130,2,Baseline,Laboratory,1,2025-10-13
TF-201-130-006,130,2,Baseline,Randomisation,0,
TF-201-130-006,130,3,Week 4,Vital Signs,1,2025-11-15
TF-201-130-006,130,3,Week 4,PASI Score,1,2025-11-17
TF-201-130-006,130,3,Week 4,Adverse Events,1,2025-11-18
TF-201-130-006,130,4,Week 8,Vital Signs,1,2025-12-12
TF-201-130-006,130,4,Week 8,PASI Score,1,2025-12-04
TF-201-130-006,130,4,Week 8,Laboratory,1,2025-12-06
TF-201-130-006,130,4,Week 8,Adverse Events,1,2025-12-02
TF-201-130-006,130,5,Week 12,Vital Signs,1,2026-01-07
TF-201-130-006,130,5,Week 12,PASI Score,1,2026-01-08
TF-201-130-006,130,5,Week 12,Adverse Events,1,2026-01-06
TF-201-130-006,130,6,Week 16 EOT,Vital Signs,1,2026-01-29
TF-201-130-006,130,6,Week 16 EOT,PASI Score,1,2026-01-28
TF-201-130-006,130,6,Week 16 EOT,Laboratory,1,2026-01-25
TF-201-130-006,130,6,Week 16 EOT,Adverse Events,1,2026-01-31
TF-201-130-006,130,6,Week 16 EOT,End of Treatment,1,2026-02-02
TF-201-130-007,130,1,Screening,Demographics,1,2026-07-20
TF-201-130-007,130,1,Screening,Inclusion/Exclusion,1,2026-07-21
TF-201-130-007,130,1,Screening,Medical History,1,2026-07-24
TF-201-130-007,130,1,Screening,Informed Consent,1,2026-07-26
TF-201-130-007,130,1,Screening,Laboratory,1,2026-07-20
TF-201-130-007,130,2,Baseline,Vital Signs,1,2026-08-21
TF-201-130-007,130,2,Baseline,PASI Score,1,2026-08-27
TF-201-130-007,130,2,Baseline,Laboratory,0,
TF-201-130-007,130,2,Baseline,Randomisation,1,2026-08-25
TF-201-130-008,130,1,Screening,Demographics,1,2025-05-19
TF-201-130-008,130,1,Screening,Inclusion/Exclusion,1,2025-05-23
TF-201-130-008,130,1,Screening,Medical History,1,2025-05-15
TF-201-130-008,130,1,Screening,Informed Consent,1,2025-05-16
TF-201-130-008,130,1,Screening,Laboratory,1,2025-05-26
TF-201-130-008,130,2,Baseline,Vital Signs,1,2025-06-25
TF-201-130-008,130,2,Baseline,PASI Score,1,2025-06-27
TF-201-130-008,130,2,Baseline,Laboratory,1,2025-06-23
TF-201-130-008,130,2,Baseline,Randomisation,1,2025-07-02
TF-201-130-008,130,3,Week 4,Vital Signs,1,2025-07-20
TF-201-130-008,130,3,Week 4,PASI Score,1,2025-07-21
TF-201-130-008,130,3,Week 4,Adverse Events,1,2025-07-19
TF-201-130-008,130,4,Week 8,Vital Signs,1,2025-08-24
TF-201-130-008,130,4,Week 8,PASI Score,1,2025-08-28
TF-201-130-008,130,4,Week 8,Laboratory,1,2025-08-28
TF-201-130-008,130,4,Week 8,Adverse Events,1,2025-08-24
TF-201-130-008,130,5,Week 12,Vital Signs,1,2025-09-21
TF-201-130-008,130,5,Week 12,PASI Score,1,2025-09-18
TF-201-130-008,130,5,Week 12,Adverse Events,1,2025-09-22
TF-201-130-008,130,6,Week 16 EOT,Vital Signs,1,2025-10-27
TF-201-130-008,130,6,Week 16 EOT,PASI Score,1,2025-10-27
TF-201-130-008,130,6,Week 16 EOT,Laboratory,1,2025-10-21
TF-201-130-008,130,6,Week 16 EOT,Adverse Events,1,2025-10-20
TF-201-130-008,130,6,Week 16 EOT,End of Treatment,1,2025-10-22
TF-201-130-009,130,1,Screening,Demographics,1,2026-01-13
TF-201-130-009,130,1,Screening,Inclusion/Exclusion,1,2026-01-17
TF-201-130-009,130,1,Screening,Medical History,1,2026-01-08
TF-201-130-009,130,1,Screening,Informed Consent,1,2026-01-16
TF-201-130-009,130,1,Screening,Laboratory,1,2026-01-08
TF-201-130-009,130,2,Baseline,Vital Signs,1,2026-02-07
TF-201-130-009,130,2,Baseline,PASI Score,1,2026-02-15
TF-201-130-009,130,2,Baseline,Laboratory,1,2026-02-16
TF-201-130-009,130,2,Baseline,Randomisation,1,2026-02-11
TF-201-130-009,130,3,Week 4,Vital Signs,1,2026-03-13
TF-201-130-009,130,3,Week 4,PASI Score,1,2026-03-18
TF-201-130-009,130,3,Week 4,Adverse Events,1,2026-03-20
TF-201-130-009,130,4,Week 8,Vital Signs,1,2026-03-31
TF-201-130-009,130,4,Week 8,PASI Score,1,2026-03-29
TF-201-130-009,130,4,Week 8,Laboratory,1,2026-04-04
TF-201-130-009,130,4,Week 8,Adverse Events,1,2026-04-05
TF-201-130-009,130,5,Week 12,Vital Signs,1,2026-05-06
TF-201-130-009,130,5,Week 12,PASI Score,1,2026-05-11
TF-201-130-009,130,5,Week 12,Adverse Events,1,2026-05-07
TF-201-130-009,130,6,Week 16 EOT,Vital Signs,1,2026-06-02
TF-201-130-009,130,6,Week 16 EOT,PASI Score,1,2026-06-06
TF-201-130-009,130,6,Week 16 EOT,Laboratory,0,
TF-201-130-009,130,6,Week 16 EOT,Adverse Events,1,2026-06-01
TF-201-130-009,130,6,Week 16 EOT,End of Treatment,1,2026-05-30
TF-201-130-010,130,1,Screening,Demographics,1,2025-06-27
TF-201-130-010,130,1,Screening,Inclusion/Exclusion,1,2025-06-30
TF-201-130-010,130,1,Screening,Medical History,1,2025-06-23
TF-201-130-010,130,1,Screening,Informed Consent,1,2025-06-26
TF-201-130-010,130,1,Screening,Laboratory,1,2025-06-23
TF-201-130-010,130,2,Baseline,Vital Signs,1,2025-07-25
TF-201-130-010,130,2,Baseline,PASI Score,1,2025-07-22
TF-201-130-010,130,2,Baseline,Laboratory,1,2025-07-18
TF-201-130-010,130,2,Baseline,Randomisation,1,2025-07-16
TF-201-130-010,130,3,Week 4,Vital Signs,1,2025-08-17
TF-201-130-010,130,3,Week 4,PASI Score,1,2025-08-21
TF-201-130-010,130,3,Week 4,Adverse Events,1,2025-08-18
TF-201-130-010,130,4,Week 8,Vital Signs,1,2025-09-21
TF-201-130-010,130,4,Week 8,PASI Score,1,2025-09-15
TF-201-130-010,130,4,Week 8,Laboratory,1,2025-09-14
TF-201-130-010,130,4,Week 8,Adverse Events,1,2025-09-19
TF-201-130-010,130,5,Week 12,Vital Signs,1,2025-10-14
TF-201-130-010,130,5,Week 12,PASI Score,1,2025-10-06
TF-201-130-010,130,5,Week 12,Adverse Events,1,2025-10-14
TF-201-130-010,130,6,Week 16 EOT,Vital Signs,1,2025-11-09
TF-201-130-010,130,6,Week 16 EOT,PASI Score,1,2025-11-14
TF-201-130-010,130,6,Week 16 EOT,Laboratory,1,2025-11-12
TF-201-130-010,130,6,Week 16 EOT,Adverse Events,1,2025-11-04
TF-201-130-010,130,6,Week 16 EOT,End of Treatment,1,2025-11-10
TF-201-130-011,130,1,Screening,Demographics,1,2025-10-08
TF-201-130-011,130,1,Screening,Inclusion/Exclusion,1,2025-10-17
TF-201-130-011,130,1,Screening,Medical History,1,2025-10-14
TF-201-130-011,130,1,Screening,Informed Consent,0,
TF-201-130-011,130,1,Screening,Laboratory,1,2025-10-15
TF-201-130-011,130,2,Baseline,Vital Signs,1,2025-11-26
TF-201-130-011,130,2,Baseline,PASI Score,1,2025-11-22
TF-201-130-011,130,2,Baseline,Laboratory,1,2025-11-17
TF-201-130-011,130,2,Baseline,Randomisation,1,2025-11-25
TF-201-130-011,130,3,Week 4,Vital Signs,1,2025-12-20
TF-201-130-011,130,3,Week 4,PASI Score,1,2025-12-18
TF-201-130-011,130,3,Week 4,Adverse Events,1,2025-12-20
TF-201-130-011,130,4,Week 8,Vital Signs,1,2026-01-11
TF-201-130-011,130,4,Week 8,PASI Score,1,2026-01-09
TF-201-130-011,130,4,Week 8,Laboratory,1,2026-01-19
TF-201-130-011,130,4,Week 8,Adverse Events,1,2026-01-12
TF-201-130-011,130,5,Week 12,Vital Signs,1,2026-02-12
TF-201-130-011,130,5,Week 12,PASI Score,1,2026-02-17
TF-201-130-011,130,5,Week 12,Adverse Events,1,2026-02-07
TF-201-130-011,130,6,Week 16 EOT,Vital Signs,1,2026-03-18
TF-201-130-011,130,6,Week 16 EOT,PASI Score,1,2026-03-17
TF-201-130-011,130,6,Week 16 EOT,Laboratory,1,2026-03-23
TF-201-130-011,130,6,Week 16 EOT,Adverse Events,1,2026-03-17
TF-201-130-011,130,6,Week 16 EOT,End of Treatment,1,2026-03-17
TF-201-130-012,130,1,Screening,Demographics,1,2026-01-24
TF-201-130-012,130,1,Screening,Inclusion/Exclusion,1,2026-01-24
TF-201-130-012,130,1,Screening,Medical History,1,2026-01-17
TF-201-130-012,130,1,Screening,Informed Consent,1,2026-01-15
TF-201-130-012,130,1,Screening,Laboratory,1,2026-01-19
TF-201-130-012,130,2,Baseline,Vital Signs,1,2026-02-19
TF-201-130-012,130,2,Baseline,PASI Score,1,2026-02-20
TF-201-130-012,130,2,Baseline,Laboratory,1,2026-02-22
TF-201-130-012,130,2,Baseline,Randomisation,1,2026-02-18
TF-201-130-012,130,3,Week 4,Vital Signs,1,2026-03-19
TF-201-130-012,130,3,Week 4,PASI Score,1,2026-03-14
TF-201-130-012,130,3,Week 4,Adverse Events,1,2026-03-12
TF-201-130-012,130,4,Week 8,Vital Signs,1,2026-04-21
TF-201-130-012,130,4,Week 8,PASI Score,1,2026-04-14
TF-201-130-012,130,4,Week 8,Laboratory,1,2026-04-18
TF-201-130-012,130,4,Week 8,Adverse Events,1,2026-04-21
TF-201-130-012,130,5,Week 12,Vital Signs,1,2026-05-16
TF-201-130-012,130,5,Week 12,PASI Score,1,2026-05-13
TF-201-130-012,130,5,Week 12,Adverse Events,1,2026-05-18
TF-201-130-012,130,6,Week 16 EOT,Vital Signs,1,2026-06-09
TF-201-130-012,130,6,Week 16 EOT,PASI Score,1,2026-06-02
TF-201-130-012,130,6,Week 16 EOT,Laboratory,1,2026-06-04
TF-201-130-012,130,6,Week 16 EOT,Adverse Events,1,2026-06-04
TF-201-130-012,130,6,Week 16 EOT,End of Treatment,1,2026-06-07
TF-201-130-013,130,1,Screening,Demographics,1,2025-12-14
TF-201-130-013,130,1,Screening,Inclusion/Exclusion,0,
TF-201-130-013,130,1,Screening,Medical History,1,2025-12-10
TF-201-130-013,130,1,Screening,Informed Consent,1,2025-12-15
TF-201-130-013,130,1,Screening,Laboratory,1,2025-12-09
TF-201-130-013,130,2,Baseline,Vital Signs,1,2026-01-10
TF-201-130-013,130,2,Baseline,PASI Score,1,2026-01-10
TF-201-130-013,130,2,Baseline,Laboratory,1,2026-01-06
TF-201-130-013,130,2,Baseline,Randomisation,1,2026-01-05
TF-201-130-013,130,3,Week 4,Vital Signs,1,2026-02-03
TF-201-130-013,130,3,Week 4,PASI Score,1,2026-01-29
TF-201-130-013,130,3,Week 4,Adverse Events,1,2026-02-04
TF-201-130-013,130,4,Week 8,Vital Signs,1,2026-03-06
TF-201-130-013,130,4,Week 8,PASI Score,1,2026-03-05
TF-201-130-013,130,4,Week 8,Laboratory,1,2026-03-01
TF-201-130-013,130,4,Week 8,Adverse Events,1,2026-03-01
TF-201-130-013,130,5,Week 12,Vital Signs,1,2026-03-30
TF-201-130-013,130,5,Week 12,PASI Score,1,2026-04-03
TF-201-130-013,130,5,Week 12,Adverse Events,1,2026-04-06
TF-201-130-013,130,6,Week 16 EOT,Vital Signs,1,2026-05-04
TF-201-130-013,130,6,Week 16 EOT,PASI Score,1,2026-05-01
TF-201-130-013,130,6,Week 16 EOT,Laboratory,1,2026-05-02
TF-201-130-013,130,6,Week 16 EOT,Adverse Events,1,2026-04-26
TF-201-130-013,130,6,Week 16 EOT,End of Treatment,1,2026-05-01
TF-201-130-014,130,1,Screening,Demographics,0,
TF-201-130-014,130,1,Screening,Inclusion/Exclusion,1,2025-07-18
TF-201-130-014,130,1,Screening,Medical History,1,2025-07-25
TF-201-130-014,130,1,Screening,Informed Consent,1,2025-07-28
TF-201-130-014,130,1,Screening,Laboratory,1,2025-07-18
TF-201-130-014,130,2,Baseline,Vital Signs,1,2025-09-05
TF-201-130-014,130,2,Baseline,PASI Score,1,2025-08-30
TF-201-130-014,130,2,Baseline,Laboratory,1,2025-09-03
TF-201-130-014,130,2,Baseline,Randomisation,1,2025-09-02
TF-201-130-014,130,3,Week 4,Vital Signs,1,2025-09-22
TF-201-130-014,130,3,Week 4,PASI Score,1,2025-09-24
TF-201-130-014,130,3,Week 4,Adverse Events,1,2025-09-30
TF-201-130-014,130,4,Week 8,Vital Signs,1,2025-10-28
TF-201-130-014,130,4,Week 8,PASI Score,1,2025-10-25
TF-201-130-014,130,4,Week 8,Laboratory,1,2025-10-28
TF-201-130-014,130,4,Week 8,Adverse Events,1,2025-10-20
TF-201-130-014,130,5,Week 12,Vital Signs,1,2025-11-14
TF-201-130-014,130,5,Week 12,PASI Score,1,2025-11-20
TF-201-130-014,130,5,Week 12,Adverse Events,1,2025-11-14
TF-201-130-014,130,6,Week 16 EOT,Vital Signs,1,2025-12-21
TF-201-130-014,130,6,Week 16 EOT,PASI Score,1,2025-12-13
TF-201-130-014,130,6,Week 16 EOT,Laboratory,1,2025-12-22
TF-201-130-014,130,6,Week 16 EOT,Adverse Events,1,2025-12-21
TF-201-130-014,130,6,Week 16 EOT,End of Treatment,1,2025-12-22
TF-201-130-015,130,1,Screening,Demographics,1,2025-08-12
TF-201-130-015,130,1,Screening,Inclusion/Exclusion,1,2025-08-16
TF-201-130-015,130,1,Screening,Medical History,1,2025-08-16
TF-201-130-015,130,1,Screening,Informed Consent,1,2025-08-16
TF-201-130-015,130,1,Screening,Laboratory,1,2025-08-16
TF-201-130-015,130,2,Baseline,Vital Signs,1,2025-09-22
TF-201-130-015,130,2,Baseline,PASI Score,0,
TF-201-130-015,130,2,Baseline,Laboratory,1,2025-09-13
TF-201-130-015,130,2,Baseline,Randomisation,1,2025-09-15
TF-201-130-015,130,3,Week 4,Vital Signs,1,2025-10-10
TF-201-130-015,130,3,Week 4,PASI Score,1,2025-10-13
TF-201-130-015,130,3,Week 4,Adverse Events,1,2025-10-18
TF-201-130-015,130,4,Week 8,Vital Signs,1,2025-11-08
TF-201-130-015,130,4,Week 8,PASI Score,1,2025-11-11
TF-201-130-015,130,4,Week 8,Laboratory,1,2025-11-12
TF-201-130-015,130,4,Week 8,Adverse Events,1,2025-11-07
TF-201-130-015,130,5,Week 12,Vital Signs,1,2025-12-15
TF-201-130-015,130,5,Week 12,PASI Score,1,2025-12-13
TF-201-130-015,130,5,Week 12,Adverse Events,1,2025-12-10
TF-201-130-015,130,6,Week 16 EOT,Vital Signs,1,2026-01-14
TF-201-130-015,130,6,Week 16 EOT,PASI Score,1,2026-01-12
TF-201-130-015,130,6,Week 16 EOT,Laboratory,1,2026-01-12
TF-201-130-015,130,6,Week 16 EOT,Adverse Events,1,2026-01-16
TF-201-130-015,130,6,Week 16 EOT,End of Treatment,1,2026-01-12
TF-201-130-016,130,1,Screening,Demographics,1,2025-06-02
TF-201-130-016,130,1,Screening,Inclusion/Exclusion,1,2025-06-04
TF-201-130-016,130,1,Screening,Medical History,1,2025-06-04
TF-201-130-016,130,1,Screening,Informed Consent,1,2025-06-07
TF-201-130-016,130,1,Screening,Laboratory,1,2025-05-28
TF-201-130-016,130,2,Baseline,Vital Signs,1,2025-07-18
TF-201-130-016,130,2,Baseline,PASI Score,1,2025-07-17
TF-201-130-016,130,2,Baseline,Laboratory,1,2025-07-14
TF-201-130-016,130,2,Baseline,Randomisation,1,2025-07-09
TF-201-130-016,130,3,Week 4,Vital Signs,1,2025-08-08
TF-201-130-016,130,3,Week 4,PASI Score,1,2025-08-12
TF-201-130-016,130,3,Week 4,Adverse Events,1,2025-08-07
TF-201-130-016,130,4,Week 8,Vital Signs,1,2025-09-02
TF-201-130-016,130,4,Week 8,PASI Score,0,
TF-201-130-016,130,4,Week 8,Laboratory,1,2025-09-12
TF-201-130-016,130,4,Week 8,Adverse Events,1,2025-09-03
TF-201-130-016,130,5,Week 12,Vital Signs,1,2025-10-12
TF-201-130-016,130,5,Week 12,PASI Score,1,2025-10-06
TF-201-130-016,130,5,Week 12,Adverse Events,1,2025-10-07
TF-201-130-016,130,6,Week 16 EOT,Vital Signs,1,2025-11-06
TF-201-130-016,130,6,Week 16 EOT,PASI Score,1,2025-11-04
TF-201-130-016,130,6,Week 16 EOT,Laboratory,1,2025-11-06
TF-201-130-016,130,6,Week 16 EOT,Adverse Events,1,2025-11-02
TF-201-130-016,130,6,Week 16 EOT,End of Treatment,1,2025-10-30
TF-201-130-017,130,1,Screening,Demographics,1,2025-10-09
TF-201-130-017,130,1,Screening,Inclusion/Exclusion,1,2025-10-09
TF-201-130-017,130,1,Screening,Medical History,1,2025-10-01
TF-201-130-017,130,1,Screening,Informed Consent,1,2025-10-06
TF-201-130-017,130,1,Screening,Laboratory,1,2025-09-28
TF-201-130-017,130,2,Baseline,Vital Signs,1,2025-11-06
TF-201-130-017,130,2,Baseline,PASI Score,1,2025-11-05
TF-201-130-017,130,2,Baseline,Laboratory,1,2025-11-01
TF-201-130-017,130,2,Baseline,Randomisation,1,2025-11-06
TF-201-130-017,130,3,Week 4,Vital Signs,1,2025-12-02
TF-201-130-017,130,3,Week 4,PASI Score,1,2025-12-03
TF-201-130-017,130,3,Week 4,Adverse Events,1,2025-11-29
TF-201-130-017,130,4,Week 8,Vital Signs,1,2025-12-30
TF-201-130-017,130,4,Week 8,PASI Score,1,2026-01-05
TF-201-130-017,130,4,Week 8,Laboratory,1,2026-01-06
TF-201-130-017,130,4,Week 8,Adverse Events,1,2026-01-05
TF-201-130-017,130,5,Week 12,Vital Signs,1,2026-02-05
TF-201-130-017,130,5,Week 12,PASI Score,1,2026-02-05
TF-201-130-017,130,5,Week 12,Adverse Events,1,2026-02-04
TF-201-130-017,130,6,Week 16 EOT,Vital Signs,1,2026-03-04
TF-201-130-017,130,6,Week 16 EOT,PASI Score,1,2026-02-26
TF-201-130-017,130,6,Week 16 EOT,Laboratory,1,2026-03-07
TF-201-130-017,130,6,Week 16 EOT,Adverse Events,1,2026-03-03
TF-201-130-017,130,6,Week 16 EOT,End of Treatment,1,2026-03-07
TF-201-130-018,130,1,Screening,Demographics,1,2025-08-07
TF-201-130-018,130,1,Screening,Inclusion/Exclusion,1,2025-08-14
TF-201-130-018,130,1,Screening,Medical History,1,2025-08-13
TF-201-130-018,130,1,Screening,Informed Consent,1,2025-08-05
TF-201-130-018,130,1,Screening,Laboratory,1,2025-08-10
TF-201-130-018,130,2,Baseline,Vital Signs,1,2025-09-07
TF-201-130-018,130,2,Baseline,PASI Score,1,2025-09-06
TF-201-130-018,130,2,Baseline,Laboratory,1,2025-09-04
TF-201-130-018,130,2,Baseline,Randomisation,1,2025-09-04
TF-201-130-018,130,3,Week 4,Vital Signs,1,2025-10-08
TF-201-130-018,130,3,Week 4,PASI Score,1,2025-10-11
TF-201-130-018,130,3,Week 4,Adverse Events,1,2025-10-11
TF-201-130-018,130,4,Week 8,Vital Signs,1,2025-11-10
TF-201-130-018,130,4,Week 8,PASI Score,1,2025-11-05
TF-201-130-018,130,4,Week 8,Laboratory,1,2025-11-09
TF-201-130-018,130,4,Week 8,Adverse Events,1,2025-11-06
TF-201-130-018,130,5,Week 12,Vital Signs,1,2025-11-28
TF-201-130-018,130,5,Week 12,PASI Score,1,2025-12-03
TF-201-130-018,130,5,Week 12,Adverse Events,1,2025-11-29
TF-201-130-018,130,6,Week 16 EOT,Vital Signs,1,2026-01-01
TF-201-130-018,130,6,Week 16 EOT,PASI Score,1,2026-01-01
TF-201-130-018,130,6,Week 16 EOT,Laboratory,1,2026-01-11
TF-201-130-018,130,6,Week 16 EOT,Adverse Events,1,2026-01-05
TF-201-130-018,130,6,Week 16 EOT,End of Treatment,1,2026-01-08
TF-201-130-019,130,1,Screening,Demographics,1,2025-05-28
TF-201-130-019,130,1,Screening,Inclusion/Exclusion,1,2025-06-04
TF-201-130-019,130,1,Screening,Medical History,1,2025-05-28
TF-201-130-019,130,1,Screening,Informed Consent,1,2025-05-26
TF-201-130-019,130,1,Screening,Laboratory,1,2025-06-01
TF-201-130-019,130,2,Baseline,Vital Signs,1,2025-06-30
TF-201-130-019,130,2,Baseline,PASI Score,1,2025-07-06
TF-201-130-019,130,2,Baseline,Laboratory,1,2025-06-27
TF-201-130-019,130,2,Baseline,Randomisation,1,2025-07-04
TF-201-130-019,130,3,Week 4,Vital Signs,1,2025-08-02
TF-201-130-019,130,3,Week 4,PASI Score,1,2025-07-30
TF-201-130-019,130,3,Week 4,Adverse Events,1,2025-07-24
TF-201-130-019,130,4,Week 8,Vital Signs,1,2025-09-02
TF-201-130-019,130,4,Week 8,PASI Score,1,2025-08-26
TF-201-130-019,130,4,Week 8,Laboratory,1,2025-08-27
TF-201-130-019,130,4,Week 8,Adverse Events,1,2025-09-02
TF-201-130-019,130,5,Week 12,Vital Signs,1,2025-09-18
TF-201-130-019,130,5,Week 12,PASI Score,1,2025-09-19
TF-201-130-019,130,5,Week 12,Adverse Events,1,2025-09-21
TF-201-130-019,130,6,Week 16 EOT,Vital Signs,1,2025-10-24
TF-201-130-019,130,6,Week 16 EOT,PASI Score,1,2025-10-21
TF-201-130-019,130,6,Week 16 EOT,Laboratory,1,2025-10-20
TF-201-130-019,130,6,Week 16 EOT,Adverse Events,1,2025-10-21
TF-201-130-019,130,6,Week 16 EOT,End of Treatment,1,2025-10-20
TF-201-130-020,130,1,Screening,Demographics,1,2025-11-19
TF-201-130-020,130,1,Screening,Inclusion/Exclusion,1,2025-11-10
TF-201-130-020,130,1,Screening,Medical History,1,2025-11-17
TF-201-130-020,130,1,Screening,Informed Consent,1,2025-11-11
TF-201-130-020,130,1,Screening,Laboratory,1,2025-11-12
TF-201-130-020,130,2,Baseline,Vital Signs,1,2025-12-21
TF-201-130-020,130,2,Baseline,PASI Score,1,2025-12-28
TF-201-130-020,130,2,Baseline,Laboratory,1,2025-12-20
TF-201-130-020,130,2,Baseline,Randomisation,1,2025-12-27
TF-201-130-020,130,3,Week 4,Vital Signs,1,2026-01-28
TF-201-130-020,130,3,Week 4,PASI Score,1,2026-01-30
TF-201-130-020,130,3,Week 4,Adverse Events,1,2026-01-25
TF-201-130-020,130,4,Week 8,Vital Signs,1,2026-02-24
TF-201-130-020,130,4,Week 8,PASI Score,1,2026-02-23
TF-201-130-020,130,4,Week 8,Laboratory,1,2026-02-17
TF-201-130-020,130,4,Week 8,Adverse Events,1,2026-02-21
TF-201-130-020,130,5,Week 12,Vital Signs,1,2026-03-18
TF-201-130-020,130,5,Week 12,PASI Score,1,2026-03-29
TF-201-130-020,130,5,Week 12,Adverse Events,1,2026-03-22
TF-201-130-020,130,6,Week 16 EOT,Vital Signs,1,2026-04-16
TF-201-130-020,130,6,Week 16 EOT,PASI Score,1,2026-04-26
TF-201-130-020,130,6,Week 16 EOT,Laboratory,1,2026-04-21
TF-201-130-020,130,6,Week 16 EOT,Adverse Events,1,2026-04-17
TF-201-130-020,130,6,Week 16 EOT,End of Treatment,1,2026-04-18
TF-201-131-001,131,1,Screening,Demographics,1,2025-12-14
TF-201-131-001,131,1,Screening,Inclusion/Exclusion,1,2025-12-10
TF-201-131-001,131,1,Screening,Medical History,0,
TF-201-131-001,131,1,Screening,Informed Consent,1,2025-12-12
TF-201-131-001,131,1,Screening,Laboratory,1,2025-12-19
TF-201-131-001,131,2,Baseline,Vital Signs,1,2026-01-30
TF-201-131-001,131,2,Baseline,PASI Score,1,2026-01-19
TF-201-131-001,131,2,Baseline,Laboratory,1,2026-01-26
TF-201-131-001,131,2,Baseline,Randomisation,1,2026-01-27
TF-201-131-001,131,3,Week 4,Vital Signs,1,2026-02-16
TF-201-131-001,131,3,Week 4,PASI Score,1,2026-02-20
TF-201-131-001,131,3,Week 4,Adverse Events,1,2026-02-18
TF-201-131-001,131,4,Week 8,Vital Signs,1,2026-03-26
TF-201-131-001,131,4,Week 8,PASI Score,1,2026-04-02
TF-201-131-001,131,4,Week 8,Laboratory,0,
TF-201-131-001,131,4,Week 8,Adverse Events,1,2026-03-30
TF-201-131-001,131,5,Week 12,Vital Signs,1,2026-04-19
TF-201-131-001,131,5,Week 12,PASI Score,1,2026-04-16
TF-201-131-001,131,5,Week 12,Adverse Events,1,2026-04-11
TF-201-131-001,131,6,Week 16 EOT,Vital Signs,1,2026-05-14
TF-201-131-001,131,6,Week 16 EOT,PASI Score,1,2026-05-20
TF-201-131-001,131,6,Week 16 EOT,Laboratory,1,2026-05-21
TF-201-131-001,131,6,Week 16 EOT,Adverse Events,1,2026-05-17
TF-201-131-001,131,6,Week 16 EOT,End of Treatment,1,2026-05-18
TF-201-131-002,131,1,Screening,Demographics,1,2025-06-01
TF-201-131-002,131,1,Screening,Inclusion/Exclusion,1,2025-06-09
TF-201-131-002,131,1,Screening,Medical History,1,2025-06-11
TF-201-131-002,131,1,Screening,Informed Consent,1,2025-06-02
TF-201-131-002,131,1,Screening,Laboratory,1,2025-06-09
TF-201-131-002,131,2,Baseline,Vital Signs,1,2025-07-17
TF-201-131-002,131,2,Baseline,PASI Score,1,2025-07-12
TF-201-131-002,131,2,Baseline,Laboratory,1,2025-07-11
TF-201-131-002,131,2,Baseline,Randomisation,0,
TF-201-131-002,131,3,Week 4,Vital Signs,1,2025-08-02
TF-201-131-002,131,3,Week 4,PASI Score,1,2025-08-09
TF-201-131-002,131,3,Week 4,Adverse Events,1,2025-08-08
TF-201-131-002,131,4,Week 8,Vital Signs,1,2025-09-10
TF-201-131-002,131,4,Week 8,PASI Score,1,2025-09-08
TF-201-131-002,131,4,Week 8,Laboratory,1,2025-09-09
TF-201-131-002,131,4,Week 8,Adverse Events,1,2025-09-10
TF-201-131-002,131,5,Week 12,Vital Signs,1,2025-09-29
TF-201-131-002,131,5,Week 12,PASI Score,1,2025-10-01
TF-201-131-002,131,5,Week 12,Adverse Events,1,2025-10-07
TF-201-131-002,131,6,Week 16 EOT,Vital Signs,1,2025-11-04
TF-201-131-002,131,6,Week 16 EOT,PASI Score,1,2025-11-08
TF-201-131-002,131,6,Week 16 EOT,Laboratory,1,2025-11-11
TF-201-131-002,131,6,Week 16 EOT,Adverse Events,1,2025-11-04
TF-201-131-002,131,6,Week 16 EOT,End of Treatment,1,2025-11-09
TF-201-131-003,131,1,Screening,Demographics,1,2025-07-02
TF-201-131-003,131,1,Screening,Inclusion/Exclusion,1,2025-07-04
TF-201-131-003,131,1,Screening,Medical History,1,2025-07-07
TF-201-131-003,131,1,Screening,Informed Consent,1,2025-07-08
TF-201-131-003,131,1,Screening,Laboratory,1,2025-07-04
TF-201-131-003,131,2,Baseline,Vital Signs,1,2025-08-02
TF-201-131-003,131,2,Baseline,PASI Score,1,2025-07-31
TF-201-131-003,131,2,Baseline,Laboratory,1,2025-07-29
TF-201-131-003,131,2,Baseline,Randomisation,1,2025-07-22
TF-201-131-003,131,3,Week 4,Vital Signs,1,2025-08-30
TF-201-131-003,131,3,Week 4,PASI Score,1,2025-08-25
TF-201-131-003,131,3,Week 4,Adverse Events,1,2025-08-26
TF-201-131-003,131,4,Week 8,Vital Signs,1,2025-09-21
TF-201-131-003,131,4,Week 8,PASI Score,1,2025-09-17
TF-201-131-003,131,4,Week 8,Laboratory,1,2025-09-20
TF-201-131-003,131,4,Week 8,Adverse Events,1,2025-09-18
TF-201-131-003,131,5,Week 12,Vital Signs,1,2025-10-21
TF-201-131-003,131,5,Week 12,PASI Score,1,2025-10-15
TF-201-131-003,131,5,Week 12,Adverse Events,1,2025-10-20
TF-201-131-003,131,6,Week 16 EOT,Vital Signs,1,2025-11-10
TF-201-131-003,131,6,Week 16 EOT,PASI Score,1,2025-11-17
TF-201-131-003,131,6,Week 16 EOT,Laboratory,1,2025-11-06
TF-201-131-003,131,6,Week 16 EOT,Adverse Events,1,2025-11-14
TF-201-131-003,131,6,Week 16 EOT,End of Treatment,1,2025-11-17
TF-201-131-004,131,1,Screening,Demographics,1,2025-09-09
TF-201-131-004,131,1,Screening,Inclusion/Exclusion,1,2025-09-02
TF-201-131-004,131,1,Screening,Medical History,1,2025-09-07
TF-201-131-004,131,1,Screening,Informed Consent,1,2025-09-02
TF-201-131-004,131,1,Screening,Laboratory,1,2025-09-09
TF-201-131-004,131,2,Baseline,Vital Signs,1,2025-10-18
TF-201-131-004,131,2,Baseline,PASI Score,1,2025-10-17
TF-201-131-004,131,2,Baseline,Laboratory,1,2025-10-13
TF-201-131-004,131,2,Baseline,Randomisation,1,2025-10-15
TF-201-131-004,131,3,Week 4,Vital Signs,1,2025-11-13
TF-201-131-004,131,3,Week 4,PASI Score,1,2025-11-04
TF-201-131-004,131,3,Week 4,Adverse Events,1,2025-11-05
TF-201-131-004,131,4,Week 8,Vital Signs,1,2025-12-13
TF-201-131-004,131,4,Week 8,PASI Score,1,2025-12-15
TF-201-131-004,131,4,Week 8,Laboratory,1,2025-12-13
TF-201-131-004,131,4,Week 8,Adverse Events,1,2025-12-05
TF-201-131-004,131,5,Week 12,Vital Signs,1,2026-01-13
TF-201-131-004,131,5,Week 12,PASI Score,1,2026-01-09
TF-201-131-004,131,5,Week 12,Adverse Events,1,2026-01-04
TF-201-131-004,131,6,Week 16 EOT,Vital Signs,1,2026-02-01
TF-201-131-004,131,6,Week 16 EOT,PASI Score,1,2026-01-31
TF-201-131-004,131,6,Week 16 EOT,Laboratory,1,2026-01-30
TF-201-131-004,131,6,Week 16 EOT,Adverse Events,1,2026-02-05
TF-201-131-004,131,6,Week 16 EOT,End of Treatment,1,2026-01-26
TF-201-131-005,131,1,Screening,Demographics,1,2026-02-12
TF-201-131-005,131,1,Screening,Inclusion/Exclusion,1,2026-02-17
TF-201-131-005,131,1,Screening,Medical History,1,2026-02-12
TF-201-131-005,131,1,Screening,Informed Consent,1,2026-02-09
TF-201-131-005,131,1,Screening,Laboratory,1,2026-02-11
TF-201-131-005,131,2,Baseline,Vital Signs,1,2026-03-24
TF-201-131-005,131,2,Baseline,PASI Score,1,2026-03-23
TF-201-131-005,131,2,Baseline,Laboratory,1,2026-03-21
TF-201-131-005,131,2,Baseline,Randomisation,1,2026-03-20
TF-201-131-005,131,3,Week 4,Vital Signs,1,2026-04-19
TF-201-131-005,131,3,Week 4,PASI Score,1,2026-04-22
TF-201-131-005,131,3,Week 4,Adverse Events,0,
TF-201-131-005,131,4,Week 8,Vital Signs,1,2026-05-18
TF-201-131-005,131,4,Week 8,PASI Score,1,2026-05-20
TF-201-131-005,131,4,Week 8,Laboratory,1,2026-05-21
TF-201-131-005,131,4,Week 8,Adverse Events,1,2026-05-10
TF-201-131-005,131,5,Week 12,Vital Signs,1,2026-06-05
TF-201-131-005,131,5,Week 12,PASI Score,1,2026-06-10
TF-201-131-005,131,5,Week 12,Adverse Events,1,2026-06-04
TF-201-131-005,131,6,Week 16 EOT,Vital Signs,0,
TF-201-131-005,131,6,Week 16 EOT,PASI Score,1,2026-07-16
TF-201-131-005,131,6,Week 16 EOT,Laboratory,1,2026-07-16
TF-201-131-005,131,6,Week 16 EOT,Adverse Events,1,2026-07-19
TF-201-131-005,131,6,Week 16 EOT,End of Treatment,1,2026-07-13
TF-201-131-006,131,1,Screening,Demographics,1,2025-07-22
TF-201-131-006,131,1,Screening,Inclusion/Exclusion,0,
TF-201-131-006,131,1,Screening,Medical History,1,2025-07-26
TF-201-131-006,131,1,Screening,Informed Consent,1,2025-07-22
TF-201-131-006,131,1,Screening,Laboratory,0,
TF-201-131-006,131,2,Baseline,Vital Signs,1,2025-08-14
TF-201-131-006,131,2,Baseline,PASI Score,1,2025-08-18
TF-201-131-006,131,2,Baseline,Laboratory,1,2025-08-13
TF-201-131-006,131,2,Baseline,Randomisation,1,2025-08-12
TF-201-131-006,131,3,Week 4,Vital Signs,1,2025-09-05
TF-201-131-006,131,3,Week 4,PASI Score,1,2025-09-05
TF-201-131-006,131,3,Week 4,Adverse Events,1,2025-09-06
TF-201-131-006,131,5,Week 12,Vital Signs,1,2025-11-03
TF-201-131-006,131,5,Week 12,PASI Score,1,2025-11-10
TF-201-131-006,131,5,Week 12,Adverse Events,1,2025-11-03
TF-201-131-006,131,6,Week 16 EOT,Vital Signs,1,2025-12-04
TF-201-131-006,131,6,Week 16 EOT,PASI Score,1,2025-12-04
TF-201-131-006,131,6,Week 16 EOT,Laboratory,1,2025-12-04
TF-201-131-006,131,6,Week 16 EOT,Adverse Events,1,2025-12-02
TF-201-131-006,131,6,Week 16 EOT,End of Treatment,1,2025-12-02
TF-201-131-007,131,1,Screening,Demographics,1,2026-05-22
TF-201-131-007,131,1,Screening,Inclusion/Exclusion,1,2026-05-19
TF-201-131-007,131,1,Screening,Medical History,1,2026-05-17
TF-201-131-007,131,1,Screening,Informed Consent,1,2026-05-18
TF-201-131-007,131,1,Screening,Laboratory,1,2026-05-19
TF-201-131-007,131,2,Baseline,Vital Signs,1,2026-06-01
TF-201-131-007,131,2,Baseline,PASI Score,1,2026-05-30
TF-201-131-007,131,2,Baseline,Laboratory,1,2026-06-01
TF-201-131-007,131,2,Baseline,Randomisation,1,2026-06-01
TF-201-131-007,131,3,Week 4,Vital Signs,1,2026-07-03
TF-201-131-007,131,3,Week 4,PASI Score,1,2026-06-29
TF-201-131-007,131,3,Week 4,Adverse Events,1,2026-06-27
TF-201-131-007,131,4,Week 8,Vital Signs,1,2026-07-27
TF-201-131-007,131,4,Week 8,PASI Score,1,2026-07-31
TF-201-131-007,131,4,Week 8,Laboratory,1,2026-07-30
TF-201-131-007,131,4,Week 8,Adverse Events,1,2026-08-02
TF-201-131-007,131,5,Week 12,Vital Signs,1,2026-09-03
TF-201-131-007,131,5,Week 12,PASI Score,1,2026-09-06
TF-201-131-007,131,5,Week 12,Adverse Events,0,
TF-201-131-008,131,1,Screening,Demographics,1,2026-05-05
TF-201-131-008,131,1,Screening,Inclusion/Exclusion,1,2026-05-07
TF-201-131-008,131,1,Screening,Medical History,1,2026-04-28
TF-201-131-008,131,1,Screening,Informed Consent,1,2026-05-01
TF-201-131-008,131,1,Screening,Laboratory,1,2026-04-30
TF-201-131-008,131,2,Baseline,Vital Signs,1,2026-05-30
TF-201-131-008,131,2,Baseline,PASI Score,1,2026-05-30
TF-201-131-008,131,2,Baseline,Laboratory,1,2026-06-08
TF-201-131-008,131,2,Baseline,Randomisation,1,2026-06-08
TF-201-131-008,131,3,Week 4,Vital Signs,1,2026-06-27
TF-201-131-008,131,3,Week 4,PASI Score,1,2026-07-02
TF-201-131-008,131,3,Week 4,Adverse Events,1,2026-07-04
TF-201-131-008,131,4,Week 8,Vital Signs,0,
TF-201-131-008,131,4,Week 8,PASI Score,1,2026-07-27
TF-201-131-008,131,4,Week 8,Laboratory,1,2026-08-03
TF-201-131-008,131,4,Week 8,Adverse Events,1,2026-07-28
TF-201-131-008,131,5,Week 12,Vital Signs,1,2026-08-23
TF-201-131-008,131,5,Week 12,PASI Score,1,2026-08-26
TF-201-131-008,131,5,Week 12,Adverse Events,1,2026-08-27
TF-201-131-009,131,1,Screening,Demographics,1,2025-07-02
TF-201-131-009,131,1,Screening,Inclusion/Exclusion,1,2025-07-08
TF-201-131-009,131,1,Screening,Medical History,1,2025-07-07
TF-201-131-009,131,1,Screening,Informed Consent,1,2025-07-07
TF-201-131-009,131,1,Screening,Laboratory,1,2025-07-05
TF-201-131-009,131,2,Baseline,Vital Signs,1,2025-08-04
TF-201-131-009,131,2,Baseline,PASI Score,1,2025-08-03
TF-201-131-009,131,2,Baseline,Laboratory,1,2025-08-05
TF-201-131-009,131,2,Baseline,Randomisation,1,2025-08-06
TF-201-131-009,131,3,Week 4,Vital Signs,1,2025-09-02
TF-201-131-009,131,3,Week 4,PASI Score,1,2025-09-09
TF-201-131-009,131,3,Week 4,Adverse Events,1,2025-09-07
TF-201-131-009,131,4,Week 8,Vital Signs,1,2025-10-05
TF-201-131-009,131,4,Week 8,PASI Score,1,2025-10-03
TF-201-131-009,131,4,Week 8,Laboratory,1,2025-10-04
TF-201-131-009,131,4,Week 8,Adverse Events,1,2025-10-03
TF-201-131-009,131,5,Week 12,Vital Signs,1,2025-11-04
TF-201-131-009,131,5,Week 12,PASI Score,1,2025-10-26
TF-201-131-009,131,5,Week 12,Adverse Events,1,2025-10-26
TF-201-131-009,131,6,Week 16 EOT,Vital Signs,1,2025-12-03
TF-201-131-009,131,6,Week 16 EOT,PASI Score,1,2025-11-22
TF-201-131-009,131,6,Week 16 EOT,Laboratory,1,2025-11-26
TF-201-131-009,131,6,Week 16 EOT,Adverse Events,1,2025-11-30
TF-201-131-009,131,6,Week 16 EOT,End of Treatment,1,2025-12-03
TF-201-132-001,132,1,Screening,Demographics,1,2025-09-09
TF-201-132-001,132,1,Screening,Inclusion/Exclusion,1,2025-09-09
TF-201-132-001,132,1,Screening,Medical History,1,2025-09-08
TF-201-132-001,132,1,Screening,Informed Consent,1,2025-08-31
TF-201-132-001,132,1,Screening,Laboratory,1,2025-09-02
TF-201-132-001,132,2,Baseline,Vital Signs,1,2025-10-06
TF-201-132-001,132,2,Baseline,PASI Score,1,2025-10-08
TF-201-132-001,132,2,Baseline,Laboratory,1,2025-10-06
TF-201-132-001,132,2,Baseline,Randomisation,1,2025-09-30
TF-201-132-001,132,3,Week 4,Vital Signs,1,2025-11-01
TF-201-132-001,132,3,Week 4,PASI Score,1,2025-10-26
TF-201-132-001,132,3,Week 4,Adverse Events,1,2025-11-03
TF-201-132-001,132,4,Week 8,Vital Signs,1,2025-11-26
TF-201-132-001,132,4,Week 8,PASI Score,1,2025-11-30
TF-201-132-001,132,4,Week 8,Laboratory,1,2025-11-30
TF-201-132-001,132,4,Week 8,Adverse Events,1,2025-11-23
TF-201-132-001,132,5,Week 12,Vital Signs,1,2026-01-05
TF-201-132-001,132,5,Week 12,PASI Score,1,2026-01-03
TF-201-132-001,132,5,Week 12,Adverse Events,1,2025-12-31
TF-201-132-001,132,6,Week 16 EOT,Vital Signs,1,2026-01-19
TF-201-132-001,132,6,Week 16 EOT,PASI Score,1,2026-01-23
TF-201-132-001,132,6,Week 16 EOT,Laboratory,1,2026-01-22
TF-201-132-001,132,6,Week 16 EOT,Adverse Events,1,2026-01-16
TF-201-132-001,132,6,Week 16 EOT,End of Treatment,1,2026-01-25
TF-201-132-002,132,1,Screening,Demographics,1,2025-07-28
TF-201-132-002,132,1,Screening,Inclusion/Exclusion,1,2025-07-28
TF-201-132-002,132,1,Screening,Medical History,1,2025-07-19
TF-201-132-002,132,1,Screening,Informed Consent,1,2025-07-25
TF-201-132-002,132,1,Screening,Laboratory,1,2025-07-24
TF-201-132-002,132,2,Baseline,Vital Signs,1,2025-08-30
TF-201-132-002,132,2,Baseline,PASI Score,1,2025-08-30
TF-201-132-002,132,2,Baseline,Laboratory,1,2025-08-30
TF-201-132-002,132,2,Baseline,Randomisation,1,2025-09-04
TF-201-132-002,132,3,Week 4,Vital Signs,1,2025-10-05
TF-201-132-002,132,3,Week 4,PASI Score,1,2025-09-26
TF-201-132-002,132,3,Week 4,Adverse Events,1,2025-09-28
TF-201-132-002,132,4,Week 8,Vital Signs,1,2025-10-28
TF-201-132-002,132,4,Week 8,PASI Score,1,2025-10-25
TF-201-132-002,132,4,Week 8,Laboratory,1,2025-10-26
TF-201-132-002,132,4,Week 8,Adverse Events,1,2025-10-30
TF-201-132-002,132,5,Week 12,Vital Signs,1,2025-12-01
TF-201-132-002,132,5,Week 12,PASI Score,1,2025-12-02
TF-201-132-002,132,5,Week 12,Adverse Events,1,2025-11-25
TF-201-132-002,132,6,Week 16 EOT,Vital Signs,1,2025-12-30
TF-201-132-002,132,6,Week 16 EOT,PASI Score,1,2025-12-20
TF-201-132-002,132,6,Week 16 EOT,Laboratory,1,2025-12-23
TF-201-132-002,132,6,Week 16 EOT,Adverse Events,1,2025-12-22
TF-201-132-002,132,6,Week 16 EOT,End of Treatment,1,2025-12-20
TF-201-132-003,132,1,Screening,Demographics,1,2025-03-25
TF-201-132-003,132,1,Screening,Inclusion/Exclusion,1,2025-03-22
TF-201-132-003,132,1,Screening,Medical History,1,2025-03-26
TF-201-132-003,132,1,Screening,Informed Consent,1,2025-03-28
TF-201-132-003,132,1,Screening,Laboratory,1,2025-03-23
TF-201-132-003,132,2,Baseline,Vital Signs,1,2025-05-05
TF-201-132-003,132,2,Baseline,PASI Score,1,2025-05-09
TF-201-132-003,132,2,Baseline,Laboratory,1,2025-05-11
TF-201-132-003,132,2,Baseline,Randomisation,1,2025-04-30
TF-201-132-003,132,3,Week 4,Vital Signs,1,2025-06-09
TF-201-132-003,132,3,Week 4,PASI Score,1,2025-06-01
TF-201-132-003,132,3,Week 4,Adverse Events,1,2025-06-09
TF-201-132-003,132,4,Week 8,Vital Signs,1,2025-07-04
TF-201-132-003,132,4,Week 8,PASI Score,1,2025-06-27
TF-201-132-003,132,4,Week 8,Laboratory,1,2025-07-04
TF-201-132-003,132,4,Week 8,Adverse Events,1,2025-06-30
TF-201-132-003,132,5,Week 12,Vital Signs,1,2025-07-22
TF-201-132-003,132,5,Week 12,PASI Score,1,2025-07-22
TF-201-132-003,132,5,Week 12,Adverse Events,1,2025-07-23
TF-201-132-003,132,6,Week 16 EOT,Vital Signs,1,2025-09-02
TF-201-132-003,132,6,Week 16 EOT,PASI Score,1,2025-08-26
TF-201-132-003,132,6,Week 16 EOT,Laboratory,1,2025-09-01
TF-201-132-003,132,6,Week 16 EOT,Adverse Events,1,2025-08-30
TF-201-132-003,132,6,Week 16 EOT,End of Treatment,1,2025-09-02
TF-201-132-004,132,1,Screening,Demographics,1,2025-10-22
TF-201-132-004,132,1,Screening,Inclusion/Exclusion,1,2025-10-28
TF-201-132-004,132,1,Screening,Medical History,1,2025-10-21
TF-201-132-004,132,1,Screening,Informed Consent,1,2025-10-29
TF-201-132-004,132,1,Screening,Laboratory,1,2025-10-31
TF-201-132-004,132,2,Baseline,Vital Signs,1,2025-11-22
TF-201-132-004,132,2,Baseline,PASI Score,1,2025-11-18
TF-201-132-004,132,2,Baseline,Laboratory,1,2025-11-16
TF-201-132-004,132,2,Baseline,Randomisation,1,2025-11-18
TF-201-132-004,132,3,Week 4,Vital Signs,1,2025-12-20
TF-201-132-004,132,3,Week 4,PASI Score,1,2025-12-26
TF-201-132-004,132,3,Week 4,Adverse Events,1,2025-12-15
TF-201-132-004,132,4,Week 8,Vital Signs,1,2026-01-10
TF-201-132-004,132,4,Week 8,PASI Score,1,2026-01-09
TF-201-132-004,132,4,Week 8,Laboratory,1,2026-01-18
TF-201-132-004,132,4,Week 8,Adverse Events,1,2026-01-12
TF-201-132-004,132,5,Week 12,Vital Signs,1,2026-02-10
TF-201-132-004,132,5,Week 12,PASI Score,1,2026-02-08
TF-201-132-004,132,5,Week 12,Adverse Events,1,2026-02-05
TF-201-132-004,132,6,Week 16 EOT,Vital Signs,1,2026-03-15
TF-201-132-004,132,6,Week 16 EOT,PASI Score,1,2026-03-23
TF-201-132-004,132,6,Week 16 EOT,Laboratory,1,2026-03-22
TF-201-132-004,132,6,Week 16 EOT,Adverse Events,1,2026-03-23
TF-201-132-004,132,6,Week 16 EOT,End of Treatment,1,2026-03-22
TF-201-132-005,132,1,Screening,Demographics,1,2025-08-09
TF-201-132-005,132,1,Screening,Inclusion/Exclusion,1,2025-08-11
TF-201-132-005,132,1,Screening,Medical History,1,2025-08-11
TF-201-132-005,132,1,Screening,Informed Consent,1,2025-07-31
TF-201-132-005,132,1,Screening,Laboratory,1,2025-08-02
TF-201-132-005,132,2,Baseline,Vital Signs,1,2025-08-23
TF-201-132-005,132,2,Baseline,PASI Score,1,2025-08-29
TF-201-132-005,132,2,Baseline,Laboratory,1,2025-08-28
TF-201-132-005,132,2,Baseline,Randomisation,1,2025-08-29
TF-201-132-005,132,3,Week 4,Vital Signs,1,2025-09-24
TF-201-132-005,132,3,Week 4,PASI Score,1,2025-09-17
TF-201-132-005,132,3,Week 4,Adverse Events,1,2025-09-20
TF-201-132-005,132,4,Week 8,Vital Signs,1,2025-10-22
TF-201-132-005,132,4,Week 8,PASI Score,1,2025-10-28
TF-201-132-005,132,4,Week 8,Laboratory,1,2025-10-19
TF-201-132-005,132,4,Week 8,Adverse Events,1,2025-10-27
TF-201-132-005,132,5,Week 12,Vital Signs,1,2025-11-13
TF-201-132-005,132,5,Week 12,PASI Score,1,2025-11-18
TF-201-132-005,132,5,Week 12,Adverse Events,1,2025-11-13
TF-201-132-005,132,6,Week 16 EOT,Vital Signs,1,2025-12-21
TF-201-132-005,132,6,Week 16 EOT,PASI Score,1,2025-12-25
TF-201-132-005,132,6,Week 16 EOT,Laboratory,1,2025-12-21
TF-201-132-005,132,6,Week 16 EOT,Adverse Events,1,2025-12-14
TF-201-132-005,132,6,Week 16 EOT,End of Treatment,1,2025-12-18
TF-201-132-006,132,1,Screening,Demographics,1,2026-01-24
TF-201-132-006,132,1,Screening,Inclusion/Exclusion,1,2026-01-17
TF-201-132-006,132,1,Screening,Medical History,1,2026-01-24
TF-201-132-006,132,1,Screening,Informed Consent,1,2026-01-22
TF-201-132-006,132,1,Screening,Laboratory,1,2026-01-26
TF-201-132-006,132,2,Baseline,Vital Signs,1,2026-02-11
TF-201-132-006,132,2,Baseline,PASI Score,1,2026-02-12
TF-201-132-006,132,2,Baseline,Laboratory,1,2026-02-11
TF-201-132-006,132,2,Baseline,Randomisation,1,2026-02-07
TF-201-132-006,132,3,Week 4,Vital Signs,1,2026-03-10
TF-201-132-006,132,3,Week 4,PASI Score,1,2026-03-07
TF-201-132-006,132,3,Week 4,Adverse Events,1,2026-03-08
TF-201-132-006,132,4,Week 8,Vital Signs,1,2026-04-05
TF-201-132-006,132,4,Week 8,PASI Score,1,2026-03-30
TF-201-132-006,132,4,Week 8,Laboratory,1,2026-03-30
TF-201-132-006,132,4,Week 8,Adverse Events,1,2026-04-09
TF-201-132-006,132,5,Week 12,Vital Signs,1,2026-05-03
TF-201-132-006,132,5,Week 12,PASI Score,1,2026-05-10
TF-201-132-006,132,5,Week 12,Adverse Events,1,2026-05-07
TF-201-132-006,132,6,Week 16 EOT,Vital Signs,1,2026-06-10
TF-201-132-006,132,6,Week 16 EOT,PASI Score,1,2026-06-06
TF-201-132-006,132,6,Week 16 EOT,Laboratory,1,2026-06-08
TF-201-132-006,132,6,Week 16 EOT,Adverse Events,1,2026-06-03
TF-201-132-006,132,6,Week 16 EOT,End of Treatment,1,2026-06-05
TF-201-132-007,132,1,Screening,Demographics,1,2025-04-11
TF-201-132-007,132,1,Screening,Inclusion/Exclusion,1,2025-04-15
TF-201-132-007,132,1,Screening,Medical History,1,2025-04-08
TF-201-132-007,132,1,Screening,Informed Consent,1,2025-04-14
TF-201-132-007,132,1,Screening,Laboratory,1,2025-04-13
TF-201-132-007,132,2,Baseline,Vital Signs,1,2025-05-17
TF-201-132-007,132,2,Baseline,PASI Score,1,2025-05-23
TF-201-132-007,132,2,Baseline,Laboratory,1,2025-05-17
TF-201-132-007,132,2,Baseline,Randomisation,1,2025-05-17
TF-201-132-007,132,3,Week 4,Vital Signs,1,2025-06-21
TF-201-132-007,132,3,Week 4,PASI Score,1,2025-06-17
TF-201-132-007,132,3,Week 4,Adverse Events,1,2025-06-20
TF-201-132-007,132,4,Week 8,Vital Signs,1,2025-07-16
TF-201-132-007,132,4,Week 8,PASI Score,0,
TF-201-132-007,132,4,Week 8,Laboratory,1,2025-07-17
TF-201-132-007,132,4,Week 8,Adverse Events,1,2025-07-20
TF-201-132-007,132,5,Week 12,Vital Signs,1,2025-08-17
TF-201-132-007,132,5,Week 12,PASI Score,1,2025-08-19
TF-201-132-007,132,5,Week 12,Adverse Events,1,2025-08-19
TF-201-132-007,132,6,Week 16 EOT,Vital Signs,1,2025-09-18
TF-201-132-007,132,6,Week 16 EOT,PASI Score,1,2025-09-11
TF-201-132-007,132,6,Week 16 EOT,Laboratory,1,2025-09-13
TF-201-132-007,132,6,Week 16 EOT,Adverse Events,1,2025-09-21
TF-201-132-007,132,6,Week 16 EOT,End of Treatment,0,
TF-201-132-008,132,1,Screening,Demographics,1,2026-05-12
TF-201-132-008,132,1,Screening,Inclusion/Exclusion,1,2026-05-11
TF-201-132-008,132,1,Screening,Medical History,1,2026-05-16
TF-201-132-008,132,1,Screening,Informed Consent,1,2026-05-07
TF-201-132-008,132,1,Screening,Laboratory,1,2026-05-13
TF-201-132-008,132,2,Baseline,Vital Signs,1,2026-06-04
TF-201-132-008,132,2,Baseline,PASI Score,1,2026-06-09
TF-201-132-008,132,2,Baseline,Laboratory,1,2026-06-10
TF-201-132-008,132,2,Baseline,Randomisation,1,2026-06-11
TF-201-132-008,132,3,Week 4,Vital Signs,1,2026-06-29
TF-201-132-008,132,3,Week 4,PASI Score,0,
TF-201-132-008,132,3,Week 4,Adverse Events,1,2026-07-05
TF-201-132-008,132,4,Week 8,Vital Signs,1,2026-07-30
TF-201-132-008,132,4,Week 8,PASI Score,1,2026-08-06
TF-201-132-008,132,4,Week 8,Laboratory,1,2026-08-02
TF-201-132-008,132,4,Week 8,Adverse Events,1,2026-08-02
TF-201-132-008,132,5,Week 12,Vital Signs,1,2026-09-05
TF-201-132-008,132,5,Week 12,PASI Score,1,2026-08-26
TF-201-132-008,132,5,Week 12,Adverse Events,1,2026-09-02
TF-201-132-009,132,1,Screening,Demographics,1,2026-06-25
TF-201-132-009,132,1,Screening,Inclusion/Exclusion,1,2026-06-22
TF-201-132-009,132,1,Screening,Medical History,1,2026-06-18
TF-201-132-009,132,1,Screening,Informed Consent,1,2026-06-22
TF-201-132-009,132,1,Screening,Laboratory,1,2026-06-23
TF-201-132-009,132,2,Baseline,Vital Signs,1,2026-07-24
TF-201-132-009,132,2,Baseline,PASI Score,1,2026-07-20
TF-201-132-009,132,2,Baseline,Laboratory,1,2026-07-22
TF-201-132-009,132,2,Baseline,Randomisation,1,2026-07-16
TF-201-132-009,132,3,Week 4,Vital Signs,1,2026-08-25
TF-201-132-009,132,3,Week 4,PASI Score,1,2026-08-25
TF-201-132-009,132,3,Week 4,Adverse Events,1,2026-08-15
TF-201-132-010,132,1,Screening,Demographics,1,2026-04-10
TF-201-132-010,132,1,Screening,Inclusion/Exclusion,1,2026-04-09
TF-201-132-010,132,1,Screening,Medical History,1,2026-04-02
TF-201-132-010,132,1,Screening,Informed Consent,1,2026-04-04
TF-201-132-010,132,1,Screening,Laboratory,1,2026-04-08
TF-201-132-010,132,2,Baseline,Vital Signs,1,2026-04-28
TF-201-132-010,132,2,Baseline,PASI Score,1,2026-04-28
TF-201-132-010,132,2,Baseline,Laboratory,1,2026-05-01
TF-201-132-010,132,2,Baseline,Randomisation,1,2026-05-06
TF-201-132-010,132,3,Week 4,Vital Signs,1,2026-06-03
TF-201-132-010,132,3,Week 4,PASI Score,1,2026-05-27
TF-201-132-010,132,3,Week 4,Adverse Events,1,2026-05-26
TF-201-132-010,132,4,Week 8,Vital Signs,1,2026-06-29
TF-201-132-010,132,4,Week 8,PASI Score,1,2026-06-22
TF-201-132-010,132,4,Week 8,Laboratory,1,2026-06-22
TF-201-132-010,132,4,Week 8,Adverse Events,1,2026-06-26
TF-201-132-010,132,5,Week 12,Vital Signs,1,2026-07-23
TF-201-132-010,132,5,Week 12,PASI Score,1,2026-07-29
TF-201-132-010,132,5,Week 12,Adverse Events,1,2026-07-27
TF-201-132-010,132,6,Week 16 EOT,Vital Signs,1,2026-08-24
TF-201-132-010,132,6,Week 16 EOT,PASI Score,1,2026-08-23
TF-201-132-010,132,6,Week 16 EOT,Laboratory,1,2026-08-18
TF-201-132-010,132,6,Week 16 EOT,Adverse Events,1,2026-08-25
TF-201-132-010,132,6,Week 16 EOT,End of Treatment,1,2026-08-26
TF-201-132-011,132,1,Screening,Demographics,1,2025-11-03
TF-201-132-011,132,1,Screening,Inclusion/Exclusion,1,2025-10-31
TF-201-132-011,132,1,Screening,Medical History,1,2025-10-28
TF-201-132-011,132,1,Screening,Informed Consent,1,2025-10-29
TF-201-132-011,132,1,Screening,Laboratory,1,2025-11-04
TF-201-132-011,132,2,Baseline,Vital Signs,1,2025-11-22
TF-201-132-011,132,2,Baseline,PASI Score,1,2025-11-23
TF-201-132-011,132,2,Baseline,Laboratory,1,2025-11-23
TF-201-132-011,132,2,Baseline,Randomisation,1,2025-11-15
TF-201-132-011,132,3,Week 4,Vital Signs,1,2025-12-26
TF-201-132-011,132,3,Week 4,PASI Score,1,2025-12-26
TF-201-132-011,132,3,Week 4,Adverse Events,1,2025-12-19
TF-201-132-011,132,4,Week 8,Vital Signs,1,2026-01-10
TF-201-132-011,132,4,Week 8,PASI Score,1,2026-01-13
TF-201-132-011,132,4,Week 8,Laboratory,1,2026-01-14
TF-201-132-011,132,4,Week 8,Adverse Events,1,2026-01-16
TF-201-132-011,132,5,Week 12,Vital Signs,1,2026-02-07
TF-201-132-011,132,5,Week 12,PASI Score,1,2026-02-14
TF-201-132-011,132,5,Week 12,Adverse Events,1,2026-02-09
TF-201-132-011,132,6,Week 16 EOT,Vital Signs,1,2026-03-11
TF-201-132-011,132,6,Week 16 EOT,PASI Score,1,2026-03-06
TF-201-132-011,132,6,Week 16 EOT,Laboratory,1,2026-03-07
TF-201-132-011,132,6,Week 16 EOT,Adverse Events,1,2026-03-14
TF-201-132-011,132,6,Week 16 EOT,End of Treatment,1,2026-03-15
TF-201-132-012,132,1,Screening,Demographics,1,2025-04-28
TF-201-132-012,132,1,Screening,Inclusion/Exclusion,1,2025-04-22
TF-201-132-012,132,1,Screening,Medical History,1,2025-04-22
TF-201-132-012,132,1,Screening,Informed Consent,1,2025-04-28
TF-201-132-012,132,1,Screening,Laboratory,1,2025-04-20
TF-201-132-012,132,2,Baseline,Vital Signs,1,2025-05-22
TF-201-132-012,132,2,Baseline,PASI Score,1,2025-05-26
TF-201-132-012,132,2,Baseline,Laboratory,1,2025-05-31
TF-201-132-012,132,2,Baseline,Randomisation,1,2025-05-23
TF-201-132-012,132,3,Week 4,Vital Signs,1,2025-06-22
TF-201-132-012,132,3,Week 4,PASI Score,1,2025-06-28
TF-201-132-012,132,3,Week 4,Adverse Events,1,2025-06-29
TF-201-132-012,132,4,Week 8,Vital Signs,1,2025-07-16
TF-201-132-012,132,4,Week 8,PASI Score,1,2025-07-16
TF-201-132-012,132,4,Week 8,Laboratory,1,2025-07-16
TF-201-132-012,132,4,Week 8,Adverse Events,1,2025-07-21
TF-201-132-012,132,5,Week 12,Vital Signs,1,2025-08-25
TF-201-132-012,132,5,Week 12,PASI Score,1,2025-08-15
TF-201-132-012,132,5,Week 12,Adverse Events,1,2025-08-15
TF-201-132-012,132,6,Week 16 EOT,Vital Signs,1,2025-09-22
TF-201-132-012,132,6,Week 16 EOT,PASI Score,1,2025-09-11
TF-201-132-012,132,6,Week 16 EOT,Laboratory,1,2025-09-20
TF-201-132-012,132,6,Week 16 EOT,Adverse Events,1,2025-09-21
TF-201-132-012,132,6,Week 16 EOT,End of Treatment,1,2025-09-13
TF-201-132-013,132,1,Screening,Demographics,1,2025-10-24
TF-201-132-013,132,1,Screening,Inclusion/Exclusion,1,2025-10-23
TF-201-132-013,132,1,Screening,Medical History,1,2025-10-29
TF-201-132-013,132,1,Screening,Informed Consent,1,2025-10-26
TF-201-132-013,132,1,Screening,Laboratory,1,2025-10-18
TF-201-132-013,132,2,Baseline,Vital Signs,1,2025-11-10
TF-201-132-013,132,2,Baseline,PASI Score,1,2025-11-20
TF-201-132-013,132,2,Baseline,Laboratory,1,2025-11-11
TF-201-132-013,132,2,Baseline,Randomisation,1,2025-11-18
TF-201-132-013,132,3,Week 4,Vital Signs,1,2025-12-11
TF-201-132-013,132,3,Week 4,PASI Score,1,2025-12-11
TF-201-132-013,132,3,Week 4,Adverse Events,1,2025-12-11
TF-201-132-013,132,4,Week 8,Vital Signs,1,2026-01-19
TF-201-132-013,132,4,Week 8,PASI Score,1,2026-01-17
TF-201-132-013,132,4,Week 8,Laboratory,1,2026-01-15
TF-201-132-013,132,4,Week 8,Adverse Events,1,2026-01-15
TF-201-132-013,132,6,Week 16 EOT,Vital Signs,1,2026-03-12
TF-201-132-013,132,6,Week 16 EOT,PASI Score,1,2026-03-03
TF-201-132-013,132,6,Week 16 EOT,Laboratory,1,2026-03-06
TF-201-132-013,132,6,Week 16 EOT,Adverse Events,1,2026-03-10
TF-201-132-013,132,6,Week 16 EOT,End of Treatment,1,2026-03-06
TF-201-132-014,132,1,Screening,Demographics,1,2026-06-06
TF-201-132-014,132,1,Screening,Inclusion/Exclusion,1,2026-05-31
TF-201-132-014,132,1,Screening,Medical History,1,2026-06-03
TF-201-132-014,132,1,Screening,Informed Consent,1,2026-06-09
TF-201-132-014,132,1,Screening,Laboratory,1,2026-06-05
TF-201-132-014,132,2,Baseline,Vital Signs,1,2026-07-13
TF-201-132-014,132,2,Baseline,PASI Score,1,2026-07-19
TF-201-132-014,132,2,Baseline,Laboratory,1,2026-07-18
TF-201-132-014,132,2,Baseline,Randomisation,1,2026-07-14
TF-201-132-014,132,3,Week 4,Vital Signs,1,2026-08-12
TF-201-132-014,132,3,Week 4,PASI Score,1,2026-08-07
TF-201-132-014,132,3,Week 4,Adverse Events,1,2026-08-11
TF-201-132-014,132,4,Week 8,Vital Signs,1,2026-09-09
TF-201-132-014,132,4,Week 8,PASI Score,1,2026-09-13
TF-201-132-014,132,4,Week 8,Laboratory,1,2026-09-15
TF-201-132-014,132,4,Week 8,Adverse Events,1,2026-09-06
TF-201-132-015,132,1,Screening,Demographics,1,2025-11-04
TF-201-132-015,132,1,Screening,Inclusion/Exclusion,1,2025-10-31
TF-201-132-015,132,1,Screening,Medical History,1,2025-10-27
TF-201-132-015,132,1,Screening,Informed Consent,1,2025-11-06
TF-201-132-015,132,1,Screening,Laboratory,1,2025-11-03
TF-201-132-015,132,2,Baseline,Vital Signs,1,2025-12-02
TF-201-132-015,132,2,Baseline,PASI Score,1,2025-11-28
TF-201-132-015,132,2,Baseline,Laboratory,1,2025-11-23
TF-201-132-015,132,2,Baseline,Randomisation,1,2025-11-26
TF-201-132-015,132,3,Week 4,Vital Signs,1,2025-12-24
TF-201-132-015,132,3,Week 4,PASI Score,1,2025-12-22
TF-201-132-015,132,3,Week 4,Adverse Events,1,2025-12-22
TF-201-132-015,132,4,Week 8,Vital Signs,1,2026-01-27
TF-201-132-015,132,4,Week 8,PASI Score,1,2026-01-25
TF-201-132-015,132,4,Week 8,Laboratory,1,2026-01-19
TF-201-132-015,132,4,Week 8,Adverse Events,1,2026-01-18
TF-201-132-015,132,5,Week 12,Vital Signs,1,2026-02-27
TF-201-132-015,132,5,Week 12,PASI Score,1,2026-02-22
TF-201-132-015,132,5,Week 12,Adverse Events,1,2026-02-20
TF-201-132-015,132,6,Week 16 EOT,Vital Signs,1,2026-03-15
TF-201-132-015,132,6,Week 16 EOT,PASI Score,1,2026-03-11
TF-201-132-015,132,6,Week 16 EOT,Laboratory,1,2026-03-21
TF-201-132-015,132,6,Week 16 EOT,Adverse Events,1,2026-03-16
TF-201-132-015,132,6,Week 16 EOT,End of Treatment,1,2026-03-17
TF-201-132-016,132,1,Screening,Demographics,1,2025-10-06
TF-201-132-016,132,1,Screening,Inclusion/Exclusion,1,2025-10-09
TF-201-132-016,132,1,Screening,Medical History,1,2025-10-10
TF-201-132-016,132,1,Screening,Informed Consent,1,2025-10-06
TF-201-132-016,132,1,Screening,Laboratory,1,2025-10-08
TF-201-132-016,132,2,Baseline,Vital Signs,1,2025-11-09
TF-201-132-016,132,2,Baseline,PASI Score,1,2025-11-14
TF-201-132-016,132,2,Baseline,Laboratory,1,2025-11-11
TF-201-132-016,132,2,Baseline,Randomisation,1,2025-11-07
TF-201-132-016,132,4,Week 8,Vital Signs,1,2026-01-06
TF-201-132-016,132,4,Week 8,PASI Score,1,2026-01-13
TF-201-132-016,132,4,Week 8,Laboratory,1,2026-01-15
TF-201-132-016,132,4,Week 8,Adverse Events,1,2026-01-13
TF-201-132-016,132,6,Week 16 EOT,Vital Signs,1,2026-03-06
TF-201-132-016,132,6,Week 16 EOT,PASI Score,1,2026-03-11
TF-201-132-016,132,6,Week 16 EOT,Laboratory,1,2026-03-08
TF-201-132-016,132,6,Week 16 EOT,Adverse Events,1,2026-03-08
TF-201-132-016,132,6,Week 16 EOT,End of Treatment,1,2026-03-04
TF-201-132-017,132,1,Screening,Demographics,1,2025-03-28
TF-201-132-017,132,1,Screening,Inclusion/Exclusion,1,2025-03-28
TF-201-132-017,132,1,Screening,Medical History,1,2025-03-30
TF-201-132-017,132,1,Screening,Informed Consent,1,2025-04-01
TF-201-132-017,132,1,Screening,Laboratory,1,2025-03-31
TF-201-132-017,132,2,Baseline,Vital Signs,1,2025-05-09
TF-201-132-017,132,2,Baseline,PASI Score,1,2025-05-11
TF-201-132-017,132,2,Baseline,Laboratory,1,2025-05-08
TF-201-132-017,132,2,Baseline,Randomisation,1,2025-05-12
TF-201-132-017,132,3,Week 4,Vital Signs,1,2025-06-13
TF-201-132-017,132,3,Week 4,PASI Score,1,2025-06-13
TF-201-132-017,132,3,Week 4,Adverse Events,1,2025-06-14
TF-201-132-017,132,4,Week 8,Vital Signs,1,2025-07-09
TF-201-132-017,132,4,Week 8,PASI Score,1,2025-07-08
TF-201-132-017,132,4,Week 8,Laboratory,1,2025-07-11
TF-201-132-017,132,4,Week 8,Adverse Events,1,2025-07-07
TF-201-132-017,132,5,Week 12,Vital Signs,1,2025-08-05
TF-201-132-017,132,5,Week 12,PASI Score,1,2025-08-07
TF-201-132-017,132,5,Week 12,Adverse Events,1,2025-08-11
TF-201-132-017,132,6,Week 16 EOT,Vital Signs,1,2025-09-02
TF-201-132-017,132,6,Week 16 EOT,PASI Score,1,2025-08-31
TF-201-132-017,132,6,Week 16 EOT,Laboratory,1,2025-08-29
TF-201-132-017,132,6,Week 16 EOT,Adverse Events,1,2025-09-03
TF-201-132-017,132,6,Week 16 EOT,End of Treatment,1,2025-09-03
TF-201-132-018,132,1,Screening,Demographics,1,2025-07-27
TF-201-132-018,132,1,Screening,Inclusion/Exclusion,1,2025-08-01
TF-201-132-018,132,1,Screening,Medical History,1,2025-08-03
TF-201-132-018,132,1,Screening,Informed Consent,1,2025-07-31
TF-201-132-018,132,1,Screening,Laboratory,1,2025-07-26
TF-201-132-018,132,2,Baseline,Vital Signs,1,2025-08-18
TF-201-132-018,132,2,Baseline,PASI Score,1,2025-08-24
TF-201-132-018,132,2,Baseline,Laboratory,1,2025-08-24
TF-201-132-018,132,2,Baseline,Randomisation,1,2025-08-24
TF-201-132-018,132,3,Week 4,Vital Signs,1,2025-09-19
TF-201-132-018,132,3,Week 4,PASI Score,1,2025-09-15
TF-201-132-018,132,3,Week 4,Adverse Events,1,2025-09-23
TF-201-132-018,132,4,Week 8,Vital Signs,1,2025-10-17
TF-201-132-018,132,4,Week 8,PASI Score,1,2025-10-12
TF-201-132-018,132,4,Week 8,Laboratory,1,2025-10-16
TF-201-132-018,132,4,Week 8,Adverse Events,1,2025-10-14
TF-201-132-018,132,6,Week 16 EOT,Vital Signs,1,2025-12-08
TF-201-132-018,132,6,Week 16 EOT,PASI Score,1,2025-12-14
TF-201-132-018,132,6,Week 16 EOT,Laboratory,1,2025-12-09
TF-201-132-018,132,6,Week 16 EOT,Adverse Events,1,2025-12-09
TF-201-132-018,132,6,Week 16 EOT,End of Treatment,1,2025-12-10
TF-201-132-019,132,1,Screening,Demographics,1,2025-12-10
TF-201-132-019,132,1,Screening,Inclusion/Exclusion,1,2025-12-11
TF-201-132-019,132,1,Screening,Medical History,1,2025-12-16
TF-201-132-019,132,1,Screening,Informed Consent,1,2025-12-11
TF-201-132-019,132,1,Screening,Laboratory,1,2025-12-16
TF-201-132-019,132,2,Baseline,Vital Signs,1,2025-12-30
TF-201-132-019,132,2,Baseline,PASI Score,1,2025-12-27
TF-201-132-019,132,2,Baseline,Laboratory,1,2026-01-01
TF-201-132-019,132,2,Baseline,Randomisation,1,2026-01-03
TF-201-132-019,132,3,Week 4,Vital Signs,1,2026-02-02
TF-201-132-019,132,3,Week 4,PASI Score,1,2026-01-31
TF-201-132-019,132,3,Week 4,Adverse Events,0,
TF-201-132-019,132,4,Week 8,Vital Signs,1,2026-03-07
TF-201-132-019,132,4,Week 8,PASI Score,1,2026-03-03
TF-201-132-019,132,4,Week 8,Laboratory,1,2026-03-01
TF-201-132-019,132,4,Week 8,Adverse Events,1,2026-03-02
TF-201-132-019,132,5,Week 12,Vital Signs,1,2026-03-21
TF-201-132-019,132,5,Week 12,PASI Score,1,2026-03-28
TF-201-132-019,132,5,Week 12,Adverse Events,1,2026-03-29
TF-201-132-019,132,6,Week 16 EOT,Vital Signs,1,2026-05-03
TF-201-132-019,132,6,Week 16 EOT,PASI Score,1,2026-05-10
TF-201-132-019,132,6,Week 16 EOT,Laboratory,1,2026-05-03
TF-201-132-019,132,6,Week 16 EOT,Adverse Events,1,2026-05-03
TF-201-132-019,132,6,Week 16 EOT,End of Treatment,1,2026-05-02
TF-201-132-020,132,1,Screening,Demographics,1,2025-09-07
TF-201-132-020,132,1,Screening,Inclusion/Exclusion,1,2025-09-09
TF-201-132-020,132,1,Screening,Medical History,1,2025-09-08
TF-201-132-020,132,1,Screening,Informed Consent,1,2025-09-06
TF-201-132-020,132,1,Screening,Laboratory,1,2025-08-31
TF-201-132-020,132,2,Baseline,Vital Signs,1,2025-09-26
TF-201-132-020,132,2,Baseline,PASI Score,1,2025-10-02
TF-201-132-020,132,2,Baseline,Laboratory,1,2025-10-03
TF-201-132-020,132,2,Baseline,Randomisation,1,2025-09-30
TF-201-132-020,132,3,Week 4,Vital Signs,1,2025-10-29
TF-201-132-020,132,3,Week 4,PASI Score,1,2025-10-20
TF-201-132-020,132,3,Week 4,Adverse Events,1,2025-10-21
TF-201-132-020,132,4,Week 8,Vital Signs,0,
TF-201-132-020,132,4,Week 8,PASI Score,1,2025-11-23
TF-201-132-020,132,4,Week 8,Laboratory,1,2025-11-29
TF-201-132-020,132,4,Week 8,Adverse Events,1,2025-11-25
TF-201-132-020,132,5,Week 12,Vital Signs,1,2025-12-20
TF-201-132-020,132,5,Week 12,PASI Score,1,2025-12-19
TF-201-132-020,132,5,Week 12,Adverse Events,1,2025-12-17
TF-201-132-020,132,6,Week 16 EOT,Vital Signs,1,2026-01-20
TF-201-132-020,132,6,Week 16 EOT,PASI Score,1,2026-01-24
TF-201-132-020,132,6,Week 16 EOT,Laboratory,1,2026-01-17
TF-201-132-020,132,6,Week 16 EOT,Adverse Events,1,2026-01-23
TF-201-132-020,132,6,Week 16 EOT,End of Treatment,1,2026-01-22
TF-201-132-021,132,1,Screening,Demographics,1,2026-06-22
TF-201-132-021,132,1,Screening,Inclusion/Exclusion,1,2026-06-15
TF-201-132-021,132,1,Screening,Medical History,0,
TF-201-132-021,132,1,Screening,Informed Consent,1,2026-06-18
TF-201-132-021,132,1,Screening,Laboratory,1,2026-06-21
TF-201-132-022,132,1,Screening,Demographics,1,2026-01-08
TF-201-132-022,132,1,Screening,Inclusion/Exclusion,1,2026-01-09
TF-201-132-022,132,1,Screening,Medical History,1,2026-01-04
TF-201-132-022,132,1,Screening,Informed Consent,1,2026-01-09
TF-201-132-022,132,1,Screening,Laboratory,1,2026-01-08
TF-201-132-022,132,2,Baseline,Vital Signs,1,2026-02-18
TF-201-132-022,132,2,Baseline,PASI Score,1,2026-02-09
TF-201-132-022,132,2,Baseline,Laboratory,1,2026-02-17
TF-201-132-022,132,2,Baseline,Randomisation,1,2026-02-14
TF-201-132-022,132,3,Week 4,Vital Signs,1,2026-03-18
TF-201-132-022,132,3,Week 4,PASI Score,1,2026-03-13
TF-201-132-022,132,3,Week 4,Adverse Events,1,2026-03-17
TF-201-132-022,132,4,Week 8,Vital Signs,1,2026-04-09
TF-201-132-022,132,4,Week 8,PASI Score,1,2026-04-07
TF-201-132-022,132,4,Week 8,Laboratory,1,2026-04-09
TF-201-132-022,132,4,Week 8,Adverse Events,1,2026-04-07
TF-201-132-022,132,5,Week 12,Vital Signs,1,2026-05-08
TF-201-132-022,132,5,Week 12,PASI Score,1,2026-04-30
TF-201-132-022,132,5,Week 12,Adverse Events,1,2026-05-04
TF-201-132-022,132,6,Week 16 EOT,Vital Signs,1,2026-05-29
TF-201-132-022,132,6,Week 16 EOT,PASI Score,1,2026-05-31
TF-201-132-022,132,6,Week 16 EOT,Laboratory,1,2026-05-26
TF-201-132-022,132,6,Week 16 EOT,Adverse Events,1,2026-05-30
TF-201-132-022,132,6,Week 16 EOT,End of Treatment,1,2026-05-28
TF-201-133-001,133,1,Screening,Demographics,1,2026-07-26
TF-201-133-001,133,1,Screening,Inclusion/Exclusion,1,2026-07-31
TF-201-133-001,133,1,Screening,Medical History,1,2026-07-28
TF-201-133-001,133,1,Screening,Informed Consent,1,2026-07-31
TF-201-133-001,133,1,Screening,Laboratory,1,2026-08-06
TF-201-133-001,133,2,Baseline,Vital Signs,1,2026-08-26
TF-201-133-001,133,2,Baseline,PASI Score,1,2026-08-19
TF-201-133-001,133,2,Baseline,Laboratory,1,2026-08-23
TF-201-133-001,133,2,Baseline,Randomisation,1,2026-08-23
TF-201-133-002,133,1,Screening,Demographics,1,2025-06-24
TF-201-133-002,133,1,Screening,Inclusion/Exclusion,1,2025-06-26
TF-201-133-002,133,1,Screening,Medical History,1,2025-06-18
TF-201-133-002,133,1,Screening,Informed Consent,1,2025-06-26
TF-201-133-002,133,1,Screening,Laboratory,1,2025-06-18
TF-201-133-002,133,2,Baseline,Vital Signs,1,2025-07-26
TF-201-133-002,133,2,Baseline,PASI Score,1,2025-07-29
TF-201-133-002,133,2,Baseline,Laboratory,1,2025-08-02
TF-201-133-002,133,2,Baseline,Randomisation,1,2025-07-24
TF-201-133-002,133,3,Week 4,Vital Signs,1,2025-08-25
TF-201-133-002,133,3,Week 4,PASI Score,1,2025-08-17
TF-201-133-002,133,3,Week 4,Adverse Events,1,2025-08-20
TF-201-133-002,133,4,Week 8,Vital Signs,1,2025-09-25
TF-201-133-002,133,4,Week 8,PASI Score,1,2025-09-26
TF-201-133-002,133,4,Week 8,Laboratory,1,2025-09-21
TF-201-133-002,133,4,Week 8,Adverse Events,1,2025-09-23
TF-201-133-002,133,5,Week 12,Vital Signs,1,2025-10-20
TF-201-133-002,133,5,Week 12,PASI Score,1,2025-10-16
TF-201-133-002,133,5,Week 12,Adverse Events,1,2025-10-17
TF-201-133-002,133,6,Week 16 EOT,Vital Signs,1,2025-11-12
TF-201-133-002,133,6,Week 16 EOT,PASI Score,1,2025-11-14
TF-201-133-002,133,6,Week 16 EOT,Laboratory,1,2025-11-09
TF-201-133-002,133,6,Week 16 EOT,Adverse Events,1,2025-11-10
TF-201-133-002,133,6,Week 16 EOT,End of Treatment,1,2025-11-13
TF-201-133-003,133,1,Screening,Demographics,1,2026-07-21
TF-201-133-003,133,1,Screening,Inclusion/Exclusion,1,2026-07-31
TF-201-133-003,133,1,Screening,Medical History,1,2026-07-27
TF-201-133-003,133,1,Screening,Informed Consent,1,2026-07-29
TF-201-133-003,133,1,Screening,Laboratory,0,
TF-201-133-003,133,2,Baseline,Vital Signs,1,2026-08-20
TF-201-133-003,133,2,Baseline,PASI Score,1,2026-08-18
TF-201-133-003,133,2,Baseline,Laboratory,1,2026-08-23
TF-201-133-003,133,2,Baseline,Randomisation,1,2026-08-19
TF-201-133-004,133,1,Screening,Demographics,1,2025-06-25
TF-201-133-004,133,1,Screening,Inclusion/Exclusion,1,2025-06-23
TF-201-133-004,133,1,Screening,Medical History,1,2025-06-23
TF-201-133-004,133,1,Screening,Informed Consent,1,2025-06-17
TF-201-133-004,133,1,Screening,Laboratory,1,2025-06-21
TF-201-133-004,133,2,Baseline,Vital Signs,1,2025-08-02
TF-201-133-004,133,2,Baseline,PASI Score,1,2025-07-28
TF-201-133-004,133,2,Baseline,Laboratory,1,2025-07-26
TF-201-133-004,133,2,Baseline,Randomisation,1,2025-07-29
TF-201-133-004,133,3,Week 4,Vital Signs,1,2025-09-01
TF-201-133-004,133,3,Week 4,PASI Score,1,2025-09-01
TF-201-133-004,133,3,Week 4,Adverse Events,1,2025-09-01
TF-201-133-004,133,4,Week 8,Vital Signs,1,2025-09-26
TF-201-133-004,133,4,Week 8,PASI Score,1,2025-09-20
TF-201-133-004,133,4,Week 8,Laboratory,1,2025-09-24
TF-201-133-004,133,4,Week 8,Adverse Events,1,2025-09-21
TF-201-133-004,133,5,Week 12,Vital Signs,1,2025-10-27
TF-201-133-004,133,5,Week 12,PASI Score,1,2025-10-23
TF-201-133-004,133,5,Week 12,Adverse Events,1,2025-10-20
TF-201-133-004,133,6,Week 16 EOT,Vital Signs,1,2025-11-06
TF-201-133-004,133,6,Week 16 EOT,PASI Score,1,2025-11-16
TF-201-133-004,133,6,Week 16 EOT,Laboratory,1,2025-11-14
TF-201-133-004,133,6,Week 16 EOT,Adverse Events,1,2025-11-16
TF-201-133-004,133,6,Week 16 EOT,End of Treatment,1,2025-11-08
TF-201-133-005,133,1,Screening,Demographics,1,2025-08-29
TF-201-133-005,133,1,Screening,Inclusion/Exclusion,1,2025-08-28
TF-201-133-005,133,1,Screening,Medical History,1,2025-08-21
TF-201-133-005,133,1,Screening,Informed Consent,1,2025-08-22
TF-201-133-005,133,1,Screening,Laboratory,1,2025-08-27
TF-201-133-005,133,2,Baseline,Vital Signs,1,2025-09-16
TF-201-133-005,133,2,Baseline,PASI Score,1,2025-09-05
TF-201-133-005,133,2,Baseline,Laboratory,1,2025-09-12
TF-201-133-005,133,2,Baseline,Randomisation,1,2025-09-07
TF-201-133-005,133,3,Week 4,Vital Signs,1,2025-10-05
TF-201-133-005,133,3,Week 4,PASI Score,1,2025-10-12
TF-201-133-005,133,3,Week 4,Adverse Events,1,2025-10-09
TF-201-133-005,133,4,Week 8,Vital Signs,1,2025-11-01
TF-201-133-005,133,4,Week 8,PASI Score,1,2025-11-03
TF-201-133-005,133,4,Week 8,Laboratory,1,2025-11-11
TF-201-133-005,133,4,Week 8,Adverse Events,1,2025-11-02
TF-201-133-005,133,5,Week 12,Vital Signs,1,2025-12-08
TF-201-133-005,133,5,Week 12,PASI Score,1,2025-12-02
TF-201-133-005,133,5,Week 12,Adverse Events,1,2025-12-05
TF-201-133-005,133,6,Week 16 EOT,Vital Signs,1,2026-01-12
TF-201-133-005,133,6,Week 16 EOT,PASI Score,1,2026-01-20
TF-201-133-005,133,6,Week 16 EOT,Laboratory,1,2026-01-14
TF-201-133-005,133,6,Week 16 EOT,Adverse Events,1,2026-01-15
TF-201-133-005,133,6,Week 16 EOT,End of Treatment,1,2026-01-13
TF-201-133-006,133,1,Screening,Demographics,1,2026-08-23
TF-201-133-006,133,1,Screening,Inclusion/Exclusion,1,2026-08-21
TF-201-133-006,133,1,Screening,Medical History,1,2026-08-18
TF-201-133-006,133,1,Screening,Informed Consent,1,2026-08-25
TF-201-133-006,133,1,Screening,Laboratory,1,2026-08-25
TF-201-133-006,133,2,Baseline,Vital Signs,1,2026-09-01
TF-201-133-006,133,2,Baseline,PASI Score,1,2026-09-01
TF-201-133-006,133,2,Baseline,Laboratory,1,2026-09-07
TF-201-133-006,133,2,Baseline,Randomisation,1,2026-09-07
TF-201-133-007,133,1,Screening,Demographics,1,2026-02-02
TF-201-133-007,133,1,Screening,Inclusion/Exclusion,1,2026-01-28
TF-201-133-007,133,1,Screening,Medical History,1,2026-01-29
TF-201-133-007,133,1,Screening,Informed Consent,1,2026-01-28
TF-201-133-007,133,1,Screening,Laboratory,1,2026-02-05
TF-201-133-007,133,2,Baseline,Vital Signs,1,2026-02-26
TF-201-133-007,133,2,Baseline,PASI Score,1,2026-02-18
TF-201-133-007,133,2,Baseline,Laboratory,1,2026-02-26
TF-201-133-007,133,2,Baseline,Randomisation,1,2026-02-26
TF-201-133-007,133,3,Week 4,Vital Signs,1,2026-03-30
TF-201-133-007,133,3,Week 4,PASI Score,1,2026-03-21
TF-201-133-007,133,3,Week 4,Adverse Events,1,2026-03-23
TF-201-133-007,133,4,Week 8,Vital Signs,1,2026-04-25
TF-201-133-007,133,4,Week 8,PASI Score,1,2026-05-03
TF-201-133-007,133,4,Week 8,Laboratory,1,2026-04-28
TF-201-133-007,133,4,Week 8,Adverse Events,1,2026-04-30
TF-201-133-007,133,5,Week 12,Vital Signs,1,2026-05-25
TF-201-133-007,133,5,Week 12,PASI Score,1,2026-05-17
TF-201-133-007,133,5,Week 12,Adverse Events,1,2026-05-23
TF-201-133-007,133,6,Week 16 EOT,Vital Signs,1,2026-06-17
TF-201-133-007,133,6,Week 16 EOT,PASI Score,1,2026-06-25
TF-201-133-007,133,6,Week 16 EOT,Laboratory,1,2026-06-25
TF-201-133-007,133,6,Week 16 EOT,Adverse Events,1,2026-06-19
TF-201-133-007,133,6,Week 16 EOT,End of Treatment,1,2026-06-22
TF-201-133-008,133,1,Screening,Demographics,0,
TF-201-133-008,133,1,Screening,Inclusion/Exclusion,1,2026-03-06
TF-201-133-008,133,1,Screening,Medical History,1,2026-03-06
TF-201-133-008,133,1,Screening,Informed Consent,1,2026-03-15
TF-201-133-008,133,1,Screening,Laboratory,1,2026-03-05
TF-201-133-008,133,2,Baseline,Vital Signs,1,2026-04-20
TF-201-133-008,133,2,Baseline,PASI Score,1,2026-04-16
TF-201-133-008,133,2,Baseline,Laboratory,1,2026-04-10
TF-201-133-008,133,2,Baseline,Randomisation,1,2026-04-18
TF-201-133-008,133,3,Week 4,Vital Signs,1,2026-05-12
TF-201-133-008,133,3,Week 4,PASI Score,1,2026-05-17
TF-201-133-008,133,3,Week 4,Adverse Events,1,2026-05-15
TF-201-133-008,133,4,Week 8,Vital Signs,1,2026-06-06
TF-201-133-008,133,4,Week 8,PASI Score,1,2026-06-12
TF-201-133-008,133,4,Week 8,Laboratory,1,2026-06-10
TF-201-133-008,133,4,Week 8,Adverse Events,1,2026-06-14
TF-201-133-008,133,5,Week 12,Vital Signs,1,2026-06-30
TF-201-133-008,133,5,Week 12,PASI Score,1,2026-07-07
TF-201-133-008,133,5,Week 12,Adverse Events,1,2026-07-06
TF-201-133-008,133,6,Week 16 EOT,Vital Signs,1,2026-08-07
TF-201-133-008,133,6,Week 16 EOT,PASI Score,1,2026-08-02
TF-201-133-008,133,6,Week 16 EOT,Laboratory,1,2026-08-08
TF-201-133-008,133,6,Week 16 EOT,Adverse Events,1,2026-08-04
TF-201-133-008,133,6,Week 16 EOT,End of Treatment,1,2026-08-06
TF-201-133-009,133,1,Screening,Demographics,1,2026-06-24
TF-201-133-009,133,1,Screening,Inclusion/Exclusion,1,2026-06-22
TF-201-133-009,133,1,Screening,Medical History,1,2026-06-21
TF-201-133-009,133,1,Screening,Informed Consent,1,2026-06-16
TF-201-133-009,133,1,Screening,Laboratory,1,2026-06-24
TF-201-133-009,133,2,Baseline,Vital Signs,1,2026-07-14
TF-201-133-009,133,2,Baseline,PASI Score,1,2026-07-14
TF-201-133-009,133,2,Baseline,Laboratory,1,2026-07-14
TF-201-133-009,133,2,Baseline,Randomisation,1,2026-07-09
TF-201-133-009,133,3,Week 4,Vital Signs,1,2026-08-09
TF-201-133-009,133,3,Week 4,PASI Score,1,2026-08-01
TF-201-133-009,133,3,Week 4,Adverse Events,1,2026-08-10
TF-201-133-009,133,4,Week 8,Vital Signs,1,2026-09-01
TF-201-133-009,133,4,Week 8,PASI Score,1,2026-08-28
TF-201-133-009,133,4,Week 8,Laboratory,1,2026-09-06
TF-201-133-009,133,4,Week 8,Adverse Events,1,2026-09-08
TF-201-133-010,133,1,Screening,Demographics,1,2025-05-28
TF-201-133-010,133,1,Screening,Inclusion/Exclusion,1,2025-06-02
TF-201-133-010,133,1,Screening,Medical History,1,2025-06-01
TF-201-133-010,133,1,Screening,Informed Consent,1,2025-05-29
TF-201-133-010,133,1,Screening,Laboratory,1,2025-05-28
TF-201-133-010,133,2,Baseline,Vital Signs,1,2025-06-26
TF-201-133-010,133,2,Baseline,PASI Score,1,2025-06-29
TF-201-133-010,133,2,Baseline,Laboratory,1,2025-06-28
TF-201-133-010,133,2,Baseline,Randomisation,1,2025-06-27
TF-201-133-010,133,3,Week 4,Vital Signs,1,2025-07-27
TF-201-133-010,133,3,Week 4,PASI Score,1,2025-07-22
TF-201-133-010,133,3,Week 4,Adverse Events,1,2025-08-01
TF-201-133-010,133,4,Week 8,Vital Signs,1,2025-08-28
TF-201-133-010,133,4,Week 8,PASI Score,1,2025-08-31
TF-201-133-010,133,4,Week 8,Laboratory,1,2025-08-29
TF-201-133-010,133,4,Week 8,Adverse Events,1,2025-08-27
TF-201-133-010,133,5,Week 12,Vital Signs,1,2025-09-24
TF-201-133-010,133,5,Week 12,PASI Score,1,2025-09-19
TF-201-133-010,133,5,Week 12,Adverse Events,1,2025-09-25
TF-201-133-010,133,6,Week 16 EOT,Vital Signs,1,2025-10-19
TF-201-133-010,133,6,Week 16 EOT,PASI Score,1,2025-10-24
TF-201-133-010,133,6,Week 16 EOT,Laboratory,1,2025-10-26
TF-201-133-010,133,6,Week 16 EOT,Adverse Events,1,2025-10-21
TF-201-133-010,133,6,Week 16 EOT,End of Treatment,1,2025-10-27
TF-201-133-011,133,1,Screening,Demographics,1,2026-05-16
TF-201-133-011,133,1,Screening,Inclusion/Exclusion,1,2026-05-14
TF-201-133-011,133,1,Screening,Medical History,1,2026-05-15
TF-201-133-011,133,1,Screening,Informed Consent,1,2026-05-14
TF-201-133-011,133,1,Screening,Laboratory,1,2026-05-15
TF-201-133-011,133,2,Baseline,Vital Signs,1,2026-06-13
TF-201-133-011,133,2,Baseline,PASI Score,1,2026-06-06
TF-201-133-011,133,2,Baseline,Laboratory,1,2026-06-11
TF-201-133-011,133,2,Baseline,Randomisation,1,2026-06-14
TF-201-133-011,133,3,Week 4,Vital Signs,1,2026-07-14
TF-201-133-011,133,3,Week 4,PASI Score,1,2026-07-14
TF-201-133-011,133,3,Week 4,Adverse Events,1,2026-07-13
TF-201-133-011,133,4,Week 8,Vital Signs,1,2026-08-03
TF-201-133-011,133,4,Week 8,PASI Score,1,2026-08-04
TF-201-133-011,133,4,Week 8,Laboratory,1,2026-08-01
TF-201-133-011,133,4,Week 8,Adverse Events,1,2026-08-05
TF-201-133-011,133,5,Week 12,Vital Signs,1,2026-08-25
TF-201-133-011,133,5,Week 12,PASI Score,1,2026-08-23
TF-201-133-011,133,5,Week 12,Adverse Events,1,2026-08-19
TF-201-133-012,133,1,Screening,Demographics,1,2026-05-13
TF-201-133-012,133,1,Screening,Inclusion/Exclusion,1,2026-05-15
TF-201-133-012,133,1,Screening,Medical History,1,2026-05-21
TF-201-133-012,133,1,Screening,Informed Consent,1,2026-05-12
TF-201-133-012,133,1,Screening,Laboratory,1,2026-05-21
TF-201-133-012,133,2,Baseline,Vital Signs,1,2026-06-05
TF-201-133-012,133,2,Baseline,PASI Score,1,2026-06-07
TF-201-133-012,133,2,Baseline,Laboratory,1,2026-05-27
TF-201-133-012,133,2,Baseline,Randomisation,1,2026-06-01
TF-201-133-012,133,3,Week 4,Vital Signs,1,2026-07-01
TF-201-133-012,133,3,Week 4,PASI Score,1,2026-07-01
TF-201-133-012,133,3,Week 4,Adverse Events,1,2026-06-25
TF-201-133-012,133,4,Week 8,Vital Signs,1,2026-07-27
TF-201-133-012,133,4,Week 8,PASI Score,1,2026-08-04
TF-201-133-012,133,4,Week 8,Laboratory,1,2026-07-27
TF-201-133-012,133,4,Week 8,Adverse Events,1,2026-08-03
TF-201-133-012,133,5,Week 12,Vital Signs,1,2026-08-23
TF-201-133-012,133,5,Week 12,PASI Score,1,2026-08-27
TF-201-133-012,133,5,Week 12,Adverse Events,1,2026-08-17
TF-201-133-013,133,1,Screening,Demographics,1,2026-04-29
TF-201-133-013,133,1,Screening,Inclusion/Exclusion,1,2026-05-07
TF-201-133-013,133,1,Screening,Medical History,1,2026-05-06
TF-201-133-013,133,1,Screening,Informed Consent,1,2026-05-04
TF-201-133-013,133,1,Screening,Laboratory,1,2026-05-10
TF-201-133-013,133,2,Baseline,Vital Signs,1,2026-05-19
TF-201-133-013,133,2,Baseline,PASI Score,1,2026-05-19
TF-201-133-013,133,2,Baseline,Laboratory,1,2026-05-22
TF-201-133-013,133,2,Baseline,Randomisation,1,2026-05-27
TF-201-133-013,133,3,Week 4,Vital Signs,1,2026-06-14
TF-201-133-013,133,3,Week 4,PASI Score,1,2026-06-16
TF-201-133-013,133,3,Week 4,Adverse Events,1,2026-06-13
TF-201-133-013,133,4,Week 8,Vital Signs,1,2026-07-10
TF-201-133-013,133,4,Week 8,PASI Score,1,2026-07-19
TF-201-133-013,133,4,Week 8,Laboratory,1,2026-07-11
TF-201-133-013,133,4,Week 8,Adverse Events,0,
TF-201-133-013,133,5,Week 12,Vital Signs,1,2026-08-11
TF-201-133-013,133,5,Week 12,PASI Score,1,2026-08-15
TF-201-133-013,133,5,Week 12,Adverse Events,1,2026-08-18
TF-201-133-013,133,6,Week 16 EOT,Vital Signs,1,2026-09-09
TF-201-133-013,133,6,Week 16 EOT,PASI Score,1,2026-09-11
TF-201-133-013,133,6,Week 16 EOT,Laboratory,1,2026-09-12
TF-201-133-013,133,6,Week 16 EOT,Adverse Events,1,2026-09-10
TF-201-133-013,133,6,Week 16 EOT,End of Treatment,1,2026-09-04
TF-201-133-014,133,1,Screening,Demographics,1,2025-07-06
TF-201-133-014,133,1,Screening,Inclusion/Exclusion,1,2025-07-01
TF-201-133-014,133,1,Screening,Medical History,1,2025-07-08
TF-201-133-014,133,1,Screening,Informed Consent,1,2025-07-01
TF-201-133-014,133,1,Screening,Laboratory,1,2025-07-05
TF-201-133-014,133,2,Baseline,Vital Signs,1,2025-08-03
TF-201-133-014,133,2,Baseline,PASI Score,1,2025-07-28
TF-201-133-014,133,2,Baseline,Laboratory,1,2025-07-26
TF-201-133-014,133,2,Baseline,Randomisation,1,2025-07-30
TF-201-133-014,133,3,Week 4,Vital Signs,1,2025-08-21
TF-201-133-014,133,3,Week 4,PASI Score,1,2025-08-27
TF-201-133-014,133,3,Week 4,Adverse Events,1,2025-08-30
TF-201-133-014,133,4,Week 8,Vital Signs,1,2025-10-01
TF-201-133-014,133,4,Week 8,PASI Score,1,2025-10-01
TF-201-133-014,133,4,Week 8,Laboratory,1,2025-09-25
TF-201-133-014,133,4,Week 8,Adverse Events,1,2025-09-26
TF-201-133-014,133,5,Week 12,Vital Signs,1,2025-10-29
TF-201-133-014,133,5,Week 12,PASI Score,1,2025-10-21
TF-201-133-014,133,5,Week 12,Adverse Events,1,2025-10-21
TF-201-133-014,133,6,Week 16 EOT,Vital Signs,1,2025-11-15
TF-201-133-014,133,6,Week 16 EOT,PASI Score,1,2025-11-20
TF-201-133-014,133,6,Week 16 EOT,Laboratory,1,2025-11-11
TF-201-133-014,133,6,Week 16 EOT,Adverse Events,1,2025-11-15
TF-201-133-014,133,6,Week 16 EOT,End of Treatment,1,2025-11-15
TF-201-133-015,133,1,Screening,Demographics,1,2026-01-31
TF-201-133-015,133,1,Screening,Inclusion/Exclusion,0,
TF-201-133-015,133,1,Screening,Medical History,1,2026-02-06
TF-201-133-015,133,1,Screening,Informed Consent,1,2026-01-29
TF-201-133-015,133,1,Screening,Laboratory,1,2026-02-03
TF-201-133-015,133,2,Baseline,Vital Signs,1,2026-02-21
TF-201-133-015,133,2,Baseline,PASI Score,1,2026-02-22
TF-201-133-015,133,2,Baseline,Laboratory,1,2026-02-27
TF-201-133-015,133,2,Baseline,Randomisation,1,2026-02-24
TF-201-133-015,133,3,Week 4,Vital Signs,1,2026-03-29
TF-201-133-015,133,3,Week 4,PASI Score,1,2026-03-21
TF-201-133-015,133,3,Week 4,Adverse Events,1,2026-03-24
TF-201-133-015,133,4,Week 8,Vital Signs,1,2026-04-22
TF-201-133-015,133,4,Week 8,PASI Score,1,2026-04-23
TF-201-133-015,133,4,Week 8,Laboratory,1,2026-04-23
TF-201-133-015,133,4,Week 8,Adverse Events,1,2026-04-16
TF-201-133-015,133,5,Week 12,Vital Signs,1,2026-05-13
TF-201-133-015,133,5,Week 12,PASI Score,1,2026-05-17
TF-201-133-015,133,5,Week 12,Adverse Events,1,2026-05-11
TF-201-133-015,133,6,Week 16 EOT,Vital Signs,1,2026-06-16
TF-201-133-015,133,6,Week 16 EOT,PASI Score,1,2026-06-25
TF-201-133-015,133,6,Week 16 EOT,Laboratory,1,2026-06-21
TF-201-133-015,133,6,Week 16 EOT,Adverse Events,1,2026-06-21
TF-201-133-015,133,6,Week 16 EOT,End of Treatment,1,2026-06-19
TF-201-133-016,133,1,Screening,Demographics,1,2026-01-12
TF-201-133-016,133,1,Screening,Inclusion/Exclusion,0,
TF-201-133-016,133,1,Screening,Medical History,1,2026-01-20
TF-201-133-016,133,1,Screening,Informed Consent,1,2026-01-12
TF-201-133-016,133,1,Screening,Laboratory,1,2026-01-12
TF-201-133-016,133,2,Baseline,Vital Signs,1,2026-02-16
TF-201-133-016,133,2,Baseline,PASI Score,1,2026-02-18
TF-201-133-016,133,2,Baseline,Laboratory,1,2026-02-14
TF-201-133-016,133,2,Baseline,Randomisation,1,2026-02-11
TF-201-133-016,133,3,Week 4,Vital Signs,1,2026-03-15
TF-201-133-016,133,3,Week 4,PASI Score,1,2026-03-12
TF-201-133-016,133,3,Week 4,Adverse Events,1,2026-03-14
TF-201-133-016,133,4,Week 8,Vital Signs,1,2026-04-13
TF-201-133-016,133,4,Week 8,PASI Score,1,2026-04-18
TF-201-133-016,133,4,Week 8,Laboratory,1,2026-04-08
TF-201-133-016,133,4,Week 8,Adverse Events,1,2026-04-10
TF-201-133-016,133,5,Week 12,Vital Signs,1,2026-04-29
TF-201-133-016,133,5,Week 12,PASI Score,1,2026-05-04
TF-201-133-016,133,5,Week 12,Adverse Events,1,2026-05-06
TF-201-133-016,133,6,Week 16 EOT,Vital Signs,1,2026-06-03
TF-201-133-016,133,6,Week 16 EOT,PASI Score,1,2026-06-09
TF-201-133-016,133,6,Week 16 EOT,Laboratory,1,2026-05-31
TF-201-133-016,133,6,Week 16 EOT,Adverse Events,1,2026-06-02
TF-201-133-016,133,6,Week 16 EOT,End of Treatment,1,2026-05-31
TF-201-133-017,133,1,Screening,Demographics,1,2026-07-04
TF-201-133-017,133,1,Screening,Inclusion/Exclusion,1,2026-07-09
TF-201-133-017,133,1,Screening,Medical History,1,2026-07-11
TF-201-133-017,133,1,Screening,Informed Consent,1,2026-07-03
TF-201-133-017,133,1,Screening,Laboratory,1,2026-07-04
TF-201-133-017,133,2,Baseline,Vital Signs,1,2026-07-31
TF-201-133-017,133,2,Baseline,PASI Score,1,2026-08-06
TF-201-133-017,133,2,Baseline,Laboratory,1,2026-08-05
TF-201-133-017,133,2,Baseline,Randomisation,1,2026-07-30
TF-201-133-017,133,3,Week 4,Vital Signs,1,2026-09-01
TF-201-133-017,133,3,Week 4,PASI Score,1,2026-08-29
TF-201-133-017,133,3,Week 4,Adverse Events,1,2026-09-01
TF-201-133-018,133,1,Screening,Demographics,1,2026-04-11
TF-201-133-018,133,1,Screening,Inclusion/Exclusion,1,2026-04-09
TF-201-133-018,133,1,Screening,Medical History,1,2026-04-05
TF-201-133-018,133,1,Screening,Informed Consent,1,2026-04-09
TF-201-133-018,133,1,Screening,Laboratory,1,2026-04-09
TF-201-133-018,133,2,Baseline,Vital Signs,1,2026-04-23
TF-201-133-018,133,2,Baseline,PASI Score,1,2026-04-19
TF-201-133-018,133,2,Baseline,Laboratory,1,2026-04-22
TF-201-133-018,133,2,Baseline,Randomisation,1,2026-04-19
TF-201-133-018,133,3,Week 4,Vital Signs,1,2026-05-23
TF-201-133-018,133,3,Week 4,PASI Score,1,2026-05-19
TF-201-133-018,133,3,Week 4,Adverse Events,1,2026-05-17
TF-201-133-018,133,4,Week 8,Vital Signs,1,2026-06-20
TF-201-133-018,133,4,Week 8,PASI Score,1,2026-06-22
TF-201-133-018,133,4,Week 8,Laboratory,1,2026-06-16
TF-201-133-018,133,4,Week 8,Adverse Events,1,2026-06-22
TF-201-133-018,133,5,Week 12,Vital Signs,1,2026-07-26
TF-201-133-018,133,5,Week 12,PASI Score,1,2026-07-26
TF-201-133-018,133,5,Week 12,Adverse Events,1,2026-07-26
TF-201-133-018,133,6,Week 16 EOT,Vital Signs,1,2026-08-18
TF-201-133-018,133,6,Week 16 EOT,PASI Score,1,2026-08-16
TF-201-133-018,133,6,Week 16 EOT,Laboratory,1,2026-08-23
TF-201-133-018,133,6,Week 16 EOT,Adverse Events,1,2026-08-14
TF-201-133-018,133,6,Week 16 EOT,End of Treatment,1,2026-08-14
TF-201-133-019,133,1,Screening,Demographics,1,2025-06-02
TF-201-133-019,133,1,Screening,Inclusion/Exclusion,1,2025-06-03
TF-201-133-019,133,1,Screening,Medical History,1,2025-06-12
TF-201-133-019,133,1,Screening,Informed Consent,1,2025-06-06
TF-201-133-019,133,1,Screening,Laboratory,1,2025-06-06
TF-201-133-019,133,2,Baseline,Vital Signs,1,2025-07-06
TF-201-133-019,133,2,Baseline,PASI Score,1,2025-07-03
TF-201-133-019,133,2,Baseline,Laboratory,1,2025-07-04
TF-201-133-019,133,2,Baseline,Randomisation,1,2025-07-01
TF-201-133-019,133,3,Week 4,Vital Signs,0,
TF-201-133-019,133,3,Week 4,PASI Score,1,2025-08-08
TF-201-133-019,133,3,Week 4,Adverse Events,1,2025-08-07
TF-201-133-019,133,4,Week 8,Vital Signs,1,2025-08-29
TF-201-133-019,133,4,Week 8,PASI Score,1,2025-08-30
TF-201-133-019,133,4,Week 8,Laboratory,1,2025-09-06
TF-201-133-019,133,4,Week 8,Adverse Events,1,2025-09-06
TF-201-133-019,133,5,Week 12,Vital Signs,1,2025-10-01
TF-201-133-019,133,5,Week 12,PASI Score,1,2025-10-01
TF-201-133-019,133,5,Week 12,Adverse Events,1,2025-09-27
TF-201-133-019,133,6,Week 16 EOT,Vital Signs,1,2025-10-19
TF-201-133-019,133,6,Week 16 EOT,PASI Score,1,2025-10-25
TF-201-133-019,133,6,Week 16 EOT,Laboratory,1,2025-10-21
TF-201-133-019,133,6,Week 16 EOT,Adverse Events,1,2025-10-25
TF-201-133-019,133,6,Week 16 EOT,End of Treatment,1,2025-10-18
TF-201-133-020,133,1,Screening,Demographics,1,2025-05-09
TF-201-133-020,133,1,Screening,Inclusion/Exclusion,1,2025-05-10
TF-201-133-020,133,1,Screening,Medical History,1,2025-05-05
TF-201-133-020,133,1,Screening,Informed Consent,1,2025-05-05
TF-201-133-020,133,1,Screening,Laboratory,1,2025-05-04
TF-201-133-020,133,2,Baseline,Vital Signs,1,2025-06-21
TF-201-133-020,133,2,Baseline,PASI Score,1,2025-06-17
TF-201-133-020,133,2,Baseline,Laboratory,1,2025-06-13
TF-201-133-020,133,2,Baseline,Randomisation,1,2025-06-15
TF-201-133-020,133,3,Week 4,Vital Signs,1,2025-07-08
TF-201-133-020,133,3,Week 4,PASI Score,1,2025-07-10
TF-201-133-020,133,3,Week 4,Adverse Events,1,2025-07-09
TF-201-133-020,133,4,Week 8,Vital Signs,1,2025-08-06
TF-201-133-020,133,4,Week 8,PASI Score,1,2025-08-09
TF-201-133-020,133,4,Week 8,Laboratory,1,2025-08-11
TF-201-133-020,133,4,Week 8,Adverse Events,1,2025-08-05
TF-201-133-020,133,6,Week 16 EOT,Vital Signs,1,2025-09-29
TF-201-133-020,133,6,Week 16 EOT,PASI Score,1,2025-10-05
TF-201-133-020,133,6,Week 16 EOT,Laboratory,1,2025-10-03
TF-201-133-020,133,6,Week 16 EOT,Adverse Events,1,2025-09-25
TF-201-133-020,133,6,Week 16 EOT,End of Treatment,1,2025-10-04
TF-201-133-021,133,1,Screening,Demographics,1,2026-05-14
TF-201-133-021,133,1,Screening,Inclusion/Exclusion,1,2026-05-11
TF-201-133-021,133,1,Screening,Medical History,1,2026-05-05
TF-201-133-021,133,1,Screening,Informed Consent,1,2026-05-11
TF-201-133-021,133,1,Screening,Laboratory,1,2026-05-11
TF-201-133-021,133,2,Baseline,Vital Signs,1,2026-05-24
TF-201-133-021,133,2,Baseline,PASI Score,1,2026-05-27
TF-201-133-021,133,2,Baseline,Laboratory,1,2026-06-03
TF-201-133-021,133,2,Baseline,Randomisation,1,2026-06-03
TF-201-133-021,133,3,Week 4,Vital Signs,1,2026-06-26
TF-201-133-021,133,3,Week 4,PASI Score,1,2026-06-17
TF-201-133-021,133,3,Week 4,Adverse Events,1,2026-06-20
TF-201-133-021,133,4,Week 8,Vital Signs,1,2026-07-18
TF-201-133-021,133,4,Week 8,PASI Score,1,2026-07-24
TF-201-133-021,133,4,Week 8,Laboratory,1,2026-07-24
TF-201-133-021,133,4,Week 8,Adverse Events,1,2026-07-19
TF-201-133-021,133,5,Week 12,Vital Signs,1,2026-08-13
TF-201-133-021,133,5,Week 12,PASI Score,1,2026-08-15
TF-201-133-021,133,5,Week 12,Adverse Events,1,2026-08-20
TF-201-133-022,133,1,Screening,Demographics,1,2026-01-01
TF-201-133-022,133,1,Screening,Inclusion/Exclusion,1,2025-12-30
TF-201-133-022,133,1,Screening,Medical History,1,2026-01-05
TF-201-133-022,133,1,Screening,Informed Consent,1,2025-12-31
TF-201-133-022,133,1,Screening,Laboratory,1,2025-12-28
TF-201-133-022,133,2,Baseline,Vital Signs,1,2026-02-15
TF-201-133-022,133,2,Baseline,PASI Score,1,2026-02-10
TF-201-133-022,133,2,Baseline,Laboratory,1,2026-02-12
TF-201-133-022,133,2,Baseline,Randomisation,0,
TF-201-133-022,133,3,Week 4,Vital Signs,1,2026-03-13
TF-201-133-022,133,3,Week 4,PASI Score,1,2026-03-09
TF-201-133-022,133,3,Week 4,Adverse Events,1,2026-03-09
TF-201-133-022,133,4,Week 8,Vital Signs,1,2026-04-08
TF-201-133-022,133,4,Week 8,PASI Score,1,2026-04-09
TF-201-133-022,133,4,Week 8,Laboratory,1,2026-04-05
TF-201-133-022,133,4,Week 8,Adverse Events,1,2026-03-30
TF-201-133-022,133,5,Week 12,Vital Signs,1,2026-05-06
TF-201-133-022,133,5,Week 12,PASI Score,1,2026-05-03
TF-201-133-022,133,5,Week 12,Adverse Events,1,2026-05-07
TF-201-133-022,133,6,Week 16 EOT,Vital Signs,1,2026-06-03
TF-201-133-022,133,6,Week 16 EOT,PASI Score,1,2026-06-04
TF-201-133-022,133,6,Week 16 EOT,Laboratory,1,2026-06-01
TF-201-133-022,133,6,Week 16 EOT,Adverse Events,1,2026-05-31
TF-201-133-022,133,6,Week 16 EOT,End of Treatment,0,
TF-201-133-023,133,1,Screening,Demographics,1,2025-06-23
TF-201-133-023,133,1,Screening,Inclusion/Exclusion,1,2025-06-15
TF-201-133-023,133,1,Screening,Medical History,1,2025-06-20
TF-201-133-023,133,1,Screening,Informed Consent,0,
TF-201-133-023,133,1,Screening,Laboratory,1,2025-06-17
TF-201-133-023,133,2,Baseline,Vital Signs,1,2025-07-04
TF-201-133-023,133,2,Baseline,PASI Score,1,2025-07-02
TF-201-133-023,133,2,Baseline,Laboratory,1,2025-07-07
TF-201-133-023,133,2,Baseline,Randomisation,1,2025-07-03
TF-201-133-023,133,3,Week 4,Vital Signs,1,2025-07-29
TF-201-133-023,133,3,Week 4,PASI Score,1,2025-07-24
TF-201-133-023,133,3,Week 4,Adverse Events,1,2025-08-01
TF-201-133-023,133,4,Week 8,Vital Signs,1,2025-08-23
TF-201-133-023,133,4,Week 8,PASI Score,1,2025-08-23
TF-201-133-023,133,4,Week 8,Laboratory,1,2025-08-31
TF-201-133-023,133,4,Week 8,Adverse Events,1,2025-08-30
TF-201-133-023,133,5,Week 12,Vital Signs,1,2025-09-29
TF-201-133-023,133,5,Week 12,PASI Score,1,2025-09-23
TF-201-133-023,133,5,Week 12,Adverse Events,1,2025-09-25
TF-201-133-023,133,6,Week 16 EOT,Vital Signs,1,2025-10-26
TF-201-133-023,133,6,Week 16 EOT,PASI Score,1,2025-10-23
TF-201-133-023,133,6,Week 16 EOT,Laboratory,1,2025-10-26
TF-201-133-023,133,6,Week 16 EOT,Adverse Events,1,2025-10-19
TF-201-133-023,133,6,Week 16 EOT,End of Treatment,1,2025-10-16
TF-201-134-001,134,1,Screening,Demographics,1,2026-01-14
TF-201-134-001,134,1,Screening,Inclusion/Exclusion,1,2026-01-05
TF-201-134-001,134,1,Screening,Medical History,1,2026-01-10
TF-201-134-001,134,1,Screening,Informed Consent,1,2026-01-10
TF-201-134-001,134,1,Screening,Laboratory,1,2026-01-15
TF-201-134-001,134,2,Baseline,Vital Signs,1,2026-02-08
TF-201-134-001,134,2,Baseline,PASI Score,1,2026-02-10
TF-201-134-001,134,2,Baseline,Laboratory,1,2026-02-11
TF-201-134-001,134,2,Baseline,Randomisation,1,2026-02-02
TF-201-134-001,134,3,Week 4,Vital Signs,1,2026-03-10
TF-201-134-001,134,3,Week 4,PASI Score,1,2026-03-14
TF-201-134-001,134,3,Week 4,Adverse Events,1,2026-03-07
TF-201-134-001,134,4,Week 8,Vital Signs,1,2026-04-02
TF-201-134-001,134,4,Week 8,PASI Score,1,2026-04-08
TF-201-134-001,134,4,Week 8,Laboratory,1,2026-04-02
TF-201-134-001,134,4,Week 8,Adverse Events,1,2026-03-28
TF-201-134-001,134,5,Week 12,Vital Signs,1,2026-05-01
TF-201-134-001,134,5,Week 12,PASI Score,1,2026-05-10
TF-201-134-001,134,5,Week 12,Adverse Events,1,2026-05-01
TF-201-134-001,134,6,Week 16 EOT,Vital Signs,1,2026-06-01
TF-201-134-001,134,6,Week 16 EOT,PASI Score,1,2026-06-01
TF-201-134-001,134,6,Week 16 EOT,Laboratory,1,2026-06-05
TF-201-134-001,134,6,Week 16 EOT,Adverse Events,0,
TF-201-134-001,134,6,Week 16 EOT,End of Treatment,1,2026-06-07
TF-201-134-002,134,1,Screening,Demographics,1,2025-12-31
TF-201-134-002,134,1,Screening,Inclusion/Exclusion,1,2025-12-31
TF-201-134-002,134,1,Screening,Medical History,1,2026-01-03
TF-201-134-002,134,1,Screening,Informed Consent,1,2025-12-31
TF-201-134-002,134,1,Screening,Laboratory,1,2025-12-27
TF-201-134-002,134,2,Baseline,Vital Signs,1,2026-02-11
TF-201-134-002,134,2,Baseline,PASI Score,1,2026-02-13
TF-201-134-002,134,2,Baseline,Laboratory,1,2026-02-13
TF-201-134-002,134,2,Baseline,Randomisation,1,2026-02-05
TF-201-134-002,134,3,Week 4,Vital Signs,1,2026-03-07
TF-201-134-002,134,3,Week 4,PASI Score,1,2026-03-14
TF-201-134-002,134,3,Week 4,Adverse Events,1,2026-03-07
TF-201-134-002,134,4,Week 8,Vital Signs,1,2026-04-07
TF-201-134-002,134,4,Week 8,PASI Score,1,2026-04-12
TF-201-134-002,134,4,Week 8,Laboratory,1,2026-04-09
TF-201-134-002,134,4,Week 8,Adverse Events,1,2026-04-07
TF-201-134-002,134,5,Week 12,Vital Signs,1,2026-05-14
TF-201-134-002,134,5,Week 12,PASI Score,1,2026-05-11
TF-201-134-002,134,5,Week 12,Adverse Events,1,2026-05-14
TF-201-134-002,134,6,Week 16 EOT,Vital Signs,1,2026-06-12
TF-201-134-002,134,6,Week 16 EOT,PASI Score,1,2026-06-05
TF-201-134-002,134,6,Week 16 EOT,Laboratory,1,2026-06-01
TF-201-134-002,134,6,Week 16 EOT,Adverse Events,1,2026-06-08
TF-201-134-002,134,6,Week 16 EOT,End of Treatment,1,2026-06-10
TF-201-134-003,134,1,Screening,Demographics,1,2025-06-08
TF-201-134-003,134,1,Screening,Inclusion/Exclusion,1,2025-06-10
TF-201-134-003,134,1,Screening,Medical History,1,2025-06-02
TF-201-134-003,134,1,Screening,Informed Consent,1,2025-06-09
TF-201-134-003,134,1,Screening,Laboratory,1,2025-06-08
TF-201-134-003,134,2,Baseline,Vital Signs,1,2025-07-03
TF-201-134-003,134,2,Baseline,PASI Score,1,2025-06-30
TF-201-134-003,134,2,Baseline,Laboratory,1,2025-06-27
TF-201-134-003,134,2,Baseline,Randomisation,1,2025-07-04
TF-201-134-003,134,3,Week 4,Vital Signs,1,2025-07-30
TF-201-134-003,134,3,Week 4,PASI Score,1,2025-07-29
TF-201-134-003,134,3,Week 4,Adverse Events,1,2025-08-03
TF-201-134-003,134,4,Week 8,Vital Signs,1,2025-08-15
TF-201-134-003,134,4,Week 8,PASI Score,1,2025-08-12
TF-201-134-003,134,4,Week 8,Laboratory,1,2025-08-21
TF-201-134-003,134,4,Week 8,Adverse Events,1,2025-08-12
TF-201-134-003,134,5,Week 12,Vital Signs,1,2025-09-14
TF-201-134-003,134,5,Week 12,PASI Score,1,2025-09-21
TF-201-134-003,134,5,Week 12,Adverse Events,1,2025-09-15
TF-201-134-003,134,6,Week 16 EOT,Vital Signs,1,2025-10-18
TF-201-134-003,134,6,Week 16 EOT,PASI Score,1,2025-10-22
TF-201-134-003,134,6,Week 16 EOT,Laboratory,1,2025-10-26
TF-201-134-003,134,6,Week 16 EOT,Adverse Events,1,2025-10-28
TF-201-134-003,134,6,Week 16 EOT,End of Treatment,1,2025-10-21
TF-201-134-004,134,1,Screening,Demographics,1,2025-06-22
TF-201-134-004,134,1,Screening,Inclusion/Exclusion,1,2025-06-16
TF-201-134-004,134,1,Screening,Medical History,1,2025-06-22
TF-201-134-004,134,1,Screening,Informed Consent,1,2025-06-26
TF-201-134-004,134,1,Screening,Laboratory,1,2025-06-26
TF-201-134-004,134,2,Baseline,Vital Signs,1,2025-07-18
TF-201-134-004,134,2,Baseline,PASI Score,1,2025-07-18
TF-201-134-004,134,2,Baseline,Laboratory,1,2025-07-24
TF-201-134-004,134,2,Baseline,Randomisation,1,2025-07-16
TF-201-134-004,134,3,Week 4,Vital Signs,1,2025-08-23
TF-201-134-004,134,3,Week 4,PASI Score,1,2025-08-17
TF-201-134-004,134,3,Week 4,Adverse Events,1,2025-08-23
TF-201-134-004,134,4,Week 8,Vital Signs,1,2025-09-16
TF-201-134-004,134,4,Week 8,PASI Score,1,2025-09-11
TF-201-134-004,134,4,Week 8,Laboratory,1,2025-09-19
TF-201-134-004,134,4,Week 8,Adverse Events,1,2025-09-14
TF-201-134-004,134,5,Week 12,Vital Signs,1,2025-10-10
TF-201-134-004,134,5,Week 12,PASI Score,1,2025-10-18
TF-201-134-004,134,5,Week 12,Adverse Events,1,2025-10-17
TF-201-134-004,134,6,Week 16 EOT,Vital Signs,1,2025-11-06
TF-201-134-004,134,6,Week 16 EOT,PASI Score,1,2025-11-17
TF-201-134-004,134,6,Week 16 EOT,Laboratory,0,
TF-201-134-004,134,6,Week 16 EOT,Adverse Events,1,2025-11-14
TF-201-134-004,134,6,Week 16 EOT,End of Treatment,1,2025-11-12
TF-201-134-005,134,1,Screening,Demographics,1,2025-10-28
TF-201-134-005,134,1,Screening,Inclusion/Exclusion,1,2025-11-02
TF-201-134-005,134,1,Screening,Medical History,1,2025-11-06
TF-201-134-005,134,1,Screening,Informed Consent,1,2025-11-03
TF-201-134-005,134,1,Screening,Laboratory,1,2025-10-30
TF-201-134-005,134,2,Baseline,Vital Signs,1,2025-11-18
TF-201-134-005,134,2,Baseline,PASI Score,1,2025-11-18
TF-201-134-005,134,2,Baseline,Laboratory,1,2025-11-10
TF-201-134-005,134,2,Baseline,Randomisation,1,2025-11-10
TF-201-134-005,134,3,Week 4,Vital Signs,1,2025-12-05
TF-201-134-005,134,3,Week 4,PASI Score,1,2025-12-12
TF-201-134-005,134,3,Week 4,Adverse Events,1,2025-12-16
TF-201-134-005,134,4,Week 8,Vital Signs,1,2026-01-10
TF-201-134-005,134,4,Week 8,PASI Score,1,2026-01-09
TF-201-134-005,134,4,Week 8,Laboratory,1,2026-01-17
TF-201-134-005,134,4,Week 8,Adverse Events,1,2026-01-16
TF-201-134-005,134,5,Week 12,Vital Signs,1,2026-02-06
TF-201-134-005,134,5,Week 12,PASI Score,1,2026-02-04
TF-201-134-005,134,5,Week 12,Adverse Events,1,2026-01-30
TF-201-134-005,134,6,Week 16 EOT,Vital Signs,1,2026-03-12
TF-201-134-005,134,6,Week 16 EOT,PASI Score,1,2026-03-11
TF-201-134-005,134,6,Week 16 EOT,Laboratory,1,2026-03-05
TF-201-134-005,134,6,Week 16 EOT,Adverse Events,1,2026-03-01
TF-201-134-005,134,6,Week 16 EOT,End of Treatment,1,2026-03-09
TF-201-134-006,134,1,Screening,Demographics,1,2025-11-06
TF-201-134-006,134,1,Screening,Inclusion/Exclusion,1,2025-11-03
TF-201-134-006,134,1,Screening,Medical History,1,2025-10-27
TF-201-134-006,134,1,Screening,Informed Consent,1,2025-11-01
TF-201-134-006,134,1,Screening,Laboratory,1,2025-11-03
TF-201-134-006,134,2,Baseline,Vital Signs,1,2025-12-01
TF-201-134-006,134,2,Baseline,PASI Score,1,2025-11-28
TF-201-134-006,134,2,Baseline,Laboratory,1,2025-11-28
TF-201-134-006,134,2,Baseline,Randomisation,1,2025-12-03
TF-201-134-006,134,3,Week 4,Vital Signs,1,2025-12-29
TF-201-134-006,134,3,Week 4,PASI Score,1,2025-12-28
TF-201-134-006,134,3,Week 4,Adverse Events,1,2025-12-26
TF-201-134-006,134,4,Week 8,Vital Signs,1,2026-01-26
TF-201-134-006,134,4,Week 8,PASI Score,1,2026-01-21
TF-201-134-006,134,4,Week 8,Laboratory,1,2026-01-25
TF-201-134-006,134,4,Week 8,Adverse Events,1,2026-01-24
TF-201-134-006,134,5,Week 12,Vital Signs,1,2026-02-19
TF-201-134-006,134,5,Week 12,PASI Score,1,2026-03-01
TF-201-134-006,134,5,Week 12,Adverse Events,1,2026-02-20
TF-201-134-006,134,6,Week 16 EOT,Vital Signs,1,2026-03-16
TF-201-134-006,134,6,Week 16 EOT,PASI Score,1,2026-03-17
TF-201-134-006,134,6,Week 16 EOT,Laboratory,1,2026-03-20
TF-201-134-006,134,6,Week 16 EOT,Adverse Events,1,2026-03-25
TF-201-134-006,134,6,Week 16 EOT,End of Treatment,1,2026-03-20
TF-201-134-007,134,1,Screening,Demographics,1,2025-05-22
TF-201-134-007,134,1,Screening,Inclusion/Exclusion,1,2025-05-22
TF-201-134-007,134,1,Screening,Medical History,1,2025-05-22
TF-201-134-007,134,1,Screening,Informed Consent,1,2025-05-20
TF-201-134-007,134,1,Screening,Laboratory,1,2025-05-18
TF-201-134-007,134,2,Baseline,Vital Signs,1,2025-06-04
TF-201-134-007,134,2,Baseline,PASI Score,1,2025-06-06
TF-201-134-007,134,2,Baseline,Laboratory,1,2025-06-08
TF-201-134-007,134,2,Baseline,Randomisation,1,2025-06-10
TF-201-134-007,134,3,Week 4,Vital Signs,1,2025-07-08
TF-201-134-007,134,3,Week 4,PASI Score,1,2025-07-12
TF-201-134-007,134,3,Week 4,Adverse Events,1,2025-07-09
TF-201-134-007,134,4,Week 8,Vital Signs,1,2025-08-03
TF-201-134-007,134,4,Week 8,PASI Score,1,2025-08-01
TF-201-134-007,134,4,Week 8,Laboratory,1,2025-08-03
TF-201-134-007,134,4,Week 8,Adverse Events,1,2025-07-30
TF-201-134-007,134,5,Week 12,Vital Signs,1,2025-08-25
TF-201-134-007,134,5,Week 12,PASI Score,1,2025-08-21
TF-201-134-007,134,5,Week 12,Adverse Events,1,2025-08-30
TF-201-134-007,134,6,Week 16 EOT,Vital Signs,1,2025-09-27
TF-201-134-007,134,6,Week 16 EOT,PASI Score,1,2025-09-18
TF-201-134-007,134,6,Week 16 EOT,Laboratory,1,2025-09-21
TF-201-134-007,134,6,Week 16 EOT,Adverse Events,1,2025-09-20
TF-201-134-007,134,6,Week 16 EOT,End of Treatment,1,2025-09-20
TF-201-134-008,134,1,Screening,Demographics,1,2025-02-07
TF-201-134-008,134,1,Screening,Inclusion/Exclusion,1,2025-01-30
TF-201-134-008,134,1,Screening,Medical History,1,2025-01-29
TF-201-134-008,134,1,Screening,Informed Consent,1,2025-01-28
TF-201-134-008,134,1,Screening,Laboratory,1,2025-02-07
TF-201-134-008,134,2,Baseline,Vital Signs,1,2025-02-21
TF-201-134-008,134,2,Baseline,PASI Score,1,2025-02-23
TF-201-134-008,134,2,Baseline,Laboratory,1,2025-02-18
TF-201-134-008,134,2,Baseline,Randomisation,1,2025-02-23
TF-201-134-008,134,3,Week 4,Vital Signs,1,2025-03-27
TF-201-134-008,134,3,Week 4,PASI Score,1,2025-03-23
TF-201-134-008,134,3,Week 4,Adverse Events,1,2025-03-26
TF-201-134-008,134,4,Week 8,Vital Signs,1,2025-04-12
TF-201-134-008,134,4,Week 8,PASI Score,1,2025-04-08
TF-201-134-008,134,4,Week 8,Laboratory,1,2025-04-10
TF-201-134-008,134,4,Week 8,Adverse Events,1,2025-04-13
TF-201-134-008,134,5,Week 12,Vital Signs,1,2025-05-22
TF-201-134-008,134,5,Week 12,PASI Score,1,2025-05-14
TF-201-134-008,134,5,Week 12,Adverse Events,1,2025-05-23
TF-201-134-008,134,6,Week 16 EOT,Vital Signs,1,2025-06-18
TF-201-134-008,134,6,Week 16 EOT,PASI Score,1,2025-06-20
TF-201-134-008,134,6,Week 16 EOT,Laboratory,1,2025-06-11
TF-201-134-008,134,6,Week 16 EOT,Adverse Events,1,2025-06-13
TF-201-134-008,134,6,Week 16 EOT,End of Treatment,1,2025-06-20
TF-201-134-009,134,1,Screening,Demographics,1,2026-01-23
TF-201-134-009,134,1,Screening,Inclusion/Exclusion,1,2026-01-22
TF-201-134-009,134,1,Screening,Medical History,1,2026-01-22
TF-201-134-009,134,1,Screening,Informed Consent,1,2026-01-22
TF-201-134-009,134,1,Screening,Laboratory,1,2026-01-12
TF-201-134-009,134,2,Baseline,Vital Signs,1,2026-02-10
TF-201-134-009,134,2,Baseline,PASI Score,1,2026-02-17
TF-201-134-009,134,2,Baseline,Laboratory,1,2026-02-16
TF-201-134-009,134,2,Baseline,Randomisation,1,2026-02-21
TF-201-134-009,134,3,Week 4,Vital Signs,1,2026-03-15
TF-201-134-009,134,3,Week 4,PASI Score,1,2026-03-19
TF-201-134-009,134,3,Week 4,Adverse Events,1,2026-03-20
TF-201-134-009,134,4,Week 8,Vital Signs,1,2026-04-10
TF-201-134-009,134,4,Week 8,PASI Score,1,2026-04-10
TF-201-134-009,134,4,Week 8,Laboratory,1,2026-04-15
TF-201-134-009,134,4,Week 8,Adverse Events,1,2026-04-05
TF-201-134-009,134,5,Week 12,Vital Signs,1,2026-05-19
TF-201-134-009,134,5,Week 12,PASI Score,1,2026-05-19
TF-201-134-009,134,5,Week 12,Adverse Events,1,2026-05-13
TF-201-134-009,134,6,Week 16 EOT,Vital Signs,1,2026-06-09
TF-201-134-009,134,6,Week 16 EOT,PASI Score,1,2026-06-09
TF-201-134-009,134,6,Week 16 EOT,Laboratory,1,2026-06-07
TF-201-134-009,134,6,Week 16 EOT,Adverse Events,1,2026-06-05
TF-201-134-009,134,6,Week 16 EOT,End of Treatment,1,2026-06-14
TF-201-134-010,134,1,Screening,Demographics,1,2025-05-23
TF-201-134-010,134,1,Screening,Inclusion/Exclusion,1,2025-05-19
TF-201-134-010,134,1,Screening,Medical History,1,2025-05-20
TF-201-134-010,134,1,Screening,Informed Consent,1,2025-05-14
TF-201-134-010,134,1,Screening,Laboratory,1,2025-05-18
TF-201-134-010,134,2,Baseline,Vital Signs,1,2025-06-13
TF-201-134-010,134,2,Baseline,PASI Score,1,2025-06-18
TF-201-134-010,134,2,Baseline,Laboratory,1,2025-06-16
TF-201-134-010,134,2,Baseline,Randomisation,1,2025-06-10
TF-201-134-010,134,4,Week 8,Vital Signs,1,2025-08-08
TF-201-134-010,134,4,Week 8,PASI Score,1,2025-08-10
TF-201-134-010,134,4,Week 8,Laboratory,1,2025-08-16
TF-201-134-010,134,4,Week 8,Adverse Events,1,2025-08-16
TF-201-134-010,134,5,Week 12,Vital Signs,1,2025-09-06
TF-201-134-010,134,5,Week 12,PASI Score,1,2025-09-07
TF-201-134-010,134,5,Week 12,Adverse Events,1,2025-09-09
TF-201-134-010,134,6,Week 16 EOT,Vital Signs,1,2025-10-13
TF-201-134-010,134,6,Week 16 EOT,PASI Score,1,2025-10-10
TF-201-134-010,134,6,Week 16 EOT,Laboratory,1,2025-10-05
TF-201-134-010,134,6,Week 16 EOT,Adverse Events,1,2025-10-12
TF-201-134-010,134,6,Week 16 EOT,End of Treatment,1,2025-10-15
TF-201-134-011,134,1,Screening,Demographics,1,2026-01-26
TF-201-134-011,134,1,Screening,Inclusion/Exclusion,1,2026-01-29
TF-201-134-011,134,1,Screening,Medical History,1,2026-01-29
TF-201-134-011,134,1,Screening,Informed Consent,1,2026-01-22
TF-201-134-011,134,1,Screening,Laboratory,1,2026-01-28
TF-201-134-011,134,2,Baseline,Vital Signs,0,
TF-201-134-011,134,2,Baseline,PASI Score,1,2026-02-22
TF-201-134-011,134,2,Baseline,Laboratory,1,2026-02-23
TF-201-134-011,134,2,Baseline,Randomisation,1,2026-03-01
TF-201-134-011,134,3,Week 4,Vital Signs,1,2026-03-23
TF-201-134-011,134,3,Week 4,PASI Score,1,2026-03-17
TF-201-134-011,134,3,Week 4,Adverse Events,1,2026-03-26
TF-201-134-011,134,4,Week 8,Vital Signs,1,2026-04-19
TF-201-134-011,134,4,Week 8,PASI Score,1,2026-04-18
TF-201-134-011,134,4,Week 8,Laboratory,1,2026-04-12
TF-201-134-011,134,4,Week 8,Adverse Events,1,2026-04-15
TF-201-134-011,134,5,Week 12,Vital Signs,1,2026-05-19
TF-201-134-011,134,5,Week 12,PASI Score,1,2026-05-15
TF-201-134-011,134,5,Week 12,Adverse Events,1,2026-05-15
TF-201-134-011,134,6,Week 16 EOT,Vital Signs,1,2026-06-13
TF-201-134-011,134,6,Week 16 EOT,PASI Score,1,2026-06-13
TF-201-134-011,134,6,Week 16 EOT,Laboratory,1,2026-06-11
TF-201-134-011,134,6,Week 16 EOT,Adverse Events,1,2026-06-10
TF-201-134-011,134,6,Week 16 EOT,End of Treatment,1,2026-06-10
TF-201-134-012,134,1,Screening,Demographics,1,2025-05-04
TF-201-134-012,134,1,Screening,Inclusion/Exclusion,1,2025-05-03
TF-201-134-012,134,1,Screening,Medical History,1,2025-05-08
TF-201-134-012,134,1,Screening,Informed Consent,1,2025-04-27
TF-201-134-012,134,1,Screening,Laboratory,1,2025-05-04
TF-201-134-012,134,2,Baseline,Vital Signs,1,2025-05-26
TF-201-134-012,134,2,Baseline,PASI Score,1,2025-06-01
TF-201-134-012,134,2,Baseline,Laboratory,1,2025-05-30
TF-201-134-012,134,2,Baseline,Randomisation,1,2025-05-28
TF-201-134-012,134,3,Week 4,Vital Signs,1,2025-07-03
TF-201-134-012,134,3,Week 4,PASI Score,1,2025-06-25
TF-201-134-012,134,3,Week 4,Adverse Events,1,2025-06-25
TF-201-134-012,134,4,Week 8,Vital Signs,1,2025-07-28
TF-201-134-012,134,4,Week 8,PASI Score,1,2025-07-28
TF-201-134-012,134,4,Week 8,Laboratory,1,2025-07-27
TF-201-134-012,134,4,Week 8,Adverse Events,1,2025-07-23
TF-201-134-012,134,5,Week 12,Vital Signs,1,2025-08-27
TF-201-134-012,134,5,Week 12,PASI Score,1,2025-08-25
TF-201-134-012,134,5,Week 12,Adverse Events,1,2025-08-27
TF-201-134-012,134,6,Week 16 EOT,Vital Signs,1,2025-09-18
TF-201-134-012,134,6,Week 16 EOT,PASI Score,1,2025-09-12
TF-201-134-012,134,6,Week 16 EOT,Laboratory,1,2025-09-16
TF-201-134-012,134,6,Week 16 EOT,Adverse Events,1,2025-09-23
TF-201-134-012,134,6,Week 16 EOT,End of Treatment,1,2025-09-23
TF-201-134-013,134,1,Screening,Demographics,1,2026-03-07
TF-201-134-013,134,1,Screening,Inclusion/Exclusion,1,2026-03-12
TF-201-134-013,134,1,Screening,Medical History,1,2026-03-13
TF-201-134-013,134,1,Screening,Informed Consent,1,2026-03-17
TF-201-134-013,134,1,Screening,Laboratory,1,2026-03-06
TF-201-134-013,134,2,Baseline,Vital Signs,1,2026-04-13
TF-201-134-013,134,2,Baseline,PASI Score,1,2026-04-12
TF-201-134-013,134,2,Baseline,Laboratory,1,2026-04-07
TF-201-134-013,134,2,Baseline,Randomisation,1,2026-04-11
TF-201-134-013,134,3,Week 4,Vital Signs,1,2026-05-16
TF-201-134-013,134,3,Week 4,PASI Score,1,2026-05-10
TF-201-134-013,134,3,Week 4,Adverse Events,1,2026-05-09
TF-201-134-013,134,4,Week 8,Vital Signs,1,2026-06-02
TF-201-134-013,134,4,Week 8,PASI Score,1,2026-06-12
TF-201-134-013,134,4,Week 8,Laboratory,1,2026-06-02
TF-201-134-013,134,4,Week 8,Adverse Events,1,2026-06-12
TF-201-134-013,134,5,Week 12,Vital Signs,1,2026-07-02
TF-201-134-013,134,5,Week 12,PASI Score,1,2026-06-29
TF-201-134-013,134,5,Week 12,Adverse Events,1,2026-07-06
TF-201-134-013,134,6,Week 16 EOT,Vital Signs,1,2026-08-14
TF-201-134-013,134,6,Week 16 EOT,PASI Score,1,2026-08-12
TF-201-134-013,134,6,Week 16 EOT,Laboratory,1,2026-08-09
TF-201-134-013,134,6,Week 16 EOT,Adverse Events,1,2026-08-12
TF-201-134-013,134,6,Week 16 EOT,End of Treatment,1,2026-08-09
TF-201-134-014,134,1,Screening,Demographics,1,2026-01-05
TF-201-134-014,134,1,Screening,Inclusion/Exclusion,1,2026-01-10
TF-201-134-014,134,1,Screening,Medical History,1,2026-01-08
TF-201-134-014,134,1,Screening,Informed Consent,1,2026-01-02
TF-201-134-014,134,1,Screening,Laboratory,1,2026-01-02
TF-201-134-014,134,2,Baseline,Vital Signs,1,2026-02-04
TF-201-134-014,134,2,Baseline,PASI Score,1,2026-02-02
TF-201-134-014,134,2,Baseline,Laboratory,1,2026-01-30
TF-201-134-014,134,2,Baseline,Randomisation,1,2026-01-28
TF-201-134-014,134,3,Week 4,Vital Signs,1,2026-02-22
TF-201-134-014,134,3,Week 4,PASI Score,1,2026-02-25
TF-201-134-014,134,3,Week 4,Adverse Events,1,2026-02-24
TF-201-134-014,134,4,Week 8,Vital Signs,1,2026-03-31
TF-201-134-014,134,4,Week 8,PASI Score,1,2026-03-24
TF-201-134-014,134,4,Week 8,Laboratory,1,2026-03-24
TF-201-134-014,134,4,Week 8,Adverse Events,1,2026-03-29
TF-201-134-014,134,5,Week 12,Vital Signs,1,2026-04-21
TF-201-134-014,134,5,Week 12,PASI Score,0,
TF-201-134-014,134,5,Week 12,Adverse Events,1,2026-04-20
TF-201-134-014,134,6,Week 16 EOT,Vital Signs,1,2026-05-23
TF-201-134-014,134,6,Week 16 EOT,PASI Score,1,2026-05-25
TF-201-134-014,134,6,Week 16 EOT,Laboratory,1,2026-05-26
TF-201-134-014,134,6,Week 16 EOT,Adverse Events,1,2026-06-01
TF-201-134-014,134,6,Week 16 EOT,End of Treatment,1,2026-05-29
TF-201-135-001,135,1,Screening,Demographics,1,2025-12-18
TF-201-135-001,135,1,Screening,Inclusion/Exclusion,1,2025-12-15
TF-201-135-001,135,1,Screening,Medical History,1,2025-12-21
TF-201-135-001,135,1,Screening,Informed Consent,1,2025-12-14
TF-201-135-001,135,1,Screening,Laboratory,1,2025-12-11
TF-201-135-001,135,2,Baseline,Vital Signs,1,2026-01-19
TF-201-135-001,135,2,Baseline,PASI Score,1,2026-01-16
TF-201-135-001,135,2,Baseline,Laboratory,1,2026-01-18
TF-201-135-001,135,2,Baseline,Randomisation,1,2026-01-23
TF-201-135-001,135,3,Week 4,Vital Signs,1,2026-02-20
TF-201-135-001,135,3,Week 4,PASI Score,1,2026-02-15
TF-201-135-001,135,3,Week 4,Adverse Events,1,2026-02-23
TF-201-135-001,135,4,Week 8,Vital Signs,0,
TF-201-135-001,135,4,Week 8,PASI Score,1,2026-03-24
TF-201-135-001,135,4,Week 8,Laboratory,1,2026-03-20
TF-201-135-001,135,4,Week 8,Adverse Events,1,2026-03-20
TF-201-135-001,135,5,Week 12,Vital Signs,1,2026-04-19
TF-201-135-001,135,5,Week 12,PASI Score,1,2026-04-18
TF-201-135-001,135,5,Week 12,Adverse Events,1,2026-04-22
TF-201-135-001,135,6,Week 16 EOT,Vital Signs,1,2026-05-13
TF-201-135-001,135,6,Week 16 EOT,PASI Score,1,2026-05-20
TF-201-135-001,135,6,Week 16 EOT,Laboratory,1,2026-05-19
TF-201-135-001,135,6,Week 16 EOT,Adverse Events,1,2026-05-13
TF-201-135-001,135,6,Week 16 EOT,End of Treatment,1,2026-05-12
TF-201-135-002,135,1,Screening,Demographics,1,2025-11-18
TF-201-135-002,135,1,Screening,Inclusion/Exclusion,1,2025-11-13
TF-201-135-002,135,1,Screening,Medical History,1,2025-11-18
TF-201-135-002,135,1,Screening,Informed Consent,1,2025-11-08
TF-201-135-002,135,1,Screening,Laboratory,1,2025-11-17
TF-201-135-002,135,2,Baseline,Vital Signs,1,2025-12-04
TF-201-135-002,135,2,Baseline,PASI Score,1,2025-12-03
TF-201-135-002,135,2,Baseline,Laboratory,1,2025-12-01
TF-201-135-002,135,2,Baseline,Randomisation,1,2025-12-01
TF-201-135-002,135,3,Week 4,Vital Signs,1,2025-12-26
TF-201-135-002,135,3,Week 4,PASI Score,1,2025-12-24
TF-201-135-002,135,3,Week 4,Adverse Events,1,2026-01-04
TF-201-135-002,135,4,Week 8,Vital Signs,1,2026-01-19
TF-201-135-002,135,4,Week 8,PASI Score,1,2026-01-22
TF-201-135-002,135,4,Week 8,Laboratory,1,2026-01-27
TF-201-135-002,135,4,Week 8,Adverse Events,1,2026-01-24
TF-201-135-002,135,5,Week 12,Vital Signs,1,2026-02-11
TF-201-135-002,135,5,Week 12,PASI Score,1,2026-02-11
TF-201-135-002,135,5,Week 12,Adverse Events,1,2026-02-15
TF-201-135-002,135,6,Week 16 EOT,Vital Signs,1,2026-03-14
TF-201-135-002,135,6,Week 16 EOT,PASI Score,1,2026-03-21
TF-201-135-002,135,6,Week 16 EOT,Laboratory,1,2026-03-12
TF-201-135-002,135,6,Week 16 EOT,Adverse Events,1,2026-03-16
TF-201-135-002,135,6,Week 16 EOT,End of Treatment,1,2026-03-15
TF-201-135-003,135,1,Screening,Demographics,1,2026-01-18
TF-201-135-003,135,1,Screening,Inclusion/Exclusion,1,2026-01-15
TF-201-135-003,135,1,Screening,Medical History,0,
TF-201-135-003,135,1,Screening,Informed Consent,1,2026-01-15
TF-201-135-003,135,1,Screening,Laboratory,1,2026-01-14
TF-201-135-003,135,2,Baseline,Vital Signs,1,2026-02-21
TF-201-135-003,135,2,Baseline,PASI Score,1,2026-02-13
TF-201-135-003,135,2,Baseline,Laboratory,1,2026-02-16
TF-201-135-003,135,2,Baseline,Randomisation,1,2026-02-22
TF-201-135-003,135,3,Week 4,Vital Signs,1,2026-03-15
TF-201-135-003,135,3,Week 4,PASI Score,1,2026-03-18
TF-201-135-003,135,3,Week 4,Adverse Events,1,2026-03-14
TF-201-135-003,135,4,Week 8,Vital Signs,1,2026-04-20
TF-201-135-003,135,4,Week 8,PASI Score,1,2026-04-21
TF-201-135-003,135,4,Week 8,Laboratory,1,2026-04-28
TF-201-135-003,135,4,Week 8,Adverse Events,1,2026-04-22
TF-201-135-003,135,6,Week 16 EOT,Vital Signs,1,2026-06-12
TF-201-135-003,135,6,Week 16 EOT,PASI Score,1,2026-06-10
TF-201-135-003,135,6,Week 16 EOT,Laboratory,1,2026-06-07
TF-201-135-003,135,6,Week 16 EOT,Adverse Events,1,2026-06-06
TF-201-135-003,135,6,Week 16 EOT,End of Treatment,1,2026-06-10
TF-201-135-004,135,1,Screening,Demographics,1,2025-08-11
TF-201-135-004,135,1,Screening,Inclusion/Exclusion,1,2025-08-08
TF-201-135-004,135,1,Screening,Medical History,1,2025-08-17
TF-201-135-004,135,1,Screening,Informed Consent,1,2025-08-10
TF-201-135-004,135,1,Screening,Laboratory,1,2025-08-07
TF-201-135-004,135,2,Baseline,Vital Signs,1,2025-09-12
TF-201-135-004,135,2,Baseline,PASI Score,1,2025-09-16
TF-201-135-004,135,2,Baseline,Laboratory,1,2025-09-18
TF-201-135-004,135,2,Baseline,Randomisation,1,2025-09-17
TF-201-135-004,135,3,Week 4,Vital Signs,1,2025-10-17
TF-201-135-004,135,3,Week 4,PASI Score,1,2025-10-20
TF-201-135-004,135,3,Week 4,Adverse Events,1,2025-10-10
TF-201-135-004,135,4,Week 8,Vital Signs,1,2025-11-10
TF-201-135-004,135,4,Week 8,PASI Score,1,2025-11-13
TF-201-135-004,135,4,Week 8,Laboratory,1,2025-11-13
TF-201-135-004,135,4,Week 8,Adverse Events,1,2025-11-13
TF-201-135-004,135,5,Week 12,Vital Signs,1,2025-11-29
TF-201-135-004,135,5,Week 12,PASI Score,1,2025-12-02
TF-201-135-004,135,5,Week 12,Adverse Events,1,2025-12-04
TF-201-135-004,135,6,Week 16 EOT,Vital Signs,1,2025-12-25
TF-201-135-004,135,6,Week 16 EOT,PASI Score,1,2025-12-30
TF-201-135-004,135,6,Week 16 EOT,Laboratory,1,2025-12-29
TF-201-135-004,135,6,Week 16 EOT,Adverse Events,1,2025-12-31
TF-201-135-004,135,6,Week 16 EOT,End of Treatment,1,2025-12-23
TF-201-135-005,135,1,Screening,Demographics,1,2026-03-25
TF-201-135-005,135,1,Screening,Inclusion/Exclusion,1,2026-04-03
TF-201-135-005,135,1,Screening,Medical History,1,2026-03-23
TF-201-135-005,135,1,Screening,Informed Consent,1,2026-03-24
TF-201-135-005,135,1,Screening,Laboratory,1,2026-03-23
TF-201-135-005,135,2,Baseline,Vital Signs,1,2026-04-25
TF-201-135-005,135,2,Baseline,PASI Score,1,2026-04-25
TF-201-135-005,135,2,Baseline,Laboratory,1,2026-04-25
TF-201-135-005,135,2,Baseline,Randomisation,1,2026-04-24
TF-201-135-005,135,3,Week 4,Vital Signs,1,2026-05-15
TF-201-135-005,135,3,Week 4,PASI Score,1,2026-05-25
TF-201-135-005,135,3,Week 4,Adverse Events,1,2026-05-17
TF-201-135-005,135,4,Week 8,Vital Signs,1,2026-06-21
TF-201-135-005,135,4,Week 8,PASI Score,1,2026-06-17
TF-201-135-005,135,4,Week 8,Laboratory,1,2026-06-18
TF-201-135-005,135,4,Week 8,Adverse Events,1,2026-06-18
TF-201-135-005,135,5,Week 12,Vital Signs,1,2026-07-09
TF-201-135-005,135,5,Week 12,PASI Score,1,2026-07-10
TF-201-135-005,135,5,Week 12,Adverse Events,1,2026-07-18
TF-201-135-005,135,6,Week 16 EOT,Vital Signs,1,2026-08-16
TF-201-135-005,135,6,Week 16 EOT,PASI Score,0,
TF-201-135-005,135,6,Week 16 EOT,Laboratory,1,2026-08-12
TF-201-135-005,135,6,Week 16 EOT,Adverse Events,1,2026-08-12
TF-201-135-005,135,6,Week 16 EOT,End of Treatment,1,2026-08-15
TF-201-135-006,135,1,Screening,Demographics,1,2025-01-31
TF-201-135-006,135,1,Screening,Inclusion/Exclusion,1,2025-02-03
TF-201-135-006,135,1,Screening,Medical History,1,2025-02-01
TF-201-135-006,135,1,Screening,Informed Consent,1,2025-02-10
TF-201-135-006,135,1,Screening,Laboratory,1,2025-02-08
TF-201-135-006,135,2,Baseline,Vital Signs,1,2025-03-06
TF-201-135-006,135,2,Baseline,PASI Score,1,2025-03-06
TF-201-135-006,135,2,Baseline,Laboratory,1,2025-03-05
TF-201-135-006,135,2,Baseline,Randomisation,1,2025-03-10
TF-201-135-006,135,3,Week 4,Vital Signs,1,2025-04-14
TF-201-135-006,135,3,Week 4,PASI Score,1,2025-04-07
TF-201-135-006,135,3,Week 4,Adverse Events,1,2025-04-06
TF-201-135-006,135,4,Week 8,Vital Signs,1,2025-04-26
TF-201-135-006,135,4,Week 8,PASI Score,1,2025-04-26
TF-201-135-006,135,4,Week 8,Laboratory,1,2025-04-26
TF-201-135-006,135,4,Week 8,Adverse Events,1,2025-04-26
TF-201-135-006,135,5,Week 12,Vital Signs,1,2025-05-21
TF-201-135-006,135,5,Week 12,PASI Score,1,2025-05-28
TF-201-135-006,135,5,Week 12,Adverse Events,1,2025-05-28
TF-201-135-006,135,6,Week 16 EOT,Vital Signs,1,2025-07-02
TF-201-135-006,135,6,Week 16 EOT,PASI Score,1,2025-06-21
TF-201-135-006,135,6,Week 16 EOT,Laboratory,1,2025-06-29
TF-201-135-006,135,6,Week 16 EOT,Adverse Events,1,2025-06-29
TF-201-135-006,135,6,Week 16 EOT,End of Treatment,1,2025-06-27
TF-201-135-007,135,1,Screening,Demographics,1,2026-04-10
TF-201-135-007,135,1,Screening,Inclusion/Exclusion,1,2026-04-04
TF-201-135-007,135,1,Screening,Medical History,1,2026-04-04
TF-201-135-007,135,1,Screening,Informed Consent,1,2026-04-10
TF-201-135-007,135,1,Screening,Laboratory,1,2026-04-04
TF-201-135-007,135,2,Baseline,Vital Signs,1,2026-05-16
TF-201-135-007,135,2,Baseline,PASI Score,1,2026-05-12
TF-201-135-007,135,2,Baseline,Laboratory,1,2026-05-15
TF-201-135-007,135,2,Baseline,Randomisation,1,2026-05-13
TF-201-135-007,135,4,Week 8,Vital Signs,1,2026-07-07
TF-201-135-007,135,4,Week 8,PASI Score,1,2026-07-03
TF-201-135-007,135,4,Week 8,Laboratory,1,2026-06-30
TF-201-135-007,135,4,Week 8,Adverse Events,1,2026-07-05
TF-201-135-007,135,5,Week 12,Vital Signs,1,2026-08-06
TF-201-135-007,135,5,Week 12,PASI Score,1,2026-08-12
TF-201-135-007,135,5,Week 12,Adverse Events,1,2026-08-05
TF-201-135-007,135,6,Week 16 EOT,Vital Signs,0,
TF-201-135-007,135,6,Week 16 EOT,PASI Score,1,2026-09-03
TF-201-135-007,135,6,Week 16 EOT,Laboratory,1,2026-09-04
TF-201-135-007,135,6,Week 16 EOT,Adverse Events,1,2026-09-10
TF-201-135-007,135,6,Week 16 EOT,End of Treatment,1,2026-09-06
TF-201-135-008,135,1,Screening,Demographics,1,2025-11-23
TF-201-135-008,135,1,Screening,Inclusion/Exclusion,1,2025-12-01
TF-201-135-008,135,1,Screening,Medical History,1,2025-11-23
TF-201-135-008,135,1,Screening,Informed Consent,1,2025-11-23
TF-201-135-008,135,1,Screening,Laboratory,1,2025-12-01
TF-201-135-008,135,2,Baseline,Vital Signs,1,2025-12-28
TF-201-135-008,135,2,Baseline,PASI Score,1,2026-01-04
TF-201-135-008,135,2,Baseline,Laboratory,1,2026-01-04
TF-201-135-008,135,2,Baseline,Randomisation,1,2025-12-26
TF-201-135-008,135,3,Week 4,Vital Signs,1,2026-01-30
TF-201-135-008,135,3,Week 4,PASI Score,1,2026-02-02
TF-201-135-008,135,3,Week 4,Adverse Events,1,2026-01-22
TF-201-135-008,135,4,Week 8,Vital Signs,1,2026-02-28
TF-201-135-008,135,4,Week 8,PASI Score,1,2026-03-03
TF-201-135-008,135,4,Week 8,Laboratory,1,2026-02-23
TF-201-135-008,135,4,Week 8,Adverse Events,1,2026-02-23
TF-201-135-008,135,5,Week 12,Vital Signs,1,2026-03-17
TF-201-135-008,135,5,Week 12,PASI Score,1,2026-03-23
TF-201-135-008,135,5,Week 12,Adverse Events,1,2026-03-24
TF-201-135-008,135,6,Week 16 EOT,Vital Signs,1,2026-04-18
TF-201-135-008,135,6,Week 16 EOT,PASI Score,1,2026-04-20
TF-201-135-008,135,6,Week 16 EOT,Laboratory,1,2026-04-22
TF-201-135-008,135,6,Week 16 EOT,Adverse Events,1,2026-04-26
TF-201-135-008,135,6,Week 16 EOT,End of Treatment,1,2026-04-26
TF-201-135-009,135,1,Screening,Demographics,1,2025-05-30
TF-201-135-009,135,1,Screening,Inclusion/Exclusion,1,2025-06-03
TF-201-135-009,135,1,Screening,Medical History,1,2025-06-04
TF-201-135-009,135,1,Screening,Informed Consent,1,2025-06-06
TF-201-135-009,135,1,Screening,Laboratory,1,2025-05-30
TF-201-135-009,135,2,Baseline,Vital Signs,1,2025-07-08
TF-201-135-009,135,2,Baseline,PASI Score,1,2025-07-01
TF-201-135-009,135,2,Baseline,Laboratory,1,2025-07-04
TF-201-135-009,135,2,Baseline,Randomisation,1,2025-07-10
TF-201-135-009,135,3,Week 4,Vital Signs,1,2025-08-08
TF-201-135-009,135,3,Week 4,PASI Score,1,2025-08-08
TF-201-135-009,135,3,Week 4,Adverse Events,1,2025-07-30
TF-201-135-009,135,4,Week 8,Vital Signs,1,2025-09-04
TF-201-135-009,135,4,Week 8,PASI Score,1,2025-09-03
TF-201-135-009,135,4,Week 8,Laboratory,1,2025-09-02
TF-201-135-009,135,4,Week 8,Adverse Events,1,2025-09-04
TF-201-135-009,135,5,Week 12,Vital Signs,0,
TF-201-135-009,135,5,Week 12,PASI Score,1,2025-09-29
TF-201-135-009,135,5,Week 12,Adverse Events,1,2025-09-20
TF-201-135-009,135,6,Week 16 EOT,Vital Signs,1,2025-10-25
TF-201-135-009,135,6,Week 16 EOT,PASI Score,1,2025-10-24
TF-201-135-009,135,6,Week 16 EOT,Laboratory,1,2025-10-23
TF-201-135-009,135,6,Week 16 EOT,Adverse Events,1,2025-10-22
TF-201-135-009,135,6,Week 16 EOT,End of Treatment,1,2025-10-21
TF-201-135-010,135,1,Screening,Demographics,1,2025-11-16
TF-201-135-010,135,1,Screening,Inclusion/Exclusion,1,2025-11-16
TF-201-135-010,135,1,Screening,Medical History,1,2025-11-13
TF-201-135-010,135,1,Screening,Informed Consent,1,2025-11-07
TF-201-135-010,135,1,Screening,Laboratory,1,2025-11-15
TF-201-135-010,135,2,Baseline,Vital Signs,1,2025-12-08
TF-201-135-010,135,2,Baseline,PASI Score,1,2025-12-15
TF-201-135-010,135,2,Baseline,Laboratory,1,2025-12-10
TF-201-135-010,135,2,Baseline,Randomisation,1,2025-12-14
TF-201-135-010,135,3,Week 4,Vital Signs,1,2026-01-05
TF-201-135-010,135,3,Week 4,PASI Score,1,2026-01-02
TF-201-135-010,135,3,Week 4,Adverse Events,1,2026-01-08
TF-201-135-010,135,4,Week 8,Vital Signs,1,2026-01-31
TF-201-135-010,135,4,Week 8,PASI Score,1,2026-01-31
TF-201-135-010,135,4,Week 8,Laboratory,1,2026-02-04
TF-201-135-010,135,4,Week 8,Adverse Events,1,2026-02-03
TF-201-135-010,135,5,Week 12,Vital Signs,1,2026-02-28
TF-201-135-010,135,5,Week 12,PASI Score,1,2026-03-02
TF-201-135-010,135,5,Week 12,Adverse Events,1,2026-03-03
TF-201-135-010,135,6,Week 16 EOT,Vital Signs,1,2026-04-04
TF-201-135-010,135,6,Week 16 EOT,PASI Score,1,2026-04-09
TF-201-135-010,135,6,Week 16 EOT,Laboratory,1,2026-04-08
TF-201-135-010,135,6,Week 16 EOT,Adverse Events,1,2026-04-03
TF-201-135-010,135,6,Week 16 EOT,End of Treatment,1,2026-04-03
TF-201-135-011,135,1,Screening,Demographics,1,2025-04-01
TF-201-135-011,135,1,Screening,Inclusion/Exclusion,1,2025-03-31
TF-201-135-011,135,1,Screening,Medical History,1,2025-03-26
TF-201-135-011,135,1,Screening,Informed Consent,1,2025-04-04
TF-201-135-011,135,1,Screening,Laboratory,1,2025-03-27
TF-201-135-011,135,2,Baseline,Vital Signs,1,2025-04-26
TF-201-135-011,135,2,Baseline,PASI Score,1,2025-05-03
TF-201-135-011,135,2,Baseline,Laboratory,1,2025-04-26
TF-201-135-011,135,2,Baseline,Randomisation,1,2025-04-29
TF-201-135-011,135,3,Week 4,Vital Signs,1,2025-05-22
TF-201-135-011,135,3,Week 4,PASI Score,1,2025-05-31
TF-201-135-011,135,3,Week 4,Adverse Events,1,2025-05-22
TF-201-135-011,135,4,Week 8,Vital Signs,1,2025-06-20
TF-201-135-011,135,4,Week 8,PASI Score,1,2025-06-27
TF-201-135-011,135,4,Week 8,Laboratory,1,2025-06-22
TF-201-135-011,135,4,Week 8,Adverse Events,1,2025-06-25
TF-201-135-011,135,6,Week 16 EOT,Vital Signs,1,2025-08-27
TF-201-135-011,135,6,Week 16 EOT,PASI Score,1,2025-08-24
TF-201-135-011,135,6,Week 16 EOT,Laboratory,1,2025-08-22
TF-201-135-011,135,6,Week 16 EOT,Adverse Events,1,2025-08-24
TF-201-135-011,135,6,Week 16 EOT,End of Treatment,1,2025-08-25
TF-201-135-012,135,1,Screening,Demographics,1,2025-04-30
TF-201-135-012,135,1,Screening,Inclusion/Exclusion,1,2025-05-04
TF-201-135-012,135,1,Screening,Medical History,1,2025-04-24
TF-201-135-012,135,1,Screening,Informed Consent,1,2025-04-24
TF-201-135-012,135,1,Screening,Laboratory,1,2025-04-29
TF-201-135-012,135,2,Baseline,Vital Signs,0,
TF-201-135-012,135,2,Baseline,PASI Score,1,2025-05-17
TF-201-135-012,135,2,Baseline,Laboratory,1,2025-05-16
TF-201-135-012,135,2,Baseline,Randomisation,1,2025-05-17
TF-201-135-012,135,3,Week 4,Vital Signs,1,2025-06-11
TF-201-135-012,135,3,Week 4,PASI Score,1,2025-06-14
TF-201-135-012,135,3,Week 4,Adverse Events,1,2025-06-11
TF-201-135-012,135,4,Week 8,Vital Signs,1,2025-07-12
TF-201-135-012,135,4,Week 8,PASI Score,1,2025-07-03
TF-201-135-012,135,4,Week 8,Laboratory,1,2025-07-01
TF-201-135-012,135,4,Week 8,Adverse Events,1,2025-07-03
TF-201-135-012,135,5,Week 12,Vital Signs,1,2025-07-28
TF-201-135-012,135,5,Week 12,PASI Score,1,2025-07-30
TF-201-135-012,135,5,Week 12,Adverse Events,1,2025-08-01
TF-201-135-012,135,6,Week 16 EOT,Vital Signs,1,2025-09-14
TF-201-135-012,135,6,Week 16 EOT,PASI Score,1,2025-09-15
TF-201-135-012,135,6,Week 16 EOT,Laboratory,1,2025-09-10
TF-201-135-012,135,6,Week 16 EOT,Adverse Events,1,2025-09-08
TF-201-135-012,135,6,Week 16 EOT,End of Treatment,1,2025-09-07
TF-201-135-013,135,1,Screening,Demographics,1,2026-04-03
TF-201-135-013,135,1,Screening,Inclusion/Exclusion,1,2026-04-02
TF-201-135-013,135,1,Screening,Medical History,1,2026-03-31
TF-201-135-013,135,1,Screening,Informed Consent,1,2026-03-27
TF-201-135-013,135,1,Screening,Laboratory,1,2026-03-26
TF-201-135-013,135,2,Baseline,Vital Signs,1,2026-05-04
TF-201-135-013,135,2,Baseline,PASI Score,1,2026-05-02
TF-201-135-013,135,2,Baseline,Laboratory,1,2026-05-06
TF-201-135-013,135,2,Baseline,Randomisation,1,2026-05-06
TF-201-135-013,135,3,Week 4,Vital Signs,1,2026-05-31
TF-201-135-013,135,3,Week 4,PASI Score,1,2026-05-30
TF-201-135-013,135,3,Week 4,Adverse Events,1,2026-06-01
TF-201-135-013,135,4,Week 8,Vital Signs,1,2026-07-07
TF-201-135-013,135,4,Week 8,PASI Score,1,2026-06-29
TF-201-135-013,135,4,Week 8,Laboratory,1,2026-07-08
TF-201-135-013,135,4,Week 8,Adverse Events,1,2026-06-28
TF-201-135-013,135,5,Week 12,Vital Signs,1,2026-07-25
TF-201-135-013,135,5,Week 12,PASI Score,1,2026-07-27
TF-201-135-013,135,5,Week 12,Adverse Events,1,2026-08-01
TF-201-135-013,135,6,Week 16 EOT,Vital Signs,1,2026-08-18
TF-201-135-013,135,6,Week 16 EOT,PASI Score,1,2026-08-29
TF-201-135-013,135,6,Week 16 EOT,Laboratory,1,2026-08-18
TF-201-135-013,135,6,Week 16 EOT,Adverse Events,1,2026-08-27
TF-201-135-013,135,6,Week 16 EOT,End of Treatment,1,2026-08-27
TF-201-136-001,136,1,Screening,Demographics,1,2026-04-13
TF-201-136-001,136,1,Screening,Inclusion/Exclusion,1,2026-04-16
TF-201-136-001,136,1,Screening,Medical History,1,2026-04-14
TF-201-136-001,136,1,Screening,Informed Consent,1,2026-04-17
TF-201-136-001,136,1,Screening,Laboratory,1,2026-04-08
TF-201-136-001,136,2,Baseline,Vital Signs,1,2026-05-14
TF-201-136-001,136,2,Baseline,PASI Score,1,2026-05-16
TF-201-136-001,136,2,Baseline,Laboratory,1,2026-05-15
TF-201-136-001,136,2,Baseline,Randomisation,1,2026-05-20
TF-201-136-001,136,3,Week 4,Vital Signs,1,2026-06-19
TF-201-136-001,136,3,Week 4,PASI Score,0,
TF-201-136-001,136,3,Week 4,Adverse Events,1,2026-06-10
TF-201-136-001,136,4,Week 8,Vital Signs,1,2026-07-13
TF-201-136-001,136,4,Week 8,PASI Score,1,2026-07-14
TF-201-136-001,136,4,Week 8,Laboratory,0,
TF-201-136-001,136,4,Week 8,Adverse Events,1,2026-07-16
TF-201-136-001,136,5,Week 12,Vital Signs,1,2026-08-02
TF-201-136-001,136,5,Week 12,PASI Score,1,2026-08-07
TF-201-136-001,136,5,Week 12,Adverse Events,1,2026-08-02
TF-201-136-001,136,6,Week 16 EOT,Vital Signs,1,2026-09-12
TF-201-136-001,136,6,Week 16 EOT,PASI Score,1,2026-09-13
TF-201-136-001,136,6,Week 16 EOT,Laboratory,1,2026-09-13
TF-201-136-001,136,6,Week 16 EOT,Adverse Events,1,2026-09-05
TF-201-136-001,136,6,Week 16 EOT,End of Treatment,1,2026-09-07
TF-201-136-002,136,1,Screening,Demographics,1,2025-11-01
TF-201-136-002,136,1,Screening,Inclusion/Exclusion,1,2025-10-29
TF-201-136-002,136,1,Screening,Medical History,1,2025-10-31
TF-201-136-002,136,1,Screening,Informed Consent,1,2025-10-23
TF-201-136-002,136,1,Screening,Laboratory,1,2025-11-01
TF-201-136-002,136,2,Baseline,Vital Signs,1,2025-11-28
TF-201-136-002,136,2,Baseline,PASI Score,1,2025-12-01
TF-201-136-002,136,2,Baseline,Laboratory,1,2025-11-30
TF-201-136-002,136,2,Baseline,Randomisation,1,2025-11-30
TF-201-136-002,136,3,Week 4,Vital Signs,1,2025-12-27
TF-201-136-002,136,3,Week 4,PASI Score,1,2025-12-29
TF-201-136-002,136,3,Week 4,Adverse Events,1,2026-01-05
TF-201-136-002,136,4,Week 8,Vital Signs,1,2026-01-25
TF-201-136-002,136,4,Week 8,PASI Score,1,2026-01-30
TF-201-136-002,136,4,Week 8,Laboratory,1,2026-01-22
TF-201-136-002,136,4,Week 8,Adverse Events,1,2026-01-27
TF-201-136-002,136,5,Week 12,Vital Signs,1,2026-02-27
TF-201-136-002,136,5,Week 12,PASI Score,1,2026-02-17
TF-201-136-002,136,5,Week 12,Adverse Events,1,2026-02-18
TF-201-136-002,136,6,Week 16 EOT,Vital Signs,1,2026-03-28
TF-201-136-002,136,6,Week 16 EOT,PASI Score,1,2026-03-24
TF-201-136-002,136,6,Week 16 EOT,Laboratory,1,2026-03-30
TF-201-136-002,136,6,Week 16 EOT,Adverse Events,1,2026-03-28
TF-201-136-002,136,6,Week 16 EOT,End of Treatment,1,2026-03-30
TF-201-136-003,136,1,Screening,Demographics,1,2026-06-10
TF-201-136-003,136,1,Screening,Inclusion/Exclusion,1,2026-06-09
TF-201-136-003,136,1,Screening,Medical History,1,2026-06-06
TF-201-136-003,136,1,Screening,Informed Consent,1,2026-06-06
TF-201-136-003,136,1,Screening,Laboratory,1,2026-06-09
TF-201-136-003,136,2,Baseline,Vital Signs,1,2026-07-08
TF-201-136-003,136,2,Baseline,PASI Score,1,2026-07-09
TF-201-136-003,136,2,Baseline,Laboratory,1,2026-06-30
TF-201-136-003,136,2,Baseline,Randomisation,1,2026-07-03
TF-201-136-003,136,3,Week 4,Vital Signs,1,2026-07-30
TF-201-136-003,136,3,Week 4,PASI Score,1,2026-08-06
TF-201-136-003,136,3,Week 4,Adverse Events,1,2026-08-03
TF-201-136-004,136,1,Screening,Demographics,0,
TF-201-136-004,136,1,Screening,Inclusion/Exclusion,1,2026-06-08
TF-201-136-004,136,1,Screening,Medical History,1,2026-06-13
TF-201-136-004,136,1,Screening,Informed Consent,1,2026-06-15
TF-201-136-004,136,1,Screening,Laboratory,1,2026-06-15
TF-201-136-004,136,2,Baseline,Vital Signs,1,2026-07-23
TF-201-136-004,136,2,Baseline,PASI Score,1,2026-07-22
TF-201-136-004,136,2,Baseline,Laboratory,1,2026-07-15
TF-201-136-004,136,2,Baseline,Randomisation,1,2026-07-16
TF-201-136-004,136,3,Week 4,Vital Signs,1,2026-08-19
TF-201-136-004,136,3,Week 4,PASI Score,1,2026-08-20
TF-201-136-004,136,3,Week 4,Adverse Events,1,2026-08-17
TF-201-136-005,136,1,Screening,Demographics,1,2026-05-16
TF-201-136-005,136,1,Screening,Inclusion/Exclusion,1,2026-05-15
TF-201-136-005,136,1,Screening,Medical History,1,2026-05-21
TF-201-136-005,136,1,Screening,Informed Consent,1,2026-05-10
TF-201-136-005,136,1,Screening,Laboratory,1,2026-05-16
TF-201-136-005,136,2,Baseline,Vital Signs,1,2026-06-15
TF-201-136-005,136,2,Baseline,PASI Score,1,2026-06-18
TF-201-136-005,136,2,Baseline,Laboratory,1,2026-06-13
TF-201-136-005,136,2,Baseline,Randomisation,1,2026-06-13
TF-201-136-005,136,3,Week 4,Vital Signs,1,2026-07-07
TF-201-136-005,136,3,Week 4,PASI Score,1,2026-07-06
TF-201-136-005,136,3,Week 4,Adverse Events,1,2026-07-10
TF-201-136-005,136,4,Week 8,Vital Signs,1,2026-08-04
TF-201-136-005,136,4,Week 8,PASI Score,1,2026-08-07
TF-201-136-005,136,4,Week 8,Laboratory,1,2026-08-09
TF-201-136-005,136,4,Week 8,Adverse Events,1,2026-08-07
TF-201-136-005,136,5,Week 12,Vital Signs,1,2026-09-16
TF-201-136-005,136,5,Week 12,PASI Score,1,2026-09-06
TF-201-136-005,136,5,Week 12,Adverse Events,1,2026-09-16
TF-201-136-006,136,1,Screening,Demographics,1,2025-05-25
TF-201-136-006,136,1,Screening,Inclusion/Exclusion,1,2025-05-29
TF-201-136-006,136,1,Screening,Medical History,1,2025-05-31
TF-201-136-006,136,1,Screening,Informed Consent,1,2025-05-27
TF-201-136-006,136,1,Screening,Laboratory,1,2025-05-29
TF-201-136-006,136,2,Baseline,Vital Signs,1,2025-07-06
TF-201-136-006,136,2,Baseline,PASI Score,1,2025-07-09
TF-201-136-006,136,2,Baseline,Laboratory,1,2025-07-02
TF-201-136-006,136,2,Baseline,Randomisation,1,2025-07-06
TF-201-136-006,136,3,Week 4,Vital Signs,1,2025-08-04
TF-201-136-006,136,3,Week 4,PASI Score,1,2025-08-08
TF-201-136-006,136,3,Week 4,Adverse Events,1,2025-08-06
TF-201-136-006,136,4,Week 8,Vital Signs,1,2025-08-28
TF-201-136-006,136,4,Week 8,PASI Score,1,2025-08-21
TF-201-136-006,136,4,Week 8,Laboratory,1,2025-08-29
TF-201-136-006,136,4,Week 8,Adverse Events,1,2025-08-27
TF-201-136-006,136,5,Week 12,Vital Signs,1,2025-10-06
TF-201-136-006,136,5,Week 12,PASI Score,1,2025-10-07
TF-201-136-006,136,5,Week 12,Adverse Events,1,2025-09-27
TF-201-136-006,136,6,Week 16 EOT,Vital Signs,1,2025-10-25
TF-201-136-006,136,6,Week 16 EOT,PASI Score,1,2025-10-19
TF-201-136-006,136,6,Week 16 EOT,Laboratory,1,2025-10-27
TF-201-136-006,136,6,Week 16 EOT,Adverse Events,1,2025-10-24
TF-201-136-006,136,6,Week 16 EOT,End of Treatment,1,2025-10-30
TF-201-136-007,136,1,Screening,Demographics,1,2025-05-23
TF-201-136-007,136,1,Screening,Inclusion/Exclusion,1,2025-05-26
TF-201-136-007,136,1,Screening,Medical History,1,2025-05-23
TF-201-136-007,136,1,Screening,Informed Consent,1,2025-06-02
TF-201-136-007,136,1,Screening,Laboratory,1,2025-05-23
TF-201-136-007,136,2,Baseline,Vital Signs,1,2025-07-13
TF-201-136-007,136,2,Baseline,PASI Score,1,2025-07-14
TF-201-136-007,136,2,Baseline,Laboratory,1,2025-07-06
TF-201-136-007,136,2,Baseline,Randomisation,1,2025-07-13
TF-201-136-007,136,3,Week 4,Vital Signs,1,2025-07-29
TF-201-136-007,136,3,Week 4,PASI Score,1,2025-07-29
TF-201-136-007,136,3,Week 4,Adverse Events,1,2025-08-09
TF-201-136-007,136,4,Week 8,Vital Signs,1,2025-09-07
TF-201-136-007,136,4,Week 8,PASI Score,1,2025-09-11
TF-201-136-007,136,4,Week 8,Laboratory,1,2025-08-31
TF-201-136-007,136,4,Week 8,Adverse Events,1,2025-09-11
TF-201-136-007,136,5,Week 12,Vital Signs,1,2025-09-23
TF-201-136-007,136,5,Week 12,PASI Score,1,2025-09-28
TF-201-136-007,136,5,Week 12,Adverse Events,1,2025-09-26
TF-201-136-007,136,6,Week 16 EOT,Vital Signs,1,2025-11-02
TF-201-136-007,136,6,Week 16 EOT,PASI Score,1,2025-10-31
TF-201-136-007,136,6,Week 16 EOT,Laboratory,1,2025-10-27
TF-201-136-007,136,6,Week 16 EOT,Adverse Events,1,2025-11-02
TF-201-136-007,136,6,Week 16 EOT,End of Treatment,1,2025-11-05
TF-201-136-008,136,1,Screening,Demographics,1,2025-07-31
TF-201-136-008,136,1,Screening,Inclusion/Exclusion,1,2025-07-28
TF-201-136-008,136,1,Screening,Medical History,1,2025-07-28
TF-201-136-008,136,1,Screening,Informed Consent,1,2025-08-05
TF-201-136-008,136,1,Screening,Laboratory,1,2025-08-07
TF-201-136-008,136,2,Baseline,Vital Signs,1,2025-09-04
TF-201-136-008,136,2,Baseline,PASI Score,1,2025-08-24
TF-201-136-008,136,2,Baseline,Laboratory,1,2025-08-30
TF-201-136-008,136,2,Baseline,Randomisation,1,2025-08-26
TF-201-136-008,136,3,Week 4,Vital Signs,1,2025-09-30
TF-201-136-008,136,3,Week 4,PASI Score,1,2025-09-27
TF-201-136-008,136,3,Week 4,Adverse Events,1,2025-09-25
TF-201-136-008,136,4,Week 8,Vital Signs,1,2025-10-23
TF-201-136-008,136,4,Week 8,PASI Score,1,2025-10-23
TF-201-136-008,136,4,Week 8,Laboratory,1,2025-10-28
TF-201-136-008,136,4,Week 8,Adverse Events,1,2025-10-24
TF-201-136-008,136,5,Week 12,Vital Signs,1,2025-11-25
TF-201-136-008,136,5,Week 12,PASI Score,1,2025-11-23
TF-201-136-008,136,5,Week 12,Adverse Events,1,2025-11-19
TF-201-136-008,136,6,Week 16 EOT,Vital Signs,1,2025-12-21
TF-201-136-008,136,6,Week 16 EOT,PASI Score,1,2025-12-22
TF-201-136-008,136,6,Week 16 EOT,Laboratory,1,2025-12-20
TF-201-136-008,136,6,Week 16 EOT,Adverse Events,1,2025-12-22
TF-201-136-008,136,6,Week 16 EOT,End of Treatment,1,2025-12-27
TF-201-136-009,136,1,Screening,Demographics,1,2025-07-25
TF-201-136-009,136,1,Screening,Inclusion/Exclusion,1,2025-07-21
TF-201-136-009,136,1,Screening,Medical History,1,2025-07-23
TF-201-136-009,136,1,Screening,Informed Consent,1,2025-07-21
TF-201-136-009,136,1,Screening,Laboratory,1,2025-07-18
TF-201-136-009,136,2,Baseline,Vital Signs,1,2025-08-06
TF-201-136-009,136,2,Baseline,PASI Score,1,2025-08-05
TF-201-136-009,136,2,Baseline,Laboratory,0,
TF-201-136-009,136,2,Baseline,Randomisation,1,2025-08-05
TF-201-136-009,136,3,Week 4,Vital Signs,1,2025-08-31
TF-201-136-009,136,3,Week 4,PASI Score,1,2025-09-06
TF-201-136-009,136,3,Week 4,Adverse Events,1,2025-08-30
TF-201-136-009,136,4,Week 8,Vital Signs,1,2025-10-02
TF-201-136-009,136,4,Week 8,PASI Score,1,2025-10-03
TF-201-136-009,136,4,Week 8,Laboratory,1,2025-09-28
TF-201-136-009,136,4,Week 8,Adverse Events,1,2025-10-08
TF-201-136-009,136,5,Week 12,Vital Signs,1,2025-11-06
TF-201-136-009,136,5,Week 12,PASI Score,1,2025-11-01
TF-201-136-009,136,5,Week 12,Adverse Events,1,2025-10-29
TF-201-136-009,136,6,Week 16 EOT,Vital Signs,1,2025-11-24
TF-201-136-009,136,6,Week 16 EOT,PASI Score,1,2025-11-30
TF-201-136-009,136,6,Week 16 EOT,Laboratory,1,2025-11-27
TF-201-136-009,136,6,Week 16 EOT,Adverse Events,1,2025-11-28
TF-201-136-009,136,6,Week 16 EOT,End of Treatment,1,2025-11-21
TF-201-136-010,136,1,Screening,Demographics,1,2026-05-08
TF-201-136-010,136,1,Screening,Inclusion/Exclusion,1,2026-05-06
TF-201-136-010,136,1,Screening,Medical History,1,2026-05-12
TF-201-136-010,136,1,Screening,Informed Consent,1,2026-05-10
TF-201-136-010,136,1,Screening,Laboratory,1,2026-05-06
TF-201-136-010,136,2,Baseline,Vital Signs,1,2026-05-29
TF-201-136-010,136,2,Baseline,PASI Score,1,2026-05-30
TF-201-136-010,136,2,Baseline,Laboratory,1,2026-06-04
TF-201-136-010,136,2,Baseline,Randomisation,1,2026-06-05
TF-201-136-010,136,3,Week 4,Vital Signs,1,2026-07-05
TF-201-136-010,136,3,Week 4,PASI Score,1,2026-06-24
TF-201-136-010,136,3,Week 4,Adverse Events,1,2026-07-05
TF-201-136-011,136,1,Screening,Demographics,0,
TF-201-136-011,136,1,Screening,Inclusion/Exclusion,1,2025-06-12
TF-201-136-011,136,1,Screening,Medical History,1,2025-06-15
TF-201-136-011,136,1,Screening,Informed Consent,1,2025-06-06
TF-201-136-011,136,1,Screening,Laboratory,1,2025-06-15
TF-201-136-011,136,2,Baseline,Vital Signs,1,2025-07-17
TF-201-136-011,136,2,Baseline,PASI Score,1,2025-07-18
TF-201-136-011,136,2,Baseline,Laboratory,1,2025-07-13
TF-201-136-011,136,2,Baseline,Randomisation,1,2025-07-15
TF-201-136-011,136,3,Week 4,Vital Signs,1,2025-08-21
TF-201-136-011,136,3,Week 4,PASI Score,1,2025-08-16
TF-201-136-011,136,3,Week 4,Adverse Events,1,2025-08-15
TF-201-136-011,136,4,Week 8,Vital Signs,1,2025-09-09
TF-201-136-011,136,4,Week 8,PASI Score,1,2025-09-13
TF-201-136-011,136,4,Week 8,Laboratory,1,2025-09-12
TF-201-136-011,136,4,Week 8,Adverse Events,1,2025-09-12
TF-201-136-011,136,5,Week 12,Vital Signs,1,2025-10-03
TF-201-136-011,136,5,Week 12,PASI Score,1,2025-10-06
TF-201-136-011,136,5,Week 12,Adverse Events,1,2025-10-02
TF-201-136-011,136,6,Week 16 EOT,Vital Signs,1,2025-10-29
TF-201-136-011,136,6,Week 16 EOT,PASI Score,1,2025-11-07
TF-201-136-011,136,6,Week 16 EOT,Laboratory,1,2025-11-07
TF-201-136-011,136,6,Week 16 EOT,Adverse Events,1,2025-10-29
TF-201-136-011,136,6,Week 16 EOT,End of Treatment,1,2025-10-27
TF-201-136-012,136,1,Screening,Demographics,1,2026-06-18
TF-201-136-012,136,1,Screening,Inclusion/Exclusion,1,2026-06-22
TF-201-136-012,136,1,Screening,Medical History,1,2026-06-23
TF-201-136-012,136,1,Screening,Informed Consent,1,2026-06-16
TF-201-136-012,136,1,Screening,Laboratory,1,2026-06-22
TF-201-136-012,136,2,Baseline,Vital Signs,1,2026-07-21
TF-201-136-012,136,2,Baseline,PASI Score,1,2026-07-24
TF-201-136-012,136,2,Baseline,Laboratory,1,2026-07-18
TF-201-136-012,136,2,Baseline,Randomisation,1,2026-07-19
TF-201-136-012,136,3,Week 4,Vital Signs,1,2026-08-29
TF-201-136-012,136,3,Week 4,PASI Score,1,2026-08-24
TF-201-136-012,136,3,Week 4,Adverse Events,1,2026-08-26
TF-201-136-013,136,1,Screening,Demographics,1,2026-01-15
TF-201-136-013,136,1,Screening,Inclusion/Exclusion,1,2026-01-19
TF-201-136-013,136,1,Screening,Medical History,1,2026-01-24
TF-201-136-013,136,1,Screening,Informed Consent,1,2026-01-18
TF-201-136-013,136,1,Screening,Laboratory,1,2026-01-14
TF-201-136-013,136,2,Baseline,Vital Signs,1,2026-02-25
TF-201-136-013,136,2,Baseline,PASI Score,1,2026-02-23
TF-201-136-013,136,2,Baseline,Laboratory,1,2026-02-22
TF-201-136-013,136,2,Baseline,Randomisation,1,2026-02-21
TF-201-136-013,136,3,Week 4,Vital Signs,1,2026-03-20
TF-201-136-013,136,3,Week 4,PASI Score,1,2026-03-22
TF-201-136-013,136,3,Week 4,Adverse Events,1,2026-03-26
TF-201-136-013,136,4,Week 8,Vital Signs,1,2026-04-25
TF-201-136-013,136,4,Week 8,PASI Score,1,2026-04-22
TF-201-136-013,136,4,Week 8,Laboratory,1,2026-04-24
TF-201-136-013,136,4,Week 8,Adverse Events,1,2026-04-22
TF-201-136-013,136,5,Week 12,Vital Signs,1,2026-05-22
TF-201-136-013,136,5,Week 12,PASI Score,1,2026-05-19
TF-201-136-013,136,5,Week 12,Adverse Events,1,2026-05-23
TF-201-136-013,136,6,Week 16 EOT,Vital Signs,1,2026-06-21
TF-201-136-013,136,6,Week 16 EOT,PASI Score,1,2026-06-28
TF-201-136-013,136,6,Week 16 EOT,Laboratory,1,2026-06-18
TF-201-136-013,136,6,Week 16 EOT,Adverse Events,1,2026-06-26
TF-201-136-013,136,6,Week 16 EOT,End of Treatment,1,2026-06-26
TF-201-136-014,136,1,Screening,Demographics,1,2026-01-21
TF-201-136-014,136,1,Screening,Inclusion/Exclusion,1,2026-01-10
TF-201-136-014,136,1,Screening,Medical History,1,2026-01-16
TF-201-136-014,136,1,Screening,Informed Consent,1,2026-01-10
TF-201-136-014,136,1,Screening,Laboratory,1,2026-01-19
TF-201-136-014,136,2,Baseline,Vital Signs,0,
TF-201-136-014,136,2,Baseline,PASI Score,1,2026-02-23
TF-201-136-014,136,2,Baseline,Laboratory,1,2026-03-01
TF-201-136-014,136,2,Baseline,Randomisation,1,2026-02-23
TF-201-136-014,136,3,Week 4,Vital Signs,1,2026-03-27
TF-201-136-014,136,3,Week 4,PASI Score,1,2026-03-25
TF-201-136-014,136,3,Week 4,Adverse Events,1,2026-03-31
TF-201-136-014,136,4,Week 8,Vital Signs,1,2026-04-25
TF-201-136-014,136,4,Week 8,PASI Score,1,2026-04-24
TF-201-136-014,136,4,Week 8,Laboratory,1,2026-04-21
TF-201-136-014,136,4,Week 8,Adverse Events,1,2026-04-24
TF-201-136-014,136,5,Week 12,Vital Signs,1,2026-05-25
TF-201-136-014,136,5,Week 12,PASI Score,1,2026-05-24
TF-201-136-014,136,5,Week 12,Adverse Events,1,2026-05-14
TF-201-136-014,136,6,Week 16 EOT,Vital Signs,1,2026-06-25
TF-201-136-014,136,6,Week 16 EOT,PASI Score,1,2026-06-29
TF-201-136-014,136,6,Week 16 EOT,Laboratory,1,2026-06-23
TF-201-136-014,136,6,Week 16 EOT,Adverse Events,1,2026-06-26
TF-201-136-014,136,6,Week 16 EOT,End of Treatment,1,2026-06-26
TF-201-136-015,136,1,Screening,Demographics,1,2026-08-06
TF-201-136-015,136,1,Screening,Inclusion/Exclusion,1,2026-08-02
TF-201-136-015,136,1,Screening,Medical History,1,2026-07-29
TF-201-136-015,136,1,Screening,Informed Consent,1,2026-07-28
TF-201-136-015,136,1,Screening,Laboratory,1,2026-08-02
TF-201-136-016,136,1,Screening,Demographics,1,2025-11-19
TF-201-136-016,136,1,Screening,Inclusion/Exclusion,1,2025-11-24
TF-201-136-016,136,1,Screening,Medical History,1,2025-11-19
TF-201-136-016,136,1,Screening,Informed Consent,1,2025-11-19
TF-201-136-016,136,1,Screening,Laboratory,1,2025-11-14
TF-201-136-016,136,2,Baseline,Vital Signs,1,2025-12-20
TF-201-136-016,136,2,Baseline,PASI Score,1,2025-12-20
TF-201-136-016,136,2,Baseline,Laboratory,1,2025-12-24
TF-201-136-016,136,2,Baseline,Randomisation,1,2025-12-22
TF-201-136-016,136,3,Week 4,Vital Signs,1,2026-01-15
TF-201-136-016,136,3,Week 4,PASI Score,1,2026-01-21
TF-201-136-016,136,3,Week 4,Adverse Events,1,2026-01-18
TF-201-136-016,136,4,Week 8,Vital Signs,1,2026-02-09
TF-201-136-016,136,4,Week 8,PASI Score,1,2026-02-11
TF-201-136-016,136,4,Week 8,Laboratory,1,2026-02-08
TF-201-136-016,136,4,Week 8,Adverse Events,1,2026-02-19
TF-201-136-016,136,5,Week 12,Vital Signs,1,2026-03-16
TF-201-136-016,136,5,Week 12,PASI Score,1,2026-03-21
TF-201-136-016,136,5,Week 12,Adverse Events,1,2026-03-20
TF-201-136-016,136,6,Week 16 EOT,Vital Signs,1,2026-04-06
TF-201-136-016,136,6,Week 16 EOT,PASI Score,1,2026-04-08
TF-201-136-016,136,6,Week 16 EOT,Laboratory,1,2026-04-16
TF-201-136-016,136,6,Week 16 EOT,Adverse Events,1,2026-04-06
TF-201-136-016,136,6,Week 16 EOT,End of Treatment,1,2026-04-08
TF-201-136-017,136,1,Screening,Demographics,1,2025-10-14
TF-201-136-017,136,1,Screening,Inclusion/Exclusion,1,2025-10-19
TF-201-136-017,136,1,Screening,Medical History,1,2025-10-11
TF-201-136-017,136,1,Screening,Informed Consent,1,2025-10-15
TF-201-136-017,136,1,Screening,Laboratory,1,2025-10-15
TF-201-136-017,136,2,Baseline,Vital Signs,1,2025-11-23
TF-201-136-017,136,2,Baseline,PASI Score,1,2025-11-26
TF-201-136-017,136,2,Baseline,Laboratory,1,2025-11-17
TF-201-136-017,136,2,Baseline,Randomisation,1,2025-11-22
TF-201-136-017,136,3,Week 4,Vital Signs,1,2025-12-22
TF-201-136-017,136,3,Week 4,PASI Score,1,2025-12-20
TF-201-136-017,136,3,Week 4,Adverse Events,1,2025-12-14
TF-201-136-017,136,4,Week 8,Vital Signs,1,2026-01-20
TF-201-136-017,136,4,Week 8,PASI Score,1,2026-01-14
TF-201-136-017,136,4,Week 8,Laboratory,1,2026-01-17
TF-201-136-017,136,4,Week 8,Adverse Events,1,2026-01-18
TF-201-136-017,136,5,Week 12,Vital Signs,1,2026-02-16
TF-201-136-017,136,5,Week 12,PASI Score,1,2026-02-18
TF-201-136-017,136,5,Week 12,Adverse Events,1,2026-02-15
TF-201-136-018,136,1,Screening,Demographics,1,2025-07-09
TF-201-136-018,136,1,Screening,Inclusion/Exclusion,1,2025-07-07
TF-201-136-018,136,1,Screening,Medical History,1,2025-07-08
TF-201-136-018,136,1,Screening,Informed Consent,0,
TF-201-136-018,136,1,Screening,Laboratory,1,2025-07-08
TF-201-136-018,136,2,Baseline,Vital Signs,1,2025-08-16
TF-201-136-018,136,2,Baseline,PASI Score,1,2025-08-11
TF-201-136-018,136,2,Baseline,Laboratory,1,2025-08-15
TF-201-136-018,136,2,Baseline,Randomisation,1,2025-08-13
TF-201-136-018,136,3,Week 4,Vital Signs,1,2025-09-12
TF-201-136-018,136,3,Week 4,PASI Score,1,2025-09-11
TF-201-136-018,136,3,Week 4,Adverse Events,1,2025-09-20
TF-201-136-018,136,4,Week 8,Vital Signs,1,2025-10-12
TF-201-136-018,136,4,Week 8,PASI Score,1,2025-10-20
TF-201-136-018,136,4,Week 8,Laboratory,1,2025-10-12
TF-201-136-018,136,4,Week 8,Adverse Events,1,2025-10-16
TF-201-136-018,136,5,Week 12,Vital Signs,1,2025-11-17
TF-201-136-018,136,5,Week 12,PASI Score,1,2025-11-10
TF-201-136-018,136,5,Week 12,Adverse Events,1,2025-11-17
TF-201-136-018,136,6,Week 16 EOT,Vital Signs,1,2025-12-15
TF-201-136-018,136,6,Week 16 EOT,PASI Score,1,2025-12-18
TF-201-136-018,136,6,Week 16 EOT,Laboratory,1,2025-12-11
TF-201-136-018,136,6,Week 16 EOT,Adverse Events,1,2025-12-09
TF-201-136-018,136,6,Week 16 EOT,End of Treatment,1,2025-12-17
TF-201-136-019,136,1,Screening,Demographics,1,2025-09-25
TF-201-136-019,136,1,Screening,Inclusion/Exclusion,1,2025-09-25
TF-201-136-019,136,1,Screening,Medical History,1,2025-09-30
TF-201-136-019,136,1,Screening,Informed Consent,1,2025-09-27
TF-201-136-019,136,1,Screening,Laboratory,1,2025-09-30
TF-201-136-019,136,2,Baseline,Vital Signs,1,2025-10-23
TF-201-136-019,136,2,Baseline,PASI Score,1,2025-10-17
TF-201-136-019,136,2,Baseline,Laboratory,1,2025-10-23
TF-201-136-019,136,2,Baseline,Randomisation,1,2025-10-19
TF-201-136-019,136,3,Week 4,Vital Signs,1,2025-11-25
TF-201-136-019,136,3,Week 4,PASI Score,1,2025-11-22
TF-201-136-019,136,3,Week 4,Adverse Events,1,2025-11-17
TF-201-136-019,136,4,Week 8,Vital Signs,1,2025-12-06
TF-201-136-019,136,4,Week 8,PASI Score,1,2025-12-09
TF-201-136-019,136,4,Week 8,Laboratory,1,2025-12-13
TF-201-136-019,136,4,Week 8,Adverse Events,1,2025-12-06
TF-201-136-019,136,5,Week 12,Vital Signs,1,2026-01-09
TF-201-136-019,136,5,Week 12,PASI Score,1,2026-01-10
TF-201-136-019,136,5,Week 12,Adverse Events,1,2026-01-04
TF-201-136-020,136,1,Screening,Demographics,1,2026-04-18
TF-201-136-020,136,1,Screening,Inclusion/Exclusion,1,2026-04-19
TF-201-136-020,136,1,Screening,Medical History,1,2026-04-16
TF-201-136-020,136,1,Screening,Informed Consent,1,2026-04-14
TF-201-136-020,136,1,Screening,Laboratory,1,2026-04-17
TF-201-136-020,136,2,Baseline,Vital Signs,1,2026-05-04
TF-201-136-020,136,2,Baseline,PASI Score,1,2026-05-09
TF-201-136-020,136,2,Baseline,Laboratory,1,2026-04-29
TF-201-136-020,136,2,Baseline,Randomisation,1,2026-05-01
TF-201-136-020,136,3,Week 4,Vital Signs,1,2026-06-01
TF-201-136-020,136,3,Week 4,PASI Score,1,2026-06-07
TF-201-136-020,136,3,Week 4,Adverse Events,1,2026-06-04
TF-201-136-020,136,4,Week 8,Vital Signs,1,2026-06-27
TF-201-136-020,136,4,Week 8,PASI Score,1,2026-07-05
TF-201-136-020,136,4,Week 8,Laboratory,1,2026-07-04
TF-201-136-020,136,4,Week 8,Adverse Events,0,
TF-201-136-020,136,5,Week 12,Vital Signs,1,2026-08-04
TF-201-136-020,136,5,Week 12,PASI Score,1,2026-08-04
TF-201-136-020,136,5,Week 12,Adverse Events,1,2026-07-29
TF-201-136-020,136,6,Week 16 EOT,Vital Signs,1,2026-08-24
TF-201-136-020,136,6,Week 16 EOT,PASI Score,1,2026-08-22
TF-201-136-020,136,6,Week 16 EOT,Laboratory,1,2026-08-27
TF-201-136-020,136,6,Week 16 EOT,Adverse Events,1,2026-08-24
TF-201-136-020,136,6,Week 16 EOT,End of Treatment,1,2026-08-19
TF-201-136-021,136,1,Screening,Demographics,1,2026-03-28
TF-201-136-021,136,1,Screening,Inclusion/Exclusion,1,2026-03-25
TF-201-136-021,136,1,Screening,Medical History,1,2026-03-21
TF-201-136-021,136,1,Screening,Informed Consent,1,2026-03-26
TF-201-136-021,136,1,Screening,Laboratory,1,2026-03-18
TF-201-136-021,136,2,Baseline,Vital Signs,1,2026-04-06
TF-201-136-021,136,2,Baseline,PASI Score,1,2026-04-09
TF-201-136-021,136,2,Baseline,Laboratory,1,2026-04-10
TF-201-136-021,136,2,Baseline,Randomisation,1,2026-04-13
TF-201-136-021,136,3,Week 4,Vital Signs,1,2026-05-10
TF-201-136-021,136,3,Week 4,PASI Score,1,2026-05-08
TF-201-136-021,136,3,Week 4,Adverse Events,1,2026-05-05
TF-201-136-021,136,4,Week 8,Vital Signs,1,2026-06-01
TF-201-136-021,136,4,Week 8,PASI Score,1,2026-06-10
TF-201-136-021,136,4,Week 8,Laboratory,1,2026-06-01
TF-201-136-021,136,4,Week 8,Adverse Events,1,2026-06-11
TF-201-136-021,136,5,Week 12,Vital Signs,1,2026-06-29
TF-201-136-021,136,5,Week 12,PASI Score,1,2026-06-27
TF-201-136-021,136,5,Week 12,Adverse Events,1,2026-07-05
TF-201-136-021,136,6,Week 16 EOT,Vital Signs,1,2026-08-01
TF-201-136-021,136,6,Week 16 EOT,PASI Score,1,2026-08-08
TF-201-136-021,136,6,Week 16 EOT,Laboratory,1,2026-08-08
TF-201-136-021,136,6,Week 16 EOT,Adverse Events,1,2026-08-01
TF-201-136-021,136,6,Week 16 EOT,End of Treatment,1,2026-08-12
TF-201-136-022,136,1,Screening,Demographics,1,2025-07-02
TF-201-136-022,136,1,Screening,Inclusion/Exclusion,1,2025-07-06
TF-201-136-022,136,1,Screening,Medical History,1,2025-07-04
TF-201-136-022,136,1,Screening,Informed Consent,1,2025-06-26
TF-201-136-022,136,1,Screening,Laboratory,1,2025-07-05
TF-201-136-022,136,2,Baseline,Vital Signs,1,2025-07-28
TF-201-136-022,136,2,Baseline,PASI Score,1,2025-07-21
TF-201-136-022,136,2,Baseline,Laboratory,1,2025-07-31
TF-201-136-022,136,2,Baseline,Randomisation,1,2025-07-21
TF-201-136-022,136,3,Week 4,Vital Signs,1,2025-08-18
TF-201-136-022,136,3,Week 4,PASI Score,1,2025-08-20
TF-201-136-022,136,3,Week 4,Adverse Events,1,2025-08-23
TF-201-136-022,136,4,Week 8,Vital Signs,1,2025-09-18
TF-201-136-022,136,4,Week 8,PASI Score,1,2025-09-23
TF-201-136-022,136,4,Week 8,Laboratory,1,2025-09-23
TF-201-136-022,136,4,Week 8,Adverse Events,1,2025-09-17
TF-201-136-022,136,5,Week 12,Vital Signs,1,2025-10-18
TF-201-136-022,136,5,Week 12,PASI Score,1,2025-10-25
TF-201-136-022,136,5,Week 12,Adverse Events,1,2025-10-22
TF-201-136-022,136,6,Week 16 EOT,Vital Signs,1,2025-11-05
TF-201-136-022,136,6,Week 16 EOT,PASI Score,1,2025-11-10
TF-201-136-022,136,6,Week 16 EOT,Laboratory,1,2025-11-06
TF-201-136-022,136,6,Week 16 EOT,Adverse Events,1,2025-11-08
TF-201-136-022,136,6,Week 16 EOT,End of Treatment,1,2025-11-09
TF-201-137-001,137,1,Screening,Demographics,1,2025-09-30
TF-201-137-001,137,1,Screening,Inclusion/Exclusion,1,2025-09-29
TF-201-137-001,137,1,Screening,Medical History,1,2025-10-01
TF-201-137-001,137,1,Screening,Informed Consent,1,2025-09-30
TF-201-137-001,137,1,Screening,Laboratory,1,2025-09-28
TF-201-137-001,137,2,Baseline,Vital Signs,1,2025-10-17
TF-201-137-001,137,2,Baseline,PASI Score,1,2025-10-07
TF-201-137-001,137,2,Baseline,Laboratory,1,2025-10-15
TF-201-137-001,137,2,Baseline,Randomisation,1,2025-10-09
TF-201-137-001,137,3,Week 4,Vital Signs,1,2025-11-12
TF-201-137-001,137,3,Week 4,PASI Score,1,2025-11-15
TF-201-137-001,137,3,Week 4,Adverse Events,1,2025-11-10
TF-201-137-001,137,4,Week 8,Vital Signs,1,2025-12-09
TF-201-137-001,137,4,Week 8,PASI Score,1,2025-12-05
TF-201-137-001,137,4,Week 8,Laboratory,1,2025-12-03
TF-201-137-001,137,4,Week 8,Adverse Events,1,2025-12-11
TF-201-137-001,137,6,Week 16 EOT,Vital Signs,1,2026-02-02
TF-201-137-001,137,6,Week 16 EOT,PASI Score,1,2026-02-08
TF-201-137-001,137,6,Week 16 EOT,Laboratory,1,2026-02-07
TF-201-137-001,137,6,Week 16 EOT,Adverse Events,1,2026-02-01
TF-201-137-001,137,6,Week 16 EOT,End of Treatment,1,2026-01-31
TF-201-137-002,137,1,Screening,Demographics,1,2025-05-15
TF-201-137-002,137,1,Screening,Inclusion/Exclusion,1,2025-05-11
TF-201-137-002,137,1,Screening,Medical History,1,2025-05-14
TF-201-137-002,137,1,Screening,Informed Consent,1,2025-05-15
TF-201-137-002,137,1,Screening,Laboratory,1,2025-05-19
TF-201-137-002,137,2,Baseline,Vital Signs,1,2025-06-26
TF-201-137-002,137,2,Baseline,PASI Score,1,2025-06-24
TF-201-137-002,137,2,Baseline,Laboratory,1,2025-06-24
TF-201-137-002,137,2,Baseline,Randomisation,1,2025-06-26
TF-201-137-002,137,3,Week 4,Vital Signs,1,2025-07-21
TF-201-137-002,137,3,Week 4,PASI Score,1,2025-07-18
TF-201-137-002,137,3,Week 4,Adverse Events,1,2025-07-19
TF-201-137-002,137,4,Week 8,Vital Signs,1,2025-08-19
TF-201-137-002,137,4,Week 8,PASI Score,1,2025-08-13
TF-201-137-002,137,4,Week 8,Laboratory,1,2025-08-20
TF-201-137-002,137,4,Week 8,Adverse Events,1,2025-08-16
TF-201-137-002,137,5,Week 12,Vital Signs,1,2025-09-09
TF-201-137-002,137,5,Week 12,PASI Score,1,2025-09-16
TF-201-137-002,137,5,Week 12,Adverse Events,1,2025-09-14
TF-201-137-002,137,6,Week 16 EOT,Vital Signs,1,2025-10-14
TF-201-137-002,137,6,Week 16 EOT,PASI Score,1,2025-10-14
TF-201-137-002,137,6,Week 16 EOT,Laboratory,1,2025-10-16
TF-201-137-002,137,6,Week 16 EOT,Adverse Events,1,2025-10-11
TF-201-137-002,137,6,Week 16 EOT,End of Treatment,1,2025-10-15
TF-201-137-003,137,1,Screening,Demographics,1,2026-05-16
TF-201-137-003,137,1,Screening,Inclusion/Exclusion,1,2026-05-08
TF-201-137-003,137,1,Screening,Medical History,1,2026-05-12
TF-201-137-003,137,1,Screening,Informed Consent,1,2026-05-12
TF-201-137-003,137,1,Screening,Laboratory,1,2026-05-05
TF-201-137-004,137,1,Screening,Demographics,1,2025-11-15
TF-201-137-004,137,1,Screening,Inclusion/Exclusion,1,2025-11-18
TF-201-137-004,137,1,Screening,Medical History,1,2025-11-12
TF-201-137-004,137,1,Screening,Informed Consent,1,2025-11-14
TF-201-137-004,137,1,Screening,Laboratory,1,2025-11-11
TF-201-137-004,137,2,Baseline,Vital Signs,1,2025-12-12
TF-201-137-004,137,2,Baseline,PASI Score,1,2025-12-16
TF-201-137-004,137,2,Baseline,Laboratory,1,2025-12-20
TF-201-137-004,137,2,Baseline,Randomisation,1,2025-12-14
TF-201-137-004,137,3,Week 4,Vital Signs,1,2026-01-08
TF-201-137-004,137,3,Week 4,PASI Score,1,2026-01-13
TF-201-137-004,137,3,Week 4,Adverse Events,1,2026-01-10
TF-201-137-004,137,4,Week 8,Vital Signs,1,2026-02-15
TF-201-137-004,137,4,Week 8,PASI Score,1,2026-02-07
TF-201-137-004,137,4,Week 8,Laboratory,1,2026-02-09
TF-201-137-004,137,4,Week 8,Adverse Events,1,2026-02-15
TF-201-137-004,137,5,Week 12,Vital Signs,1,2026-03-09
TF-201-137-004,137,5,Week 12,PASI Score,1,2026-03-09
TF-201-137-004,137,5,Week 12,Adverse Events,1,2026-03-13
TF-201-137-004,137,6,Week 16 EOT,Vital Signs,1,2026-04-03
TF-201-137-004,137,6,Week 16 EOT,PASI Score,1,2026-04-08
TF-201-137-004,137,6,Week 16 EOT,Laboratory,1,2026-03-30
TF-201-137-004,137,6,Week 16 EOT,Adverse Events,1,2026-04-10
TF-201-137-004,137,6,Week 16 EOT,End of Treatment,1,2026-04-05
TF-201-137-005,137,1,Screening,Demographics,1,2025-12-26
TF-201-137-005,137,1,Screening,Inclusion/Exclusion,1,2026-01-06
TF-201-137-005,137,1,Screening,Medical History,1,2026-01-04
TF-201-137-005,137,1,Screening,Informed Consent,1,2026-01-01
TF-201-137-005,137,1,Screening,Laboratory,1,2025-12-27
TF-201-137-005,137,2,Baseline,Vital Signs,1,2026-01-26
TF-201-137-005,137,2,Baseline,PASI Score,1,2026-01-16
TF-201-137-005,137,2,Baseline,Laboratory,1,2026-01-17
TF-201-137-005,137,2,Baseline,Randomisation,0,
TF-201-137-005,137,3,Week 4,Vital Signs,1,2026-02-19
TF-201-137-005,137,3,Week 4,PASI Score,1,2026-02-23
TF-201-137-005,137,3,Week 4,Adverse Events,1,2026-02-19
TF-201-137-005,137,4,Week 8,Vital Signs,1,2026-03-25
TF-201-137-005,137,4,Week 8,PASI Score,1,2026-03-20
TF-201-137-005,137,4,Week 8,Laboratory,1,2026-03-26
TF-201-137-005,137,4,Week 8,Adverse Events,1,2026-03-15
TF-201-137-005,137,5,Week 12,Vital Signs,1,2026-04-22
TF-201-137-005,137,5,Week 12,PASI Score,1,2026-04-11
TF-201-137-005,137,5,Week 12,Adverse Events,1,2026-04-18
TF-201-137-005,137,6,Week 16 EOT,Vital Signs,1,2026-05-22
TF-201-137-005,137,6,Week 16 EOT,PASI Score,0,
TF-201-137-005,137,6,Week 16 EOT,Laboratory,1,2026-05-24
TF-201-137-005,137,6,Week 16 EOT,Adverse Events,1,2026-05-20
TF-201-137-005,137,6,Week 16 EOT,End of Treatment,1,2026-05-19
TF-201-137-006,137,1,Screening,Demographics,1,2025-11-07
TF-201-137-006,137,1,Screening,Inclusion/Exclusion,1,2025-11-11
TF-201-137-006,137,1,Screening,Medical History,1,2025-11-07
TF-201-137-006,137,1,Screening,Informed Consent,1,2025-11-12
TF-201-137-006,137,1,Screening,Laboratory,1,2025-11-12
TF-201-137-006,137,2,Baseline,Vital Signs,1,2025-12-10
TF-201-137-006,137,2,Baseline,PASI Score,1,2025-12-10
TF-201-137-006,137,2,Baseline,Laboratory,1,2025-12-14
TF-201-137-006,137,2,Baseline,Randomisation,1,2025-12-15
TF-201-137-006,137,3,Week 4,Vital Signs,1,2026-01-13
TF-201-137-006,137,3,Week 4,PASI Score,1,2026-01-07
TF-201-137-006,137,3,Week 4,Adverse Events,1,2026-01-09
TF-201-137-006,137,4,Week 8,Vital Signs,1,2026-02-04
TF-201-137-006,137,4,Week 8,PASI Score,1,2026-02-06
TF-201-137-006,137,4,Week 8,Laboratory,1,2026-01-30
TF-201-137-006,137,4,Week 8,Adverse Events,1,2026-01-30
TF-201-137-006,137,5,Week 12,Vital Signs,1,2026-03-03
TF-201-137-006,137,5,Week 12,PASI Score,1,2026-03-04
TF-201-137-006,137,5,Week 12,Adverse Events,1,2026-03-06
TF-201-137-006,137,6,Week 16 EOT,Vital Signs,1,2026-03-26
TF-201-137-006,137,6,Week 16 EOT,PASI Score,1,2026-03-20
TF-201-137-006,137,6,Week 16 EOT,Laboratory,1,2026-03-21
TF-201-137-006,137,6,Week 16 EOT,Adverse Events,1,2026-03-26
TF-201-137-006,137,6,Week 16 EOT,End of Treatment,1,2026-03-16
TF-201-137-007,137,1,Screening,Demographics,1,2026-06-10
TF-201-137-007,137,1,Screening,Inclusion/Exclusion,1,2026-06-15
TF-201-137-007,137,1,Screening,Medical History,1,2026-06-19
TF-201-137-007,137,1,Screening,Informed Consent,1,2026-06-18
TF-201-137-007,137,1,Screening,Laboratory,1,2026-06-15
TF-201-137-007,137,2,Baseline,Vital Signs,1,2026-07-23
TF-201-137-007,137,2,Baseline,PASI Score,1,2026-07-24
TF-201-137-007,137,2,Baseline,Laboratory,1,2026-07-22
TF-201-137-007,137,2,Baseline,Randomisation,1,2026-07-25
TF-201-137-007,137,3,Week 4,Vital Signs,1,2026-08-28
TF-201-137-007,137,3,Week 4,PASI Score,1,2026-08-23
TF-201-137-007,137,3,Week 4,Adverse Events,1,2026-08-24
TF-201-137-008,137,1,Screening,Demographics,1,2026-03-18
TF-201-137-008,137,1,Screening,Inclusion/Exclusion,1,2026-03-13
TF-201-137-008,137,1,Screening,Medical History,1,2026-03-14
TF-201-137-008,137,1,Screening,Informed Consent,1,2026-03-11
TF-201-137-008,137,1,Screening,Laboratory,1,2026-03-11
TF-201-137-008,137,2,Baseline,Vital Signs,1,2026-04-01
TF-201-137-008,137,2,Baseline,PASI Score,1,2026-03-28
TF-201-137-008,137,2,Baseline,Laboratory,1,2026-04-01
TF-201-137-008,137,2,Baseline,Randomisation,1,2026-04-02
TF-201-137-008,137,3,Week 4,Vital Signs,1,2026-04-28
TF-201-137-008,137,3,Week 4,PASI Score,1,2026-05-02
TF-201-137-008,137,3,Week 4,Adverse Events,1,2026-05-02
TF-201-137-008,137,4,Week 8,Vital Signs,0,
TF-201-137-008,137,4,Week 8,PASI Score,1,2026-05-23
TF-201-137-008,137,4,Week 8,Laboratory,1,2026-05-24
TF-201-137-008,137,4,Week 8,Adverse Events,1,2026-05-20
TF-201-137-008,137,5,Week 12,Vital Signs,1,2026-07-02
TF-201-137-008,137,5,Week 12,PASI Score,1,2026-06-24
TF-201-137-008,137,5,Week 12,Adverse Events,1,2026-06-28
TF-201-137-008,137,6,Week 16 EOT,Vital Signs,1,2026-07-13
TF-201-137-008,137,6,Week 16 EOT,PASI Score,1,2026-07-21
TF-201-137-008,137,6,Week 16 EOT,Laboratory,1,2026-07-22
TF-201-137-008,137,6,Week 16 EOT,Adverse Events,1,2026-07-18
TF-201-137-008,137,6,Week 16 EOT,End of Treatment,1,2026-07-19
TF-201-137-009,137,1,Screening,Demographics,1,2025-12-13
TF-201-137-009,137,1,Screening,Inclusion/Exclusion,1,2025-12-14
TF-201-137-009,137,1,Screening,Medical History,1,2025-12-10
TF-201-137-009,137,1,Screening,Informed Consent,1,2025-12-10
TF-201-137-009,137,1,Screening,Laboratory,1,2025-12-14
TF-201-137-009,137,2,Baseline,Vital Signs,1,2026-01-11
TF-201-137-009,137,2,Baseline,PASI Score,1,2026-01-02
TF-201-137-009,137,2,Baseline,Laboratory,1,2025-12-31
TF-201-137-009,137,2,Baseline,Randomisation,1,2026-01-03
TF-201-137-009,137,3,Week 4,Vital Signs,1,2026-02-05
TF-201-137-009,137,3,Week 4,PASI Score,0,
TF-201-137-009,137,3,Week 4,Adverse Events,1,2026-02-06
TF-201-137-009,137,4,Week 8,Vital Signs,1,2026-02-24
TF-201-137-009,137,4,Week 8,PASI Score,1,2026-03-01
TF-201-137-009,137,4,Week 8,Laboratory,1,2026-02-28
TF-201-137-009,137,4,Week 8,Adverse Events,1,2026-03-05
TF-201-137-009,137,5,Week 12,Vital Signs,1,2026-04-03
TF-201-137-009,137,5,Week 12,PASI Score,1,2026-03-30
TF-201-137-009,137,5,Week 12,Adverse Events,1,2026-04-04
TF-201-137-009,137,6,Week 16 EOT,Vital Signs,1,2026-04-26
TF-201-137-009,137,6,Week 16 EOT,PASI Score,1,2026-05-01
TF-201-137-009,137,6,Week 16 EOT,Laboratory,1,2026-05-02
TF-201-137-009,137,6,Week 16 EOT,Adverse Events,1,2026-04-22
TF-201-137-009,137,6,Week 16 EOT,End of Treatment,1,2026-04-30
TF-201-137-010,137,1,Screening,Demographics,1,2025-07-26
TF-201-137-010,137,1,Screening,Inclusion/Exclusion,1,2025-07-26
TF-201-137-010,137,1,Screening,Medical History,1,2025-08-01
TF-201-137-010,137,1,Screening,Informed Consent,1,2025-07-31
TF-201-137-010,137,1,Screening,Laboratory,1,2025-08-04
TF-201-137-010,137,2,Baseline,Vital Signs,1,2025-09-03
TF-201-137-010,137,2,Baseline,PASI Score,1,2025-09-05
TF-201-137-010,137,2,Baseline,Laboratory,1,2025-08-31
TF-201-137-010,137,2,Baseline,Randomisation,1,2025-09-03
TF-201-137-010,137,3,Week 4,Vital Signs,1,2025-10-06
TF-201-137-010,137,3,Week 4,PASI Score,1,2025-10-01
TF-201-137-010,137,3,Week 4,Adverse Events,1,2025-10-06
TF-201-137-010,137,4,Week 8,Vital Signs,1,2025-11-01
TF-201-137-010,137,4,Week 8,PASI Score,1,2025-10-27
TF-201-137-010,137,4,Week 8,Laboratory,1,2025-11-02
TF-201-137-010,137,4,Week 8,Adverse Events,1,2025-10-30
TF-201-137-010,137,5,Week 12,Vital Signs,0,
TF-201-137-010,137,5,Week 12,PASI Score,1,2025-12-02
TF-201-137-010,137,5,Week 12,Adverse Events,1,2025-11-26
TF-201-137-010,137,6,Week 16 EOT,Vital Signs,1,2026-01-03
TF-201-137-010,137,6,Week 16 EOT,PASI Score,1,2025-12-28
TF-201-137-010,137,6,Week 16 EOT,Laboratory,1,2025-12-29
TF-201-137-010,137,6,Week 16 EOT,Adverse Events,1,2026-01-03
TF-201-137-010,137,6,Week 16 EOT,End of Treatment,1,2025-12-26
TF-201-137-011,137,1,Screening,Demographics,1,2025-10-15
TF-201-137-011,137,1,Screening,Inclusion/Exclusion,0,
TF-201-137-011,137,1,Screening,Medical History,1,2025-10-13
TF-201-137-011,137,1,Screening,Informed Consent,1,2025-10-11
TF-201-137-011,137,1,Screening,Laboratory,1,2025-10-12
TF-201-137-011,137,2,Baseline,Vital Signs,1,2025-11-14
TF-201-137-011,137,2,Baseline,PASI Score,1,2025-11-12
TF-201-137-011,137,2,Baseline,Laboratory,1,2025-11-16
TF-201-137-011,137,2,Baseline,Randomisation,1,2025-11-10
TF-201-137-011,137,3,Week 4,Vital Signs,1,2025-12-17
TF-201-137-011,137,3,Week 4,PASI Score,1,2025-12-19
TF-201-137-011,137,3,Week 4,Adverse Events,1,2025-12-12
TF-201-137-011,137,4,Week 8,Vital Signs,1,2026-01-10
TF-201-137-011,137,4,Week 8,PASI Score,1,2026-01-04
TF-201-137-011,137,4,Week 8,Laboratory,1,2026-01-12
TF-201-137-011,137,4,Week 8,Adverse Events,1,2026-01-02
TF-201-137-011,137,5,Week 12,Vital Signs,1,2026-02-03
TF-201-137-011,137,5,Week 12,PASI Score,1,2026-02-11
TF-201-137-011,137,5,Week 12,Adverse Events,1,2026-02-06
TF-201-137-011,137,6,Week 16 EOT,Vital Signs,1,2026-03-03
TF-201-137-011,137,6,Week 16 EOT,PASI Score,1,2026-03-04
TF-201-137-011,137,6,Week 16 EOT,Laboratory,1,2026-03-03
TF-201-137-011,137,6,Week 16 EOT,Adverse Events,1,2026-03-03
TF-201-137-011,137,6,Week 16 EOT,End of Treatment,1,2026-03-07
TF-201-137-012,137,1,Screening,Demographics,1,2025-12-25
TF-201-137-012,137,1,Screening,Inclusion/Exclusion,1,2025-12-20
TF-201-137-012,137,1,Screening,Medical History,1,2025-12-15
TF-201-137-012,137,1,Screening,Informed Consent,1,2025-12-15
TF-201-137-012,137,1,Screening,Laboratory,1,2025-12-22
TF-201-137-012,137,2,Baseline,Vital Signs,1,2026-01-27
TF-201-137-012,137,2,Baseline,PASI Score,1,2026-01-22
TF-201-137-012,137,2,Baseline,Laboratory,1,2026-01-28
TF-201-137-012,137,2,Baseline,Randomisation,1,2026-01-25
TF-201-137-012,137,3,Week 4,Vital Signs,1,2026-02-26
TF-201-137-012,137,3,Week 4,PASI Score,1,2026-02-23
TF-201-137-012,137,3,Week 4,Adverse Events,1,2026-02-21
TF-201-137-012,137,4,Week 8,Vital Signs,1,2026-03-23
TF-201-137-012,137,4,Week 8,PASI Score,1,2026-03-26
TF-201-137-012,137,4,Week 8,Laboratory,1,2026-03-18
TF-201-137-012,137,4,Week 8,Adverse Events,1,2026-03-26
TF-201-137-012,137,5,Week 12,Vital Signs,1,2026-04-26
TF-201-137-012,137,5,Week 12,PASI Score,1,2026-05-04
TF-201-137-012,137,5,Week 12,Adverse Events,1,2026-04-25
TF-201-137-012,137,6,Week 16 EOT,Vital Signs,1,2026-05-23
TF-201-137-012,137,6,Week 16 EOT,PASI Score,1,2026-05-24
TF-201-137-012,137,6,Week 16 EOT,Laboratory,1,2026-05-15
TF-201-137-012,137,6,Week 16 EOT,Adverse Events,1,2026-05-24
TF-201-137-012,137,6,Week 16 EOT,End of Treatment,1,2026-05-17
TF-201-137-013,137,1,Screening,Demographics,1,2025-11-17
TF-201-137-013,137,1,Screening,Inclusion/Exclusion,1,2025-11-06
TF-201-137-013,137,1,Screening,Medical History,1,2025-11-12
TF-201-137-013,137,1,Screening,Informed Consent,1,2025-11-11
TF-201-137-013,137,1,Screening,Laboratory,1,2025-11-17
TF-201-137-013,137,2,Baseline,Vital Signs,1,2025-12-16
TF-201-137-013,137,2,Baseline,PASI Score,1,2025-12-17
TF-201-137-013,137,2,Baseline,Laboratory,1,2025-12-25
TF-201-137-013,137,2,Baseline,Randomisation,1,2025-12-25
TF-201-137-013,137,3,Week 4,Vital Signs,1,2026-01-19
TF-201-137-013,137,3,Week 4,PASI Score,1,2026-01-21
TF-201-137-013,137,3,Week 4,Adverse Events,1,2026-01-17
TF-201-137-013,137,4,Week 8,Vital Signs,1,2026-02-20
TF-201-137-013,137,4,Week 8,PASI Score,1,2026-02-13
TF-201-137-013,137,4,Week 8,Laboratory,1,2026-02-11
TF-201-137-013,137,4,Week 8,Adverse Events,1,2026-02-09
TF-201-137-013,137,5,Week 12,Vital Signs,1,2026-03-20
TF-201-137-013,137,5,Week 12,PASI Score,1,2026-03-25
TF-201-137-013,137,5,Week 12,Adverse Events,1,2026-03-27
TF-201-137-013,137,6,Week 16 EOT,Vital Signs,1,2026-04-13
TF-201-137-013,137,6,Week 16 EOT,PASI Score,1,2026-04-08
TF-201-137-013,137,6,Week 16 EOT,Laboratory,1,2026-04-14
TF-201-137-013,137,6,Week 16 EOT,Adverse Events,1,2026-04-08
TF-201-137-013,137,6,Week 16 EOT,End of Treatment,1,2026-04-15
TF-201-137-014,137,1,Screening,Demographics,1,2025-07-30
TF-201-137-014,137,1,Screening,Inclusion/Exclusion,1,2025-07-29
TF-201-137-014,137,1,Screening,Medical History,1,2025-07-30
TF-201-137-014,137,1,Screening,Informed Consent,1,2025-07-23
TF-201-137-014,137,1,Screening,Laboratory,1,2025-07-21
TF-201-137-014,137,2,Baseline,Vital Signs,1,2025-08-23
TF-201-137-014,137,2,Baseline,PASI Score,1,2025-08-28
TF-201-137-014,137,2,Baseline,Laboratory,1,2025-08-25
TF-201-137-014,137,2,Baseline,Randomisation,1,2025-08-21
TF-201-137-014,137,3,Week 4,Vital Signs,0,
TF-201-137-014,137,3,Week 4,PASI Score,1,2025-09-29
TF-201-137-014,137,3,Week 4,Adverse Events,1,2025-09-21
TF-201-137-014,137,4,Week 8,Vital Signs,1,2025-10-18
TF-201-137-014,137,4,Week 8,PASI Score,1,2025-10-26
TF-201-137-014,137,4,Week 8,Laboratory,1,2025-10-20
TF-201-137-014,137,4,Week 8,Adverse Events,1,2025-10-18
TF-201-137-014,137,5,Week 12,Vital Signs,1,2025-11-16
TF-201-137-014,137,5,Week 12,PASI Score,1,2025-11-23
TF-201-137-014,137,5,Week 12,Adverse Events,1,2025-11-22
TF-201-137-014,137,6,Week 16 EOT,Vital Signs,1,2025-12-19
TF-201-137-014,137,6,Week 16 EOT,PASI Score,1,2025-12-16
TF-201-137-014,137,6,Week 16 EOT,Laboratory,1,2025-12-16
TF-201-137-014,137,6,Week 16 EOT,Adverse Events,1,2025-12-17
TF-201-137-014,137,6,Week 16 EOT,End of Treatment,1,2025-12-13
TF-201-137-015,137,1,Screening,Demographics,1,2025-04-28
TF-201-137-015,137,1,Screening,Inclusion/Exclusion,1,2025-05-01
TF-201-137-015,137,1,Screening,Medical History,0,
TF-201-137-015,137,1,Screening,Informed Consent,1,2025-04-27
TF-201-137-015,137,1,Screening,Laboratory,1,2025-05-06
TF-201-137-015,137,2,Baseline,Vital Signs,1,2025-05-26
TF-201-137-015,137,2,Baseline,PASI Score,1,2025-05-26
TF-201-137-015,137,2,Baseline,Laboratory,1,2025-06-01
TF-201-137-015,137,2,Baseline,Randomisation,1,2025-05-28
TF-201-137-015,137,3,Week 4,Vital Signs,1,2025-06-24
TF-201-137-015,137,3,Week 4,PASI Score,1,2025-06-17
TF-201-137-015,137,3,Week 4,Adverse Events,1,2025-06-18
TF-201-137-015,137,4,Week 8,Vital Signs,1,2025-07-22
TF-201-137-015,137,4,Week 8,PASI Score,1,2025-07-30
TF-201-137-015,137,4,Week 8,Laboratory,1,2025-07-22
TF-201-137-015,137,4,Week 8,Adverse Events,1,2025-07-30
TF-201-137-015,137,5,Week 12,Vital Signs,1,2025-08-14
TF-201-137-015,137,5,Week 12,PASI Score,1,2025-08-15
TF-201-137-015,137,5,Week 12,Adverse Events,1,2025-08-19
TF-201-137-015,137,6,Week 16 EOT,Vital Signs,1,2025-09-13
TF-201-137-015,137,6,Week 16 EOT,PASI Score,1,2025-09-12
TF-201-137-015,137,6,Week 16 EOT,Laboratory,1,2025-09-12
TF-201-137-015,137,6,Week 16 EOT,Adverse Events,1,2025-09-14
TF-201-137-015,137,6,Week 16 EOT,End of Treatment,1,2025-09-06
TF-201-137-016,137,1,Screening,Demographics,1,2026-06-15
TF-201-137-016,137,1,Screening,Inclusion/Exclusion,1,2026-06-06
TF-201-137-016,137,1,Screening,Medical History,1,2026-06-10
TF-201-137-016,137,1,Screening,Informed Consent,1,2026-06-07
TF-201-137-016,137,1,Screening,Laboratory,1,2026-06-06
TF-201-137-017,137,1,Screening,Demographics,1,2025-04-30
TF-201-137-017,137,1,Screening,Inclusion/Exclusion,1,2025-05-02
TF-201-137-017,137,1,Screening,Medical History,1,2025-04-26
TF-201-137-017,137,1,Screening,Informed Consent,1,2025-05-01
TF-201-137-017,137,1,Screening,Laboratory,1,2025-05-01
TF-201-137-017,137,2,Baseline,Vital Signs,1,2025-05-23
TF-201-137-017,137,2,Baseline,PASI Score,1,2025-06-01
TF-201-137-017,137,2,Baseline,Laboratory,1,2025-06-02
TF-201-137-017,137,2,Baseline,Randomisation,1,2025-06-01
TF-201-137-017,137,3,Week 4,Vital Signs,1,2025-06-26
TF-201-137-017,137,3,Week 4,PASI Score,1,2025-06-20
TF-201-137-017,137,3,Week 4,Adverse Events,1,2025-06-25
TF-201-137-017,137,4,Week 8,Vital Signs,1,2025-07-22
TF-201-137-017,137,4,Week 8,PASI Score,1,2025-07-19
TF-201-137-017,137,4,Week 8,Laboratory,1,2025-07-19
TF-201-137-017,137,4,Week 8,Adverse Events,1,2025-07-20
TF-201-137-017,137,5,Week 12,Vital Signs,1,2025-08-17
TF-201-137-017,137,5,Week 12,PASI Score,1,2025-08-14
TF-201-137-017,137,5,Week 12,Adverse Events,1,2025-08-16
TF-201-137-017,137,6,Week 16 EOT,Vital Signs,1,2025-09-24
TF-201-137-017,137,6,Week 16 EOT,PASI Score,1,2025-09-23
TF-201-137-017,137,6,Week 16 EOT,Laboratory,1,2025-09-18
TF-201-137-017,137,6,Week 16 EOT,Adverse Events,1,2025-09-21
TF-201-137-017,137,6,Week 16 EOT,End of Treatment,1,2025-09-21
TF-201-137-018,137,1,Screening,Demographics,0,
TF-201-137-018,137,1,Screening,Inclusion/Exclusion,1,2025-08-29
TF-201-137-018,137,1,Screening,Medical History,1,2025-09-07
TF-201-137-018,137,1,Screening,Informed Consent,1,2025-08-30
TF-201-137-018,137,1,Screening,Laboratory,1,2025-09-03
TF-201-137-018,137,2,Baseline,Vital Signs,1,2025-09-24
TF-201-137-018,137,2,Baseline,PASI Score,1,2025-09-22
TF-201-137-018,137,2,Baseline,Laboratory,1,2025-09-23
TF-201-137-018,137,2,Baseline,Randomisation,1,2025-09-26
TF-201-137-018,137,3,Week 4,Vital Signs,1,2025-10-25
TF-201-137-018,137,3,Week 4,PASI Score,1,2025-10-16
TF-201-137-018,137,3,Week 4,Adverse Events,1,2025-10-20
TF-201-137-018,137,4,Week 8,Vital Signs,1,2025-11-17
TF-201-137-018,137,4,Week 8,PASI Score,1,2025-11-16
TF-201-137-018,137,4,Week 8,Laboratory,1,2025-11-21
TF-201-137-018,137,4,Week 8,Adverse Events,1,2025-11-20
TF-201-137-018,137,5,Week 12,Vital Signs,1,2025-12-14
TF-201-137-018,137,5,Week 12,PASI Score,1,2025-12-10
TF-201-137-018,137,5,Week 12,Adverse Events,1,2025-12-16
TF-201-137-018,137,6,Week 16 EOT,Vital Signs,1,2026-01-15
TF-201-137-018,137,6,Week 16 EOT,PASI Score,1,2026-01-10
TF-201-137-018,137,6,Week 16 EOT,Laboratory,1,2026-01-10
TF-201-137-018,137,6,Week 16 EOT,Adverse Events,1,2026-01-10
TF-201-137-018,137,6,Week 16 EOT,End of Treatment,1,2026-01-20
TF-201-137-019,137,1,Screening,Demographics,1,2026-01-25
TF-201-137-019,137,1,Screening,Inclusion/Exclusion,1,2026-01-19
TF-201-137-019,137,1,Screening,Medical History,1,2026-01-23
TF-201-137-019,137,1,Screening,Informed Consent,1,2026-01-25
TF-201-137-019,137,1,Screening,Laboratory,1,2026-01-23
TF-201-137-019,137,2,Baseline,Vital Signs,1,2026-02-14
TF-201-137-019,137,2,Baseline,PASI Score,1,2026-02-04
TF-201-137-019,137,2,Baseline,Laboratory,1,2026-02-06
TF-201-137-019,137,2,Baseline,Randomisation,1,2026-02-13
TF-201-137-019,137,3,Week 4,Vital Signs,1,2026-03-05
TF-201-137-019,137,3,Week 4,PASI Score,1,2026-03-09
TF-201-137-019,137,3,Week 4,Adverse Events,1,2026-03-03
TF-201-137-019,137,4,Week 8,Vital Signs,1,2026-04-01
TF-201-137-019,137,4,Week 8,PASI Score,1,2026-04-01
TF-201-137-019,137,4,Week 8,Laboratory,1,2026-04-10
TF-201-137-019,137,4,Week 8,Adverse Events,1,2026-04-01
TF-201-137-019,137,5,Week 12,Vital Signs,1,2026-05-08
TF-201-137-019,137,5,Week 12,PASI Score,1,2026-05-02
TF-201-137-019,137,5,Week 12,Adverse Events,1,2026-05-11
TF-201-137-019,137,6,Week 16 EOT,Vital Signs,1,2026-06-10
TF-201-137-019,137,6,Week 16 EOT,PASI Score,1,2026-05-31
TF-201-137-019,137,6,Week 16 EOT,Laboratory,1,2026-06-01
TF-201-137-019,137,6,Week 16 EOT,Adverse Events,1,2026-06-02
TF-201-137-019,137,6,Week 16 EOT,End of Treatment,1,2026-06-03
TF-201-137-020,137,1,Screening,Demographics,1,2025-12-02
TF-201-137-020,137,1,Screening,Inclusion/Exclusion,1,2025-12-08
TF-201-137-020,137,1,Screening,Medical History,1,2025-12-07
TF-201-137-020,137,1,Screening,Informed Consent,1,2025-12-03
TF-201-137-020,137,1,Screening,Laboratory,1,2025-12-08
TF-201-137-020,137,2,Baseline,Vital Signs,1,2025-12-27
TF-201-137-020,137,2,Baseline,PASI Score,1,2025-12-21
TF-201-137-020,137,2,Baseline,Laboratory,1,2025-12-22
TF-201-137-020,137,2,Baseline,Randomisation,1,2025-12-26
TF-201-137-020,137,3,Week 4,Vital Signs,1,2026-01-21
TF-201-137-020,137,3,Week 4,PASI Score,1,2026-01-20
TF-201-137-020,137,3,Week 4,Adverse Events,1,2026-01-18
TF-201-137-020,137,4,Week 8,Vital Signs,1,2026-02-14
TF-201-137-020,137,4,Week 8,PASI Score,1,2026-02-15
TF-201-137-020,137,4,Week 8,Laboratory,1,2026-02-15
TF-201-137-020,137,4,Week 8,Adverse Events,1,2026-02-22
TF-201-137-020,137,5,Week 12,Vital Signs,1,2026-03-14
TF-201-137-020,137,5,Week 12,PASI Score,1,2026-03-11
TF-201-137-020,137,5,Week 12,Adverse Events,1,2026-03-13
TF-201-137-020,137,6,Week 16 EOT,Vital Signs,1,2026-04-07
TF-201-137-020,137,6,Week 16 EOT,PASI Score,1,2026-04-18
TF-201-137-020,137,6,Week 16 EOT,Laboratory,1,2026-04-16
TF-201-137-020,137,6,Week 16 EOT,Adverse Events,1,2026-04-16
TF-201-137-020,137,6,Week 16 EOT,End of Treatment,1,2026-04-16
TF-201-137-021,137,1,Screening,Demographics,1,2025-07-08
TF-201-137-021,137,1,Screening,Inclusion/Exclusion,1,2025-07-10
TF-201-137-021,137,1,Screening,Medical History,1,2025-07-07
TF-201-137-021,137,1,Screening,Informed Consent,1,2025-07-08
TF-201-137-021,137,1,Screening,Laboratory,1,2025-07-13
TF-201-137-021,137,2,Baseline,Vital Signs,1,2025-08-25
TF-201-137-021,137,2,Baseline,PASI Score,1,2025-08-25
TF-201-137-021,137,2,Baseline,Laboratory,1,2025-08-26
TF-201-137-021,137,2,Baseline,Randomisation,1,2025-08-26
TF-201-137-021,137,3,Week 4,Vital Signs,1,2025-09-20
TF-201-137-021,137,3,Week 4,PASI Score,1,2025-09-16
TF-201-137-021,137,3,Week 4,Adverse Events,1,2025-09-14
TF-201-137-021,137,4,Week 8,Vital Signs,1,2025-10-13
TF-201-137-021,137,4,Week 8,PASI Score,1,2025-10-12
TF-201-137-021,137,4,Week 8,Laboratory,1,2025-10-18
TF-201-137-021,137,4,Week 8,Adverse Events,1,2025-10-23
TF-201-137-021,137,5,Week 12,Vital Signs,1,2025-11-15
TF-201-137-021,137,5,Week 12,PASI Score,1,2025-11-17
TF-201-137-021,137,5,Week 12,Adverse Events,1,2025-11-20
TF-201-137-021,137,6,Week 16 EOT,Vital Signs,1,2025-12-07
TF-201-137-021,137,6,Week 16 EOT,PASI Score,1,2025-12-09
TF-201-137-021,137,6,Week 16 EOT,Laboratory,1,2025-12-03
TF-201-137-021,137,6,Week 16 EOT,Adverse Events,1,2025-12-04
TF-201-137-021,137,6,Week 16 EOT,End of Treatment,1,2025-12-04
TF-201-138-001,138,1,Screening,Demographics,1,2025-09-03
TF-201-138-001,138,1,Screening,Inclusion/Exclusion,1,2025-08-30
TF-201-138-001,138,1,Screening,Medical History,1,2025-08-27
TF-201-138-001,138,1,Screening,Informed Consent,1,2025-09-03
TF-201-138-001,138,1,Screening,Laboratory,1,2025-08-24
TF-201-138-001,138,2,Baseline,Vital Signs,1,2025-10-04
TF-201-138-001,138,2,Baseline,PASI Score,1,2025-09-30
TF-201-138-001,138,2,Baseline,Laboratory,1,2025-10-08
TF-201-138-001,138,2,Baseline,Randomisation,1,2025-10-03
TF-201-138-001,138,3,Week 4,Vital Signs,1,2025-11-01
TF-201-138-001,138,3,Week 4,PASI Score,1,2025-11-03
TF-201-138-001,138,3,Week 4,Adverse Events,1,2025-11-06
TF-201-138-001,138,4,Week 8,Vital Signs,1,2025-12-03
TF-201-138-001,138,4,Week 8,PASI Score,1,2025-11-30
TF-201-138-001,138,4,Week 8,Laboratory,1,2025-11-28
TF-201-138-001,138,4,Week 8,Adverse Events,1,2025-12-01
TF-201-138-001,138,5,Week 12,Vital Signs,1,2026-01-02
TF-201-138-001,138,5,Week 12,PASI Score,1,2026-01-07
TF-201-138-001,138,5,Week 12,Adverse Events,1,2026-01-06
TF-201-138-001,138,6,Week 16 EOT,Vital Signs,1,2026-01-20
TF-201-138-001,138,6,Week 16 EOT,PASI Score,1,2026-01-14
TF-201-138-001,138,6,Week 16 EOT,Laboratory,1,2026-01-12
TF-201-138-001,138,6,Week 16 EOT,Adverse Events,1,2026-01-21
TF-201-138-001,138,6,Week 16 EOT,End of Treatment,1,2026-01-18
TF-201-138-002,138,1,Screening,Demographics,1,2025-12-14
TF-201-138-002,138,1,Screening,Inclusion/Exclusion,1,2025-12-07
TF-201-138-002,138,1,Screening,Medical History,1,2025-12-06
TF-201-138-002,138,1,Screening,Informed Consent,1,2025-12-05
TF-201-138-002,138,1,Screening,Laboratory,1,2025-12-07
TF-201-138-002,138,2,Baseline,Vital Signs,1,2026-01-07
TF-201-138-002,138,2,Baseline,PASI Score,1,2026-01-11
TF-201-138-002,138,2,Baseline,Laboratory,1,2026-01-14
TF-201-138-002,138,2,Baseline,Randomisation,1,2026-01-11
TF-201-138-002,138,3,Week 4,Vital Signs,1,2026-02-13
TF-201-138-002,138,3,Week 4,PASI Score,1,2026-02-14
TF-201-138-002,138,3,Week 4,Adverse Events,1,2026-02-08
TF-201-138-002,138,4,Week 8,Vital Signs,1,2026-03-05
TF-201-138-002,138,4,Week 8,PASI Score,1,2026-03-10
TF-201-138-002,138,4,Week 8,Laboratory,1,2026-03-03
TF-201-138-002,138,4,Week 8,Adverse Events,1,2026-03-08
TF-201-138-002,138,5,Week 12,Vital Signs,1,2026-04-03
TF-201-138-002,138,5,Week 12,PASI Score,1,2026-03-31
TF-201-138-002,138,5,Week 12,Adverse Events,1,2026-04-10
TF-201-138-002,138,6,Week 16 EOT,Vital Signs,1,2026-04-30
TF-201-138-002,138,6,Week 16 EOT,PASI Score,1,2026-05-07
TF-201-138-002,138,6,Week 16 EOT,Laboratory,1,2026-05-04
TF-201-138-002,138,6,Week 16 EOT,Adverse Events,1,2026-04-30
TF-201-138-002,138,6,Week 16 EOT,End of Treatment,1,2026-05-04
TF-201-138-003,138,1,Screening,Demographics,1,2026-05-03
TF-201-138-003,138,1,Screening,Inclusion/Exclusion,0,
TF-201-138-003,138,1,Screening,Medical History,1,2026-05-08
TF-201-138-003,138,1,Screening,Informed Consent,1,2026-04-30
TF-201-138-003,138,1,Screening,Laboratory,1,2026-05-03
TF-201-138-003,138,2,Baseline,Vital Signs,1,2026-05-23
TF-201-138-003,138,2,Baseline,PASI Score,1,2026-05-25
TF-201-138-003,138,2,Baseline,Laboratory,1,2026-05-20
TF-201-138-003,138,2,Baseline,Randomisation,1,2026-05-14
TF-201-138-003,138,3,Week 4,Vital Signs,1,2026-06-20
TF-201-138-003,138,3,Week 4,PASI Score,1,2026-06-09
TF-201-138-003,138,3,Week 4,Adverse Events,1,2026-06-11
TF-201-138-003,138,4,Week 8,Vital Signs,0,
TF-201-138-003,138,4,Week 8,PASI Score,1,2026-07-17
TF-201-138-003,138,4,Week 8,Laboratory,1,2026-07-07
TF-201-138-003,138,4,Week 8,Adverse Events,1,2026-07-15
TF-201-138-003,138,5,Week 12,Vital Signs,1,2026-08-11
TF-201-138-003,138,5,Week 12,PASI Score,1,2026-08-01
TF-201-138-003,138,5,Week 12,Adverse Events,1,2026-08-07
TF-201-138-003,138,6,Week 16 EOT,Vital Signs,1,2026-09-10
TF-201-138-003,138,6,Week 16 EOT,PASI Score,1,2026-09-20
TF-201-138-003,138,6,Week 16 EOT,Laboratory,1,2026-09-19
TF-201-138-003,138,6,Week 16 EOT,Adverse Events,1,2026-09-12
TF-201-138-003,138,6,Week 16 EOT,End of Treatment,1,2026-09-12
TF-201-138-004,138,1,Screening,Demographics,1,2025-09-16
TF-201-138-004,138,1,Screening,Inclusion/Exclusion,1,2025-09-23
TF-201-138-004,138,1,Screening,Medical History,1,2025-09-19
TF-201-138-004,138,1,Screening,Informed Consent,1,2025-09-23
TF-201-138-004,138,1,Screening,Laboratory,1,2025-09-18
TF-201-138-004,138,2,Baseline,Vital Signs,1,2025-10-21
TF-201-138-004,138,2,Baseline,PASI Score,1,2025-10-24
TF-201-138-004,138,2,Baseline,Laboratory,1,2025-10-20
TF-201-138-004,138,2,Baseline,Randomisation,1,2025-10-23
TF-201-138-004,138,3,Week 4,Vital Signs,1,2025-11-20
TF-201-138-004,138,3,Week 4,PASI Score,1,2025-11-21
TF-201-138-004,138,3,Week 4,Adverse Events,1,2025-11-17
TF-201-138-004,138,4,Week 8,Vital Signs,1,2025-12-22
TF-201-138-004,138,4,Week 8,PASI Score,1,2025-12-12
TF-201-138-004,138,4,Week 8,Laboratory,1,2025-12-20
TF-201-138-004,138,4,Week 8,Adverse Events,1,2025-12-19
TF-201-138-004,138,6,Week 16 EOT,Vital Signs,1,2026-02-11
TF-201-138-004,138,6,Week 16 EOT,PASI Score,1,2026-02-01
TF-201-138-004,138,6,Week 16 EOT,Laboratory,1,2026-02-03
TF-201-138-004,138,6,Week 16 EOT,Adverse Events,1,2026-02-01
TF-201-138-004,138,6,Week 16 EOT,End of Treatment,1,2026-02-02
TF-201-138-005,138,1,Screening,Demographics,1,2026-03-20
TF-201-138-005,138,1,Screening,Inclusion/Exclusion,1,2026-03-12
TF-201-138-005,138,1,Screening,Medical History,1,2026-03-18
TF-201-138-005,138,1,Screening,Informed Consent,1,2026-03-23
TF-201-138-005,138,1,Screening,Laboratory,1,2026-03-12
TF-201-138-005,138,2,Baseline,Vital Signs,1,2026-04-05
TF-201-138-005,138,2,Baseline,PASI Score,1,2026-04-09
TF-201-138-005,138,2,Baseline,Laboratory,1,2026-03-31
TF-201-138-005,138,2,Baseline,Randomisation,1,2026-04-08
TF-201-138-005,138,3,Week 4,Vital Signs,1,2026-05-02
TF-201-138-005,138,3,Week 4,PASI Score,1,2026-04-30
TF-201-138-005,138,3,Week 4,Adverse Events,1,2026-05-06
TF-201-138-005,138,4,Week 8,Vital Signs,0,
TF-201-138-005,138,4,Week 8,PASI Score,1,2026-06-04
TF-201-138-005,138,4,Week 8,Laboratory,1,2026-06-01
TF-201-138-005,138,4,Week 8,Adverse Events,1,2026-06-02
TF-201-138-005,138,5,Week 12,Vital Signs,1,2026-07-01
TF-201-138-005,138,5,Week 12,PASI Score,1,2026-06-25
TF-201-138-005,138,5,Week 12,Adverse Events,1,2026-06-30
TF-201-138-005,138,6,Week 16 EOT,Vital Signs,1,2026-07-20
TF-201-138-005,138,6,Week 16 EOT,PASI Score,1,2026-07-16
TF-201-138-005,138,6,Week 16 EOT,Laboratory,1,2026-07-16
TF-201-138-005,138,6,Week 16 EOT,Adverse Events,1,2026-07-16
TF-201-138-005,138,6,Week 16 EOT,End of Treatment,1,2026-07-22
TF-201-138-006,138,1,Screening,Demographics,1,2026-01-27
TF-201-138-006,138,1,Screening,Inclusion/Exclusion,1,2026-01-31
TF-201-138-006,138,1,Screening,Medical History,1,2026-01-31
TF-201-138-006,138,1,Screening,Informed Consent,1,2026-01-28
TF-201-138-006,138,1,Screening,Laboratory,1,2026-01-25
TF-201-138-006,138,2,Baseline,Vital Signs,1,2026-02-15
TF-201-138-006,138,2,Baseline,PASI Score,1,2026-02-16
TF-201-138-006,138,2,Baseline,Laboratory,1,2026-02-19
TF-201-138-006,138,2,Baseline,Randomisation,1,2026-02-16
TF-201-138-006,138,3,Week 4,Vital Signs,1,2026-03-14
TF-201-138-006,138,3,Week 4,PASI Score,1,2026-03-12
TF-201-138-006,138,3,Week 4,Adverse Events,1,2026-03-20
TF-201-138-006,138,4,Week 8,Vital Signs,1,2026-04-12
TF-201-138-006,138,4,Week 8,PASI Score,1,2026-04-16
TF-201-138-006,138,4,Week 8,Laboratory,1,2026-04-08
TF-201-138-006,138,4,Week 8,Adverse Events,1,2026-04-15
TF-201-138-006,138,5,Week 12,Vital Signs,1,2026-05-08
TF-201-138-006,138,5,Week 12,PASI Score,1,2026-05-16
TF-201-138-006,138,5,Week 12,Adverse Events,1,2026-05-08
TF-201-138-006,138,6,Week 16 EOT,Vital Signs,1,2026-06-04
TF-201-138-006,138,6,Week 16 EOT,PASI Score,0,
TF-201-138-006,138,6,Week 16 EOT,Laboratory,1,2026-06-08
TF-201-138-006,138,6,Week 16 EOT,Adverse Events,1,2026-06-04
TF-201-138-006,138,6,Week 16 EOT,End of Treatment,1,2026-06-09
TF-201-138-007,138,1,Screening,Demographics,0,
TF-201-138-007,138,1,Screening,Inclusion/Exclusion,1,2026-03-01
TF-201-138-007,138,1,Screening,Medical History,1,2026-02-27
TF-201-138-007,138,1,Screening,Informed Consent,1,2026-03-06
TF-201-138-007,138,1,Screening,Laboratory,1,2026-02-27
TF-201-138-007,138,2,Baseline,Vital Signs,1,2026-04-06
TF-201-138-007,138,2,Baseline,PASI Score,1,2026-04-07
TF-201-138-007,138,2,Baseline,Laboratory,1,2026-04-12
TF-201-138-007,138,2,Baseline,Randomisation,1,2026-04-06
TF-201-138-007,138,3,Week 4,Vital Signs,1,2026-05-08
TF-201-138-007,138,3,Week 4,PASI Score,1,2026-05-15
TF-201-138-007,138,3,Week 4,Adverse Events,1,2026-05-16
TF-201-138-007,138,4,Week 8,Vital Signs,1,2026-06-04
TF-201-138-007,138,4,Week 8,PASI Score,1,2026-06-08
TF-201-138-007,138,4,Week 8,Laboratory,1,2026-06-05
TF-201-138-007,138,4,Week 8,Adverse Events,1,2026-05-31
TF-201-138-007,138,5,Week 12,Vital Signs,1,2026-07-05
TF-201-138-007,138,5,Week 12,PASI Score,0,
TF-201-138-007,138,5,Week 12,Adverse Events,1,2026-07-04
TF-201-138-007,138,6,Week 16 EOT,Vital Signs,1,2026-08-02
TF-201-138-007,138,6,Week 16 EOT,PASI Score,1,2026-08-08
TF-201-138-007,138,6,Week 16 EOT,Laboratory,1,2026-07-31
TF-201-138-007,138,6,Week 16 EOT,Adverse Events,1,2026-08-02
TF-201-138-007,138,6,Week 16 EOT,End of Treatment,1,2026-08-05
TF-201-138-008,138,1,Screening,Demographics,1,2026-06-14
TF-201-138-008,138,1,Screening,Inclusion/Exclusion,1,2026-06-17
TF-201-138-008,138,1,Screening,Medical History,1,2026-06-22
TF-201-138-008,138,1,Screening,Informed Consent,1,2026-06-18
TF-201-138-008,138,1,Screening,Laboratory,1,2026-06-23
TF-201-138-008,138,2,Baseline,Vital Signs,1,2026-07-13
TF-201-138-008,138,2,Baseline,PASI Score,1,2026-07-19
TF-201-138-008,138,2,Baseline,Laboratory,1,2026-07-16
TF-201-138-008,138,2,Baseline,Randomisation,1,2026-07-12
TF-201-138-008,138,3,Week 4,Vital Signs,1,2026-08-17
TF-201-138-008,138,3,Week 4,PASI Score,1,2026-08-13
TF-201-138-008,138,3,Week 4,Adverse Events,1,2026-08-18
TF-201-138-008,138,4,Week 8,Vital Signs,1,2026-09-07
TF-201-138-008,138,4,Week 8,PASI Score,1,2026-09-03
TF-201-138-008,138,4,Week 8,Laboratory,1,2026-09-03
TF-201-138-008,138,4,Week 8,Adverse Events,1,2026-09-10
TF-201-138-009,138,1,Screening,Demographics,1,2025-11-07
TF-201-138-009,138,1,Screening,Inclusion/Exclusion,1,2025-11-05
TF-201-138-009,138,1,Screening,Medical History,1,2025-11-09
TF-201-138-009,138,1,Screening,Informed Consent,1,2025-11-01
TF-201-138-009,138,1,Screening,Laboratory,1,2025-11-09
TF-201-138-009,138,2,Baseline,Vital Signs,1,2025-12-06
TF-201-138-009,138,2,Baseline,PASI Score,1,2025-11-29
TF-201-138-009,138,2,Baseline,Laboratory,1,2025-12-02
TF-201-138-009,138,2,Baseline,Randomisation,1,2025-12-10
TF-201-138-009,138,3,Week 4,Vital Signs,1,2025-12-24
TF-201-138-009,138,3,Week 4,PASI Score,1,2025-12-30
TF-201-138-009,138,3,Week 4,Adverse Events,1,2026-01-02
TF-201-138-009,138,4,Week 8,Vital Signs,1,2026-02-02
TF-201-138-009,138,4,Week 8,PASI Score,1,2026-01-30
TF-201-138-009,138,4,Week 8,Laboratory,1,2026-01-29
TF-201-138-009,138,4,Week 8,Adverse Events,1,2026-01-31
TF-201-138-009,138,5,Week 12,Vital Signs,1,2026-02-26
TF-201-138-009,138,5,Week 12,PASI Score,1,2026-02-24
TF-201-138-009,138,5,Week 12,Adverse Events,1,2026-02-21
TF-201-138-009,138,6,Week 16 EOT,Vital Signs,1,2026-03-29
TF-201-138-009,138,6,Week 16 EOT,PASI Score,1,2026-04-04
TF-201-138-009,138,6,Week 16 EOT,Laboratory,1,2026-03-27
TF-201-138-009,138,6,Week 16 EOT,Adverse Events,1,2026-03-25
TF-201-138-009,138,6,Week 16 EOT,End of Treatment,1,2026-04-01
TF-201-138-010,138,1,Screening,Demographics,1,2025-09-01
TF-201-138-010,138,1,Screening,Inclusion/Exclusion,1,2025-09-02
TF-201-138-010,138,1,Screening,Medical History,1,2025-08-31
TF-201-138-010,138,1,Screening,Informed Consent,1,2025-09-05
TF-201-138-010,138,1,Screening,Laboratory,1,2025-09-07
TF-201-138-010,138,2,Baseline,Vital Signs,1,2025-10-06
TF-201-138-010,138,2,Baseline,PASI Score,1,2025-10-06
TF-201-138-010,138,2,Baseline,Laboratory,1,2025-10-06
TF-201-138-010,138,2,Baseline,Randomisation,1,2025-09-27
TF-201-138-010,138,3,Week 4,Vital Signs,1,2025-10-24
TF-201-138-010,138,3,Week 4,PASI Score,1,2025-11-01
TF-201-138-010,138,3,Week 4,Adverse Events,1,2025-10-21
TF-201-138-010,138,4,Week 8,Vital Signs,1,2025-11-28
TF-201-138-010,138,4,Week 8,PASI Score,1,2025-12-01
TF-201-138-010,138,4,Week 8,Laboratory,1,2025-11-26
TF-201-138-010,138,4,Week 8,Adverse Events,1,2025-12-03
TF-201-138-010,138,5,Week 12,Vital Signs,1,2025-12-26
TF-201-138-010,138,5,Week 12,PASI Score,1,2025-12-21
TF-201-138-010,138,5,Week 12,Adverse Events,1,2025-12-21
TF-201-138-010,138,6,Week 16 EOT,Vital Signs,1,2026-01-22
TF-201-138-010,138,6,Week 16 EOT,PASI Score,1,2026-01-24
TF-201-138-010,138,6,Week 16 EOT,Laboratory,1,2026-01-19
TF-201-138-010,138,6,Week 16 EOT,Adverse Events,1,2026-01-21
TF-201-138-010,138,6,Week 16 EOT,End of Treatment,1,2026-01-28
TF-201-138-011,138,1,Screening,Demographics,1,2025-08-05
TF-201-138-011,138,1,Screening,Inclusion/Exclusion,1,2025-08-10
TF-201-138-011,138,1,Screening,Medical History,1,2025-08-08
TF-201-138-011,138,1,Screening,Informed Consent,1,2025-08-01
TF-201-138-011,138,1,Screening,Laboratory,1,2025-08-04
TF-201-138-011,138,2,Baseline,Vital Signs,1,2025-08-21
TF-201-138-011,138,2,Baseline,PASI Score,1,2025-08-20
TF-201-138-011,138,2,Baseline,Laboratory,1,2025-08-17
TF-201-138-011,138,2,Baseline,Randomisation,1,2025-08-27
TF-201-138-011,138,3,Week 4,Vital Signs,1,2025-09-15
TF-201-138-011,138,3,Week 4,PASI Score,1,2025-09-13
TF-201-138-011,138,3,Week 4,Adverse Events,1,2025-09-10
TF-201-138-011,138,5,Week 12,Vital Signs,1,2025-11-18
TF-201-138-011,138,5,Week 12,PASI Score,1,2025-11-17
TF-201-138-011,138,5,Week 12,Adverse Events,1,2025-11-11
TF-201-138-011,138,6,Week 16 EOT,Vital Signs,1,2025-12-09
TF-201-138-011,138,6,Week 16 EOT,PASI Score,1,2025-12-08
TF-201-138-011,138,6,Week 16 EOT,Laboratory,1,2025-12-15
TF-201-138-011,138,6,Week 16 EOT,Adverse Events,1,2025-12-09
TF-201-138-011,138,6,Week 16 EOT,End of Treatment,1,2025-12-14
TF-201-138-012,138,1,Screening,Demographics,1,2025-11-20
TF-201-138-012,138,1,Screening,Inclusion/Exclusion,1,2025-12-01
TF-201-138-012,138,1,Screening,Medical History,1,2025-11-29
TF-201-138-012,138,1,Screening,Informed Consent,1,2025-11-27
TF-201-138-012,138,1,Screening,Laboratory,1,2025-11-22
TF-201-138-012,138,2,Baseline,Vital Signs,1,2025-12-15
TF-201-138-012,138,2,Baseline,PASI Score,1,2025-12-08
TF-201-138-012,138,2,Baseline,Laboratory,1,2025-12-16
TF-201-138-012,138,2,Baseline,Randomisation,1,2025-12-13
TF-201-138-012,138,3,Week 4,Vital Signs,1,2026-01-03
TF-201-138-012,138,3,Week 4,PASI Score,1,2026-01-11
TF-201-138-012,138,3,Week 4,Adverse Events,1,2026-01-12
TF-201-138-012,138,4,Week 8,Vital Signs,1,2026-02-11
TF-201-138-012,138,4,Week 8,PASI Score,1,2026-02-11
TF-201-138-012,138,4,Week 8,Laboratory,1,2026-02-03
TF-201-138-012,138,4,Week 8,Adverse Events,1,2026-02-12
TF-201-138-012,138,5,Week 12,Vital Signs,1,2026-03-12
TF-201-138-012,138,5,Week 12,PASI Score,1,2026-03-07
TF-201-138-012,138,5,Week 12,Adverse Events,1,2026-03-02
TF-201-138-012,138,6,Week 16 EOT,Vital Signs,1,2026-04-04
TF-201-138-012,138,6,Week 16 EOT,PASI Score,1,2026-04-04
TF-201-138-012,138,6,Week 16 EOT,Laboratory,1,2026-04-01
TF-201-138-012,138,6,Week 16 EOT,Adverse Events,1,2026-04-03
TF-201-138-012,138,6,Week 16 EOT,End of Treatment,1,2026-03-31
TF-201-138-013,138,1,Screening,Demographics,1,2025-05-08
TF-201-138-013,138,1,Screening,Inclusion/Exclusion,1,2025-05-15
TF-201-138-013,138,1,Screening,Medical History,1,2025-05-07
TF-201-138-013,138,1,Screening,Informed Consent,1,2025-05-16
TF-201-138-013,138,1,Screening,Laboratory,1,2025-05-14
TF-201-138-013,138,2,Baseline,Vital Signs,1,2025-05-29
TF-201-138-013,138,2,Baseline,PASI Score,1,2025-05-30
TF-201-138-013,138,2,Baseline,Laboratory,1,2025-06-03
TF-201-138-013,138,2,Baseline,Randomisation,1,2025-05-28
TF-201-138-013,138,3,Week 4,Vital Signs,1,2025-06-23
TF-201-138-013,138,3,Week 4,PASI Score,1,2025-06-28
TF-201-138-013,138,3,Week 4,Adverse Events,1,2025-06-21
TF-201-138-013,138,4,Week 8,Vital Signs,1,2025-08-02
TF-201-138-013,138,4,Week 8,PASI Score,1,2025-07-29
TF-201-138-013,138,4,Week 8,Laboratory,1,2025-08-03
TF-201-138-013,138,4,Week 8,Adverse Events,1,2025-07-28
TF-201-138-013,138,5,Week 12,Vital Signs,1,2025-08-28
TF-201-138-013,138,5,Week 12,PASI Score,1,2025-08-22
TF-201-138-013,138,5,Week 12,Adverse Events,1,2025-08-28
TF-201-138-013,138,6,Week 16 EOT,Vital Signs,1,2025-09-17
TF-201-138-013,138,6,Week 16 EOT,PASI Score,1,2025-09-18
TF-201-138-013,138,6,Week 16 EOT,Laboratory,1,2025-09-22
TF-201-138-013,138,6,Week 16 EOT,Adverse Events,1,2025-09-14
TF-201-138-013,138,6,Week 16 EOT,End of Treatment,1,2025-09-12
TF-201-138-014,138,1,Screening,Demographics,1,2025-06-16
TF-201-138-014,138,1,Screening,Inclusion/Exclusion,1,2025-06-17
TF-201-138-014,138,1,Screening,Medical History,1,2025-06-13
TF-201-138-014,138,1,Screening,Informed Consent,1,2025-06-17
TF-201-138-014,138,1,Screening,Laboratory,1,2025-06-18
TF-201-138-014,138,2,Baseline,Vital Signs,1,2025-07-07
TF-201-138-014,138,2,Baseline,PASI Score,1,2025-07-11
TF-201-138-014,138,2,Baseline,Laboratory,1,2025-07-13
TF-201-138-014,138,2,Baseline,Randomisation,1,2025-07-08
TF-201-138-014,138,3,Week 4,Vital Signs,1,2025-08-04
TF-201-138-014,138,3,Week 4,PASI Score,1,2025-08-10
TF-201-138-014,138,3,Week 4,Adverse Events,1,2025-08-07
TF-201-138-014,138,4,Week 8,Vital Signs,1,2025-08-31
TF-201-138-014,138,4,Week 8,PASI Score,1,2025-09-04
TF-201-138-014,138,4,Week 8,Laboratory,1,2025-09-02
TF-201-138-014,138,4,Week 8,Adverse Events,1,2025-09-02
TF-201-138-014,138,5,Week 12,Vital Signs,1,2025-09-23
TF-201-138-014,138,5,Week 12,PASI Score,1,2025-09-22
TF-201-138-014,138,5,Week 12,Adverse Events,1,2025-09-21
TF-201-138-014,138,6,Week 16 EOT,Vital Signs,1,2025-10-27
TF-201-138-014,138,6,Week 16 EOT,PASI Score,1,2025-10-27
TF-201-138-014,138,6,Week 16 EOT,Laboratory,0,
TF-201-138-014,138,6,Week 16 EOT,Adverse Events,1,2025-10-25
TF-201-138-014,138,6,Week 16 EOT,End of Treatment,1,2025-10-29
TF-201-138-015,138,1,Screening,Demographics,1,2026-05-28
TF-201-138-015,138,1,Screening,Inclusion/Exclusion,1,2026-05-25
TF-201-138-015,138,1,Screening,Medical History,1,2026-05-26
TF-201-138-015,138,1,Screening,Informed Consent,1,2026-05-21
TF-201-138-015,138,1,Screening,Laboratory,1,2026-05-24
TF-201-138-016,138,1,Screening,Demographics,1,2025-12-22
TF-201-138-016,138,1,Screening,Inclusion/Exclusion,1,2025-12-15
TF-201-138-016,138,1,Screening,Medical History,1,2025-12-17
TF-201-138-016,138,1,Screening,Informed Consent,1,2025-12-16
TF-201-138-016,138,1,Screening,Laboratory,1,2025-12-21
TF-201-138-016,138,2,Baseline,Vital Signs,1,2026-01-13
TF-201-138-016,138,2,Baseline,PASI Score,1,2026-01-23
TF-201-138-016,138,2,Baseline,Laboratory,0,
TF-201-138-016,138,2,Baseline,Randomisation,1,2026-01-12
TF-201-138-016,138,3,Week 4,Vital Signs,1,2026-02-15
TF-201-138-016,138,3,Week 4,PASI Score,1,2026-02-13
TF-201-138-016,138,3,Week 4,Adverse Events,1,2026-02-17
TF-201-138-016,138,4,Week 8,Vital Signs,1,2026-03-17
TF-201-138-016,138,4,Week 8,PASI Score,1,2026-03-12
TF-201-138-016,138,4,Week 8,Laboratory,1,2026-03-12
TF-201-138-016,138,4,Week 8,Adverse Events,1,2026-03-14
TF-201-138-016,138,5,Week 12,Vital Signs,1,2026-04-09
TF-201-138-016,138,5,Week 12,PASI Score,1,2026-04-18
TF-201-138-016,138,5,Week 12,Adverse Events,1,2026-04-10
TF-201-138-016,138,6,Week 16 EOT,Vital Signs,1,2026-05-07
TF-201-138-016,138,6,Week 16 EOT,PASI Score,1,2026-05-05
TF-201-138-016,138,6,Week 16 EOT,Laboratory,1,2026-05-05
TF-201-138-016,138,6,Week 16 EOT,Adverse Events,1,2026-05-08
TF-201-138-016,138,6,Week 16 EOT,End of Treatment,1,2026-05-09
TF-201-138-017,138,1,Screening,Demographics,1,2025-06-26
TF-201-138-017,138,1,Screening,Inclusion/Exclusion,1,2025-06-27
TF-201-138-017,138,1,Screening,Medical History,1,2025-06-28
TF-201-138-017,138,1,Screening,Informed Consent,1,2025-06-23
TF-201-138-017,138,1,Screening,Laboratory,1,2025-07-02
TF-201-138-017,138,2,Baseline,Vital Signs,1,2025-07-18
TF-201-138-017,138,2,Baseline,PASI Score,1,2025-07-19
TF-201-138-017,138,2,Baseline,Laboratory,1,2025-07-15
TF-201-138-017,138,2,Baseline,Randomisation,1,2025-07-25
TF-201-138-017,138,3,Week 4,Vital Signs,1,2025-08-13
TF-201-138-017,138,3,Week 4,PASI Score,1,2025-08-12
TF-201-138-017,138,3,Week 4,Adverse Events,1,2025-08-15
TF-201-138-017,138,4,Week 8,Vital Signs,1,2025-09-10
TF-201-138-017,138,4,Week 8,PASI Score,1,2025-09-09
TF-201-138-017,138,4,Week 8,Laboratory,1,2025-09-14
TF-201-138-017,138,4,Week 8,Adverse Events,1,2025-09-18
TF-201-138-017,138,5,Week 12,Vital Signs,1,2025-10-11
TF-201-138-017,138,5,Week 12,PASI Score,1,2025-10-04
TF-201-138-017,138,5,Week 12,Adverse Events,1,2025-10-01
TF-201-138-017,138,6,Week 16 EOT,Vital Signs,1,2025-11-03
TF-201-138-017,138,6,Week 16 EOT,PASI Score,1,2025-11-11
TF-201-138-017,138,6,Week 16 EOT,Laboratory,1,2025-11-09
TF-201-138-017,138,6,Week 16 EOT,Adverse Events,1,2025-11-07
TF-201-138-017,138,6,Week 16 EOT,End of Treatment,1,2025-11-06
TF-201-138-018,138,1,Screening,Demographics,1,2026-02-02
TF-201-138-018,138,1,Screening,Inclusion/Exclusion,1,2026-02-04
TF-201-138-018,138,1,Screening,Medical History,1,2026-02-07
TF-201-138-018,138,1,Screening,Informed Consent,1,2026-02-13
TF-201-138-018,138,1,Screening,Laboratory,1,2026-02-05
TF-201-138-018,138,2,Baseline,Vital Signs,1,2026-03-02
TF-201-138-018,138,2,Baseline,PASI Score,1,2026-03-02
TF-201-138-018,138,2,Baseline,Laboratory,1,2026-03-06
TF-201-138-018,138,2,Baseline,Randomisation,1,2026-03-09
TF-201-138-018,138,3,Week 4,Vital Signs,1,2026-04-01
TF-201-138-018,138,3,Week 4,PASI Score,1,2026-04-07
TF-201-138-018,138,3,Week 4,Adverse Events,1,2026-04-09
TF-201-138-018,138,4,Week 8,Vital Signs,1,2026-04-30
TF-201-138-018,138,4,Week 8,PASI Score,1,2026-05-09
TF-201-138-018,138,4,Week 8,Laboratory,1,2026-05-06
TF-201-138-018,138,4,Week 8,Adverse Events,1,2026-05-08
TF-201-138-018,138,5,Week 12,Vital Signs,1,2026-05-28
TF-201-138-018,138,5,Week 12,PASI Score,1,2026-05-28
TF-201-138-018,138,5,Week 12,Adverse Events,1,2026-05-25
TF-201-138-018,138,6,Week 16 EOT,Vital Signs,1,2026-06-25
TF-201-138-018,138,6,Week 16 EOT,PASI Score,1,2026-07-01
TF-201-138-018,138,6,Week 16 EOT,Laboratory,1,2026-07-03
TF-201-138-018,138,6,Week 16 EOT,Adverse Events,1,2026-06-25
TF-201-138-018,138,6,Week 16 EOT,End of Treatment,1,2026-07-02
TF-201-138-019,138,1,Screening,Demographics,1,2026-05-19
TF-201-138-019,138,1,Screening,Inclusion/Exclusion,1,2026-05-25
TF-201-138-019,138,1,Screening,Medical History,1,2026-05-22
TF-201-138-019,138,1,Screening,Informed Consent,1,2026-05-26
TF-201-138-019,138,1,Screening,Laboratory,1,2026-05-25
TF-201-138-019,138,2,Baseline,Vital Signs,1,2026-06-29
TF-201-138-019,138,2,Baseline,PASI Score,1,2026-06-26
TF-201-138-019,138,2,Baseline,Laboratory,1,2026-07-05
TF-201-138-019,138,2,Baseline,Randomisation,1,2026-07-05
TF-201-138-019,138,3,Week 4,Vital Signs,1,2026-07-24
TF-201-138-019,138,3,Week 4,PASI Score,1,2026-07-28
TF-201-138-019,138,3,Week 4,Adverse Events,1,2026-07-23
TF-201-138-019,138,4,Week 8,Vital Signs,1,2026-08-26
TF-201-138-019,138,4,Week 8,PASI Score,1,2026-08-21
TF-201-138-019,138,4,Week 8,Laboratory,1,2026-08-29
TF-201-138-019,138,4,Week 8,Adverse Events,1,2026-08-22
TF-201-138-020,138,1,Screening,Demographics,1,2025-12-21
TF-201-138-020,138,1,Screening,Inclusion/Exclusion,1,2025-12-25
TF-201-138-020,138,1,Screening,Medical History,1,2025-12-14
TF-201-138-020,138,1,Screening,Informed Consent,1,2025-12-17
TF-201-138-020,138,1,Screening,Laboratory,1,2025-12-25
TF-201-138-020,138,2,Baseline,Vital Signs,1,2026-01-29
TF-201-138-020,138,2,Baseline,PASI Score,1,2026-01-18
TF-201-138-020,138,2,Baseline,Laboratory,1,2026-01-29
TF-201-138-020,138,2,Baseline,Randomisation,1,2026-01-27
TF-201-138-020,138,3,Week 4,Vital Signs,1,2026-02-26
TF-201-138-020,138,3,Week 4,PASI Score,1,2026-02-27
TF-201-138-020,138,3,Week 4,Adverse Events,1,2026-03-06
TF-201-138-020,138,4,Week 8,Vital Signs,1,2026-03-13
TF-201-138-020,138,4,Week 8,PASI Score,1,2026-03-17
TF-201-138-020,138,4,Week 8,Laboratory,1,2026-03-22
TF-201-138-020,138,4,Week 8,Adverse Events,1,2026-03-17
TF-201-138-020,138,5,Week 12,Vital Signs,1,2026-04-17
TF-201-138-020,138,5,Week 12,PASI Score,1,2026-04-17
TF-201-138-020,138,5,Week 12,Adverse Events,1,2026-04-20
TF-201-138-020,138,6,Week 16 EOT,Vital Signs,1,2026-05-16
TF-201-138-020,138,6,Week 16 EOT,PASI Score,1,2026-05-15
TF-201-138-020,138,6,Week 16 EOT,Laboratory,1,2026-05-05
TF-201-138-020,138,6,Week 16 EOT,Adverse Events,1,2026-05-15
TF-201-138-020,138,6,Week 16 EOT,End of Treatment,0,
TF-201-138-021,138,1,Screening,Demographics,1,2026-01-02
TF-201-138-021,138,1,Screening,Inclusion/Exclusion,1,2026-01-03
TF-201-138-021,138,1,Screening,Medical History,1,2025-12-23
TF-201-138-021,138,1,Screening,Informed Consent,1,2025-12-25
TF-201-138-021,138,1,Screening,Laboratory,1,2025-12-25
TF-201-138-021,138,2,Baseline,Vital Signs,1,2026-02-09
TF-201-138-021,138,2,Baseline,PASI Score,1,2026-02-11
TF-201-138-021,138,2,Baseline,Laboratory,1,2026-02-04
TF-201-138-021,138,2,Baseline,Randomisation,1,2026-02-05
TF-201-138-021,138,3,Week 4,Vital Signs,1,2026-03-07
TF-201-138-021,138,3,Week 4,PASI Score,1,2026-03-10
TF-201-138-021,138,3,Week 4,Adverse Events,1,2026-03-16
TF-201-138-021,138,4,Week 8,Vital Signs,1,2026-04-01
TF-201-138-021,138,4,Week 8,PASI Score,1,2026-04-02
TF-201-138-021,138,4,Week 8,Laboratory,1,2026-04-04
TF-201-138-021,138,4,Week 8,Adverse Events,1,2026-04-08
TF-201-138-021,138,5,Week 12,Vital Signs,1,2026-05-04
TF-201-138-021,138,5,Week 12,PASI Score,1,2026-04-28
TF-201-138-021,138,5,Week 12,Adverse Events,1,2026-05-05
TF-201-138-021,138,6,Week 16 EOT,Vital Signs,1,2026-06-02
TF-201-138-021,138,6,Week 16 EOT,PASI Score,1,2026-05-28
TF-201-138-021,138,6,Week 16 EOT,Laboratory,1,2026-05-29
TF-201-138-021,138,6,Week 16 EOT,Adverse Events,1,2026-05-23
TF-201-138-021,138,6,Week 16 EOT,End of Treatment,0,
TF-201-138-022,138,1,Screening,Demographics,1,2025-06-05
TF-201-138-022,138,1,Screening,Inclusion/Exclusion,1,2025-05-31
TF-201-138-022,138,1,Screening,Medical History,1,2025-06-09
TF-201-138-022,138,1,Screening,Informed Consent,1,2025-05-31
TF-201-138-022,138,1,Screening,Laboratory,1,2025-06-09
TF-201-138-022,138,2,Baseline,Vital Signs,1,2025-06-18
TF-201-138-022,138,2,Baseline,PASI Score,1,2025-06-22
TF-201-138-022,138,2,Baseline,Laboratory,1,2025-06-18
TF-201-138-022,138,2,Baseline,Randomisation,1,2025-06-28
TF-201-138-022,138,3,Week 4,Vital Signs,1,2025-07-18
TF-201-138-022,138,3,Week 4,PASI Score,1,2025-07-22
TF-201-138-022,138,3,Week 4,Adverse Events,1,2025-07-19
TF-201-138-022,138,4,Week 8,Vital Signs,1,2025-08-16
TF-201-138-022,138,4,Week 8,PASI Score,1,2025-08-23
TF-201-138-022,138,4,Week 8,Laboratory,1,2025-08-19
TF-201-138-022,138,4,Week 8,Adverse Events,1,2025-08-23
TF-201-138-022,138,5,Week 12,Vital Signs,0,
TF-201-138-022,138,5,Week 12,PASI Score,1,2025-09-08
TF-201-138-022,138,5,Week 12,Adverse Events,1,2025-09-16
TF-201-138-022,138,6,Week 16 EOT,Vital Signs,1,2025-10-06
TF-201-138-022,138,6,Week 16 EOT,PASI Score,1,2025-10-04
TF-201-138-022,138,6,Week 16 EOT,Laboratory,1,2025-10-04
TF-201-138-022,138,6,Week 16 EOT,Adverse Events,1,2025-10-13
TF-201-138-022,138,6,Week 16 EOT,End of Treatment,1,2025-10-04
